# WaveFront *.obj file (generated by Autodesk ATF)

mtllib Deckel Pet Friedly.mtl

g Deckel Pet Friedly

v -52.599999 68.750000 51.000000
v -52.599999 64.250000 46.500000
v -53.599999 64.250000 46.500000
v -53.599999 68.750000 51.000000
v -1.000000 87.000001 46.500000
v -1.000000 1.000000 46.500000
v -57.000001 1.000000 46.500000
v -57.000001 87.000001 46.500000
v -53.599999 83.900000 46.500000
v -52.599999 83.900000 46.500000
v -52.599999 4.500000 46.500000
v -52.599999 24.150000 46.500000
v -53.599999 24.150000 46.500000
v -53.599999 4.500000 46.500000
v -51.599999 83.900000 46.500000
v -51.599999 64.250000 46.500000
v -50.599999 64.250000 46.500000
v -50.599999 83.900000 46.500000
v -50.599999 4.500000 46.500000
v -50.599999 24.150000 46.500000
v -51.599999 24.150000 46.500000
v -51.599999 4.500000 46.500000
v -49.599999 83.900000 46.500000
v -49.599999 64.250000 46.500000
v -48.599999 64.250000 46.500000
v -48.599999 83.900000 46.500000
v -48.599999 4.500000 46.500000
v -48.599999 24.150000 46.500000
v -49.599999 24.150000 46.500000
v -49.599999 4.500000 46.500000
v -47.599999 83.900000 46.500000
v -47.599999 64.250000 46.500000
v -46.599999 64.250000 46.500000
v -46.599999 83.900000 46.500000
v -46.599999 4.500000 46.500000
v -46.599999 24.150000 46.500000
v -47.599999 24.150000 46.500000
v -47.599999 4.500000 46.500000
v -45.599999 83.900000 46.500000
v -45.599999 64.250000 46.500000
v -44.599999 64.250000 46.500000
v -44.599999 83.900000 46.500000
v -44.599999 4.500000 46.500000
v -44.599999 24.150000 46.500000
v -45.599999 24.150000 46.500000
v -45.599999 4.500000 46.500000
v -43.599999 83.900000 46.500000
v -43.599999 64.250000 46.500000
v -42.599999 64.250000 46.500000
v -42.599999 83.900000 46.500000
v -42.599999 4.500000 46.500000
v -42.599999 24.150000 46.500000
v -43.599999 24.150000 46.500000
v -43.599999 4.500000 46.500000
v -41.599999 83.900000 46.500000
v -41.599999 64.250000 46.500000
v -40.599999 64.250000 46.500000
v -40.599999 83.900000 46.500000
v -40.599999 4.500000 46.500000
v -40.599999 24.150000 46.500000
v -41.599999 24.150000 46.500000
v -41.599999 4.500000 46.500000
v -39.599999 83.900000 46.500000
v -39.599999 64.250000 46.500000
v -38.599999 64.250000 46.500000
v -38.599999 83.900000 46.500000
v -38.599999 4.500000 46.500000
v -38.599999 24.150000 46.500000
v -39.599999 24.150000 46.500000
v -39.599999 4.500000 46.500000
v -37.599999 83.900000 46.500000
v -37.599999 64.250000 46.500000
v -36.599999 64.250000 46.500000
v -36.599999 83.900000 46.500000
v -36.599999 4.500000 46.500000
v -36.599999 24.150000 46.500000
v -37.599999 24.150000 46.500000
v -37.599999 4.500000 46.500000
v -35.599999 83.900000 46.500000
v -35.599999 64.250000 46.500000
v -34.599999 64.250000 46.500000
v -34.599999 83.900000 46.500000
v -34.599999 4.500000 46.500000
v -34.599999 24.150000 46.500000
v -35.599999 24.150000 46.500000
v -35.599999 4.500000 46.500000
v -33.599999 83.900000 46.500000
v -33.599999 64.250000 46.500000
v -32.599999 64.250000 46.500000
v -32.599999 83.900000 46.500000
v -32.599999 4.500000 46.500000
v -32.599999 24.150000 46.500000
v -33.599999 24.150000 46.500000
v -33.599999 4.500000 46.500000
v -31.599999 83.900000 46.500000
v -31.599999 64.250000 46.500000
v -30.599999 64.250000 46.500000
v -30.599999 83.900000 46.500000
v -30.599999 4.500000 46.500000
v -30.599999 24.150000 46.500000
v -31.599999 24.150000 46.500000
v -31.599999 4.500000 46.500000
v -29.599999 83.900000 46.500000
v -29.599999 64.250000 46.500000
v -28.599999 64.250000 46.500000
v -28.599999 83.900000 46.500000
v -28.599999 4.500000 46.500000
v -28.599999 24.150000 46.500000
v -29.599999 24.150000 46.500000
v -29.599999 4.500000 46.500000
v -27.599999 83.900000 46.500000
v -27.599999 64.250000 46.500000
v -26.599999 64.250000 46.500000
v -26.599999 83.900000 46.500000
v -26.599999 4.500000 46.500000
v -26.599999 24.150000 46.500000
v -27.599999 24.150000 46.500000
v -27.599999 4.500000 46.500000
v -25.599999 83.900000 46.500000
v -25.599999 64.250000 46.500000
v -24.599999 64.250000 46.500000
v -24.599999 83.900000 46.500000
v -24.599999 4.500000 46.500000
v -24.599999 24.150000 46.500000
v -25.599999 24.150000 46.500000
v -25.599999 4.500000 46.500000
v -23.599999 83.900000 46.500000
v -23.599999 64.250000 46.500000
v -22.599999 64.250000 46.500000
v -22.599999 83.900000 46.500000
v -22.599999 4.500000 46.500000
v -22.599999 24.150000 46.500000
v -23.599999 24.150000 46.500000
v -23.599999 4.500000 46.500000
v -21.599999 83.900000 46.500000
v -21.599999 64.250000 46.500000
v -20.599999 64.250000 46.500000
v -20.599999 83.900000 46.500000
v -20.599999 4.500000 46.500000
v -20.599999 24.150000 46.500000
v -21.599999 24.150000 46.500000
v -21.599999 4.500000 46.500000
v -19.599999 83.900000 46.500000
v -19.599999 64.250000 46.500000
v -18.599999 64.250000 46.500000
v -18.599999 83.900000 46.500000
v -18.599999 4.500000 46.500000
v -18.599999 24.150000 46.500000
v -19.599999 24.150000 46.500000
v -19.599999 4.500000 46.500000
v -17.599999 83.900000 46.500000
v -17.599999 64.250000 46.500000
v -16.599999 64.250000 46.500000
v -16.599999 83.900000 46.500000
v -16.599999 4.500000 46.500000
v -16.599999 24.150000 46.500000
v -17.599999 24.150000 46.500000
v -17.599999 4.500000 46.500000
v -15.599999 83.900000 46.500000
v -15.599999 64.250000 46.500000
v -14.599999 64.250000 46.500000
v -14.599999 83.900000 46.500000
v -14.599999 4.500000 46.500000
v -14.599999 24.150000 46.500000
v -15.599999 24.150000 46.500000
v -15.599999 4.500000 46.500000
v -13.599999 83.900000 46.500000
v -13.599999 64.250000 46.500000
v -12.599999 64.250000 46.500000
v -12.599999 83.900000 46.500000
v -12.599999 4.500000 46.500000
v -12.599999 24.150000 46.500000
v -13.599999 24.150000 46.500000
v -13.599999 4.500000 46.500000
v -11.599999 83.900000 46.500000
v -11.599999 64.250000 46.500000
v -10.599999 64.250000 46.500000
v -10.599999 83.900000 46.500000
v -10.599999 4.500000 46.500000
v -10.599999 24.150000 46.500000
v -11.599999 24.150000 46.500000
v -11.599999 4.500000 46.500000
v -9.599999 83.900000 46.500000
v -9.599999 64.250000 46.500000
v -8.599999 64.250000 46.500000
v -8.599999 83.900000 46.500000
v -8.599999 4.500000 46.500000
v -8.599999 24.150000 46.500000
v -9.599999 24.150000 46.500000
v -9.599999 4.500000 46.500000
v -7.599999 83.900000 46.500000
v -7.599999 64.250000 46.500000
v -6.599999 64.250000 46.500000
v -6.599999 83.900000 46.500000
v -6.599999 4.500000 46.500000
v -6.599999 24.150000 46.500000
v -7.599999 24.150000 46.500000
v -7.599999 4.500000 46.500000
v -5.599999 83.900000 46.500000
v -5.599999 64.250000 46.500000
v -4.599999 64.250000 46.500000
v -4.599999 83.900000 46.500000
v -4.599999 4.500000 46.500000
v -4.599999 24.150000 46.500000
v -5.599999 24.150000 46.500000
v -5.599999 4.500000 46.500000
v -50.599999 68.750000 51.000000
v -51.599999 68.750000 51.000000
v -48.599999 68.750000 51.000000
v -49.599999 68.750000 51.000000
v -46.599999 68.750000 51.000000
v -47.599999 68.750000 51.000000
v -44.599999 68.750000 51.000000
v -45.599999 68.750000 51.000000
v -42.599999 68.750000 51.000000
v -43.599999 68.750000 51.000000
v -40.599999 68.750000 51.000000
v -41.599999 68.750000 51.000000
v -38.599999 68.750000 51.000000
v -39.599999 68.750000 51.000000
v -36.599999 68.750000 51.000000
v -37.599999 68.750000 51.000000
v -34.599999 68.750000 51.000000
v -35.599999 68.750000 51.000000
v -32.599999 68.750000 51.000000
v -33.599999 68.750000 51.000000
v -30.599999 68.750000 51.000000
v -31.599999 68.750000 51.000000
v -28.599999 68.750000 51.000000
v -29.599999 68.750000 51.000000
v -26.599999 68.750000 51.000000
v -27.599999 68.750000 51.000000
v -24.599999 68.750000 51.000000
v -25.599999 68.750000 51.000000
v -22.599999 68.750000 51.000000
v -23.599999 68.750000 51.000000
v -20.599999 68.750000 51.000000
v -21.599999 68.750000 51.000000
v -18.599999 68.750000 51.000000
v -19.599999 68.750000 51.000000
v -16.599999 68.750000 51.000000
v -17.599999 68.750000 51.000000
v -14.599999 68.750000 51.000000
v -15.599999 68.750000 51.000000
v -12.599999 68.750000 51.000000
v -13.599999 68.750000 51.000000
v -10.599999 68.750000 51.000000
v -11.599999 68.750000 51.000000
v -8.599999 68.750000 51.000000
v -9.599999 68.750000 51.000000
v -6.599999 68.750000 51.000000
v -7.599999 68.750000 51.000000
v -4.599999 68.750000 51.000000
v -5.599999 68.750000 51.000000
v -5.599999 19.650000 51.000000
v -4.599999 19.650000 51.000000
v -7.599999 19.650000 51.000000
v -6.599999 19.650000 51.000000
v -9.599999 19.650000 51.000000
v -8.599999 19.650000 51.000000
v -11.599999 19.650000 51.000000
v -10.599999 19.650000 51.000000
v -13.599999 19.650000 51.000000
v -12.599999 19.650000 51.000000
v -15.599999 19.650000 51.000000
v -14.599999 19.650000 51.000000
v -17.599999 19.650000 51.000000
v -16.599999 19.650000 51.000000
v -19.599999 19.650000 51.000000
v -18.599999 19.650000 51.000000
v -21.599999 19.650000 51.000000
v -20.599999 19.650000 51.000000
v -23.599999 19.650000 51.000000
v -22.599999 19.650000 51.000000
v -25.599999 19.650000 51.000000
v -24.599999 19.650000 51.000000
v -27.599999 19.650000 51.000000
v -26.599999 19.650000 51.000000
v -29.599999 19.650000 51.000000
v -28.599999 19.650000 51.000000
v -31.599999 19.650000 51.000000
v -30.599999 19.650000 51.000000
v -33.599999 19.650000 51.000000
v -32.599999 19.650000 51.000000
v -35.599999 19.650000 51.000000
v -34.599999 19.650000 51.000000
v -37.599999 19.650000 51.000000
v -36.599999 19.650000 51.000000
v -39.599999 19.650000 51.000000
v -38.599999 19.650000 51.000000
v -41.599999 19.650000 51.000000
v -40.599999 19.650000 51.000000
v -43.599999 19.650000 51.000000
v -42.599999 19.650000 51.000000
v -45.599999 19.650000 51.000000
v -44.599999 19.650000 51.000000
v -47.599999 19.650000 51.000000
v -46.599999 19.650000 51.000000
v -49.599999 19.650000 51.000000
v -48.599999 19.650000 51.000000
v -51.599999 19.650000 51.000000
v -50.599999 19.650000 51.000000
v -53.599999 19.650000 51.000000
v -52.599999 19.650000 51.000000
v -57.000001 1.000000 49.000000
v -57.000001 87.000001 49.000000
v -1.000000 87.000001 49.000000
v -59.000000 89.000001 46.500000
v 1.000000 89.000001 46.500000
v 1.000000 89.000001 49.000000
v -59.000000 89.000001 49.000000
v -59.000000 -1.000000 46.500000
v -59.000000 -1.000000 49.000000
v -1.000000 1.000000 49.000000
v 1.000000 -1.000000 46.500000
v 1.000000 -1.000000 49.000000
v -4.599999 83.900000 51.000000
v -5.599999 83.900000 51.000000
v -52.599999 83.900000 51.000000
v -53.599999 83.900000 51.000000
v -50.599999 83.900000 51.000000
v -51.599999 83.900000 51.000000
v -6.599999 83.900000 51.000000
v -7.599999 83.900000 51.000000
v -48.599999 83.900000 51.000000
v -49.599999 83.900000 51.000000
v -8.599999 83.900000 51.000000
v -9.599999 83.900000 51.000000
v -46.599999 83.900000 51.000000
v -47.599999 83.900000 51.000000
v -10.599999 83.900000 51.000000
v -11.599999 83.900000 51.000000
v -44.599999 83.900000 51.000000
v -45.599999 83.900000 51.000000
v -12.599999 83.900000 51.000000
v -13.599999 83.900000 51.000000
v -42.599999 83.900000 51.000000
v -43.599999 83.900000 51.000000
v -14.599999 83.900000 51.000000
v -15.599999 83.900000 51.000000
v -40.599999 83.900000 51.000000
v -41.599999 83.900000 51.000000
v -16.599999 83.900000 51.000000
v -17.599999 83.900000 51.000000
v -38.599999 83.900000 51.000000
v -39.599999 83.900000 51.000000
v -18.599999 83.900000 51.000000
v -19.599999 83.900000 51.000000
v -36.599999 83.900000 51.000000
v -37.599999 83.900000 51.000000
v -20.599999 83.900000 51.000000
v -21.599999 83.900000 51.000000
v -34.599999 83.900000 51.000000
v -35.599999 83.900000 51.000000
v -22.599999 83.900000 51.000000
v -23.599999 83.900000 51.000000
v -32.599999 83.900000 51.000000
v -33.599999 83.900000 51.000000
v -24.599999 83.900000 51.000000
v -25.599999 83.900000 51.000000
v -30.599999 83.900000 51.000000
v -31.599999 83.900000 51.000000
v -26.599999 83.900000 51.000000
v -27.599999 83.900000 51.000000
v -28.599999 83.900000 51.000000
v -29.599999 83.900000 51.000000
v -53.599999 4.500000 51.000000
v -52.599999 4.500000 51.000000
v -51.599999 4.500000 51.000000
v -50.599999 4.500000 51.000000
v -49.599999 4.500000 51.000000
v -48.599999 4.500000 51.000000
v -5.599999 4.500000 51.000000
v -4.599999 4.500000 51.000000
v -47.599999 4.500000 51.000000
v -46.599999 4.500000 51.000000
v -7.599999 4.500000 51.000000
v -6.599999 4.500000 51.000000
v -45.599999 4.500000 51.000000
v -44.599999 4.500000 51.000000
v -9.599999 4.500000 51.000000
v -8.599999 4.500000 51.000000
v -43.599999 4.500000 51.000000
v -42.599999 4.500000 51.000000
v -11.599999 4.500000 51.000000
v -10.599999 4.500000 51.000000
v -41.599999 4.500000 51.000000
v -40.599999 4.500000 51.000000
v -13.599999 4.500000 51.000000
v -12.599999 4.500000 51.000000
v -39.599999 4.500000 51.000000
v -38.599999 4.500000 51.000000
v -15.599999 4.500000 51.000000
v -14.599999 4.500000 51.000000
v -37.599999 4.500000 51.000000
v -36.599999 4.500000 51.000000
v -17.599999 4.500000 51.000000
v -16.599999 4.500000 51.000000
v -35.599999 4.500000 51.000000
v -34.599999 4.500000 51.000000
v -19.599999 4.500000 51.000000
v -18.599999 4.500000 51.000000
v -33.599999 4.500000 51.000000
v -32.599999 4.500000 51.000000
v -21.599999 4.500000 51.000000
v -20.599999 4.500000 51.000000
v -31.599999 4.500000 51.000000
v -30.599999 4.500000 51.000000
v -23.599999 4.500000 51.000000
v -22.599999 4.500000 51.000000
v -29.599999 4.500000 51.000000
v -28.599999 4.500000 51.000000
v -25.599999 4.500000 51.000000
v -24.599999 4.500000 51.000000
v -60.599999 0.000000 51.000000
v -60.578611 -0.326315 51.000000
v -60.514813 -0.647048 51.000000
v -60.409697 -0.956709 51.000000
v -60.265062 -1.250000 51.000000
v -60.083382 -1.521904 51.000000
v -59.867766 -1.767767 51.000000
v -59.621902 -1.983383 51.000000
v -59.349999 -2.165063 51.000000
v -59.056707 -2.309699 51.000000
v -58.747046 -2.414815 51.000000
v -58.426314 -2.478612 51.000000
v -58.099999 -2.500000 51.000000
v -0.000000 -2.500000 51.000000
v 0.326315 -2.478612 51.000000
v 0.647048 -2.414815 51.000000
v 0.956709 -2.309699 51.000000
v 1.250000 -2.165063 51.000000
v 1.521904 -1.983383 51.000000
v 1.767767 -1.767767 51.000000
v 1.983383 -1.521904 51.000000
v 2.165063 -1.250000 51.000000
v 2.309699 -0.956709 51.000000
v 2.414815 -0.647048 51.000000
v 2.478612 -0.326315 51.000000
v 2.500000 0.000000 51.000000
v 2.500000 88.399998 51.000000
v 2.478612 88.726313 51.000000
v 2.414815 89.047046 51.000000
v 2.309699 89.356707 51.000000
v 2.165063 89.649998 51.000000
v 1.983383 89.921902 51.000000
v 1.767767 90.167765 51.000000
v 1.521904 90.383381 51.000000
v 1.250000 90.565061 51.000000
v 0.956709 90.709697 51.000000
v 0.647048 90.814813 51.000000
v 0.326315 90.878610 51.000000
v -0.000000 90.899998 51.000000
v -58.099999 90.899998 51.000000
v -58.426314 90.878610 51.000000
v -58.747046 90.814813 51.000000
v -59.056707 90.709697 51.000000
v -59.349999 90.565061 51.000000
v -59.621902 90.383381 51.000000
v -59.867766 90.167765 51.000000
v -60.083382 89.921902 51.000000
v -60.265062 89.649998 51.000000
v -60.409697 89.356707 51.000000
v -60.514813 89.047046 51.000000
v -60.578611 88.726313 51.000000
v -60.599999 88.399998 51.000000
v -26.599999 4.500000 51.000000
v -27.599999 4.500000 51.000000
v -60.599999 0.000000 46.500000
v -60.578611 -0.326315 46.500000
v -60.514813 -0.647048 46.500000
v -60.409697 -0.956709 46.500000
v -60.265062 -1.250000 46.500000
v -60.083382 -1.521904 46.500000
v -59.867766 -1.767767 46.500000
v -59.621902 -1.983383 46.500000
v -59.349999 -2.165063 46.500000
v -59.056707 -2.309699 46.500000
v -58.747046 -2.414815 46.500000
v -58.426314 -2.478612 46.500000
v -58.099999 -2.500000 46.500000
v -0.000000 -2.500000 46.500000
v 0.326315 -2.478612 46.500000
v 0.647048 -2.414815 46.500000
v 0.956709 -2.309699 46.500000
v 1.250000 -2.165063 46.500000
v 1.521904 -1.983383 46.500000
v 1.767767 -1.767767 46.500000
v 1.983383 -1.521904 46.500000
v 2.165063 -1.250000 46.500000
v 2.309699 -0.956709 46.500000
v 2.414815 -0.647048 46.500000
v 2.478612 -0.326315 46.500000
v 2.500000 0.000000 46.500000
v 2.500000 88.399998 46.500000
v 2.478612 88.726313 46.500000
v 2.414815 89.047046 46.500000
v 2.309699 89.356707 46.500000
v 2.165063 89.649998 46.500000
v 1.983383 89.921902 46.500000
v 1.767767 90.167765 46.500000
v 1.521904 90.383381 46.500000
v 1.250000 90.565061 46.500000
v 0.956709 90.709697 46.500000
v 0.647048 90.814813 46.500000
v 0.326315 90.878610 46.500000
v -0.000000 90.899998 46.500000
v -58.099999 90.899998 46.500000
v -58.426314 90.878610 46.500000
v -58.747046 90.814813 46.500000
v -59.056707 90.709697 46.500000
v -59.349999 90.565061 46.500000
v -59.621902 90.383381 46.500000
v -59.867766 90.167765 46.500000
v -60.083382 89.921902 46.500000
v -60.265062 89.649998 46.500000
v -60.409697 89.356707 46.500000
v -60.514813 89.047046 46.500000
v -60.578611 88.726313 46.500000
v -60.599999 88.399998 46.500000
vt 1.177500 -0.318198 0.000000
vt 1.277500 -0.318198 0.000000
vt 1.177500 0.318198 0.000000
vt 1.277500 0.318198 0.000000
vt 2.805000 4.320000 0.000000
vt 2.445000 2.005000 0.000000
vt 2.805000 -4.280000 0.000000
vt 2.445000 -2.005000 0.000000
vt 2.445000 -3.970000 0.000000
vt -2.795000 4.320000 0.000000
vt 0.045000 3.970000 0.000000
vt 0.145000 3.970000 0.000000
vt 0.245000 3.970000 0.000000
vt -2.795000 -4.280000 0.000000
vt -2.455000 2.005000 0.000000
vt -2.455000 3.970000 0.000000
vt -2.355000 3.970000 0.000000
vt 0.045000 -3.970000 0.000000
vt -0.055000 -3.970000 0.000000
vt -0.155000 -3.970000 0.000000
vt -0.155000 -2.005000 0.000000
vt -0.055000 -2.005000 0.000000
vt -1.255000 2.005000 0.000000
vt 0.045000 -2.005000 0.000000
vt 0.145000 -2.005000 0.000000
vt 0.145000 -3.970000 0.000000
vt -2.355000 -3.970000 0.000000
vt -2.455000 -3.970000 0.000000
vt -2.455000 -2.005000 0.000000
vt -2.355000 -2.005000 0.000000
vt -2.355000 2.005000 0.000000
vt -2.255000 -2.005000 0.000000
vt -2.255000 2.005000 0.000000
vt -2.155000 -2.005000 0.000000
vt -2.155000 2.005000 0.000000
vt -2.055000 -2.005000 0.000000
vt -2.055000 2.005000 0.000000
vt -1.955000 -2.005000 0.000000
vt -1.955000 2.005000 0.000000
vt -1.855000 -2.005000 0.000000
vt -1.855000 2.005000 0.000000
vt -1.755000 -2.005000 0.000000
vt -1.755000 2.005000 0.000000
vt -1.655000 -2.005000 0.000000
vt -1.655000 2.005000 0.000000
vt -1.555000 -2.005000 0.000000
vt -1.555000 2.005000 0.000000
vt -1.455000 -2.005000 0.000000
vt -1.455000 2.005000 0.000000
vt -1.355000 -2.005000 0.000000
vt -1.355000 2.005000 0.000000
vt -1.255000 -2.005000 0.000000
vt -1.155000 -2.005000 0.000000
vt -1.055000 -2.005000 0.000000
vt -1.055000 -3.970000 0.000000
vt -1.155000 -3.970000 0.000000
vt -1.255000 -3.970000 0.000000
vt -1.355000 -3.970000 0.000000
vt -2.255000 -3.970000 0.000000
vt -2.255000 3.970000 0.000000
vt -2.155000 3.970000 0.000000
vt -2.055000 3.970000 0.000000
vt -2.055000 -3.970000 0.000000
vt -2.155000 -3.970000 0.000000
vt -1.855000 -3.970000 0.000000
vt -1.955000 -3.970000 0.000000
vt -1.955000 3.970000 0.000000
vt -1.855000 3.970000 0.000000
vt -1.755000 3.970000 0.000000
vt -1.655000 3.970000 0.000000
vt -1.655000 -3.970000 0.000000
vt -1.755000 -3.970000 0.000000
vt -1.455000 -3.970000 0.000000
vt -1.555000 -3.970000 0.000000
vt -1.555000 3.970000 0.000000
vt -1.455000 3.970000 0.000000
vt -1.355000 3.970000 0.000000
vt -1.255000 3.970000 0.000000
vt -1.155000 2.005000 0.000000
vt -1.055000 2.005000 0.000000
vt -1.155000 3.970000 0.000000
vt -1.055000 3.970000 0.000000
vt -0.955000 3.970000 0.000000
vt -0.855000 3.970000 0.000000
vt -0.855000 2.005000 0.000000
vt -0.955000 2.005000 0.000000
vt 1.145000 -2.005000 0.000000
vt 1.045000 -2.005000 0.000000
vt 1.145000 -3.970000 0.000000
vt 1.045000 -3.970000 0.000000
vt 0.945000 -3.970000 0.000000
vt 0.845000 -3.970000 0.000000
vt 0.845000 -2.005000 0.000000
vt 0.945000 -2.005000 0.000000
vt -0.955000 -2.005000 0.000000
vt -0.855000 -2.005000 0.000000
vt -0.755000 -2.005000 0.000000
vt -0.855000 -3.970000 0.000000
vt -0.955000 -3.970000 0.000000
vt -0.755000 -3.970000 0.000000
vt -0.655000 -3.970000 0.000000
vt -0.655000 -2.005000 0.000000
vt -0.555000 -2.005000 0.000000
vt -0.455000 -2.005000 0.000000
vt -0.455000 -3.970000 0.000000
vt -0.555000 -3.970000 0.000000
vt -0.755000 2.005000 0.000000
vt -0.655000 2.005000 0.000000
vt -0.755000 3.970000 0.000000
vt -0.655000 3.970000 0.000000
vt -0.555000 3.970000 0.000000
vt -0.455000 3.970000 0.000000
vt -0.455000 2.005000 0.000000
vt -0.555000 2.005000 0.000000
vt -0.355000 -2.005000 0.000000
vt -0.255000 -2.005000 0.000000
vt -0.255000 -3.970000 0.000000
vt -0.355000 -3.970000 0.000000
vt -0.355000 2.005000 0.000000
vt -0.255000 2.005000 0.000000
vt -0.355000 3.970000 0.000000
vt -0.255000 3.970000 0.000000
vt -0.155000 3.970000 0.000000
vt -0.055000 3.970000 0.000000
vt -0.055000 2.005000 0.000000
vt -0.155000 2.005000 0.000000
vt 1.245000 -2.005000 0.000000
vt 0.145000 2.005000 0.000000
vt 0.045000 2.005000 0.000000
vt 0.245000 -2.005000 0.000000
vt 0.345000 -2.005000 0.000000
vt 0.445000 -2.005000 0.000000
vt 0.345000 -3.970000 0.000000
vt 0.245000 -3.970000 0.000000
vt 0.245000 2.005000 0.000000
vt 0.345000 2.005000 0.000000
vt 0.345000 3.970000 0.000000
vt 0.445000 3.970000 0.000000
vt 0.545000 3.970000 0.000000
vt 0.545000 2.005000 0.000000
vt 0.445000 2.005000 0.000000
vt 0.445000 -3.970000 0.000000
vt 0.545000 -3.970000 0.000000
vt 0.545000 -2.005000 0.000000
vt 0.645000 -2.005000 0.000000
vt 0.745000 -2.005000 0.000000
vt 0.745000 -3.970000 0.000000
vt 0.645000 -3.970000 0.000000
vt 0.645000 2.005000 0.000000
vt 0.745000 2.005000 0.000000
vt 0.645000 3.970000 0.000000
vt 0.745000 3.970000 0.000000
vt 0.845000 3.970000 0.000000
vt 0.945000 3.970000 0.000000
vt 0.945000 2.005000 0.000000
vt 0.845000 2.005000 0.000000
vt 1.045000 2.005000 0.000000
vt 1.145000 2.005000 0.000000
vt 1.045000 3.970000 0.000000
vt 1.145000 3.970000 0.000000
vt 1.245000 3.970000 0.000000
vt 1.345000 3.970000 0.000000
vt 1.345000 2.005000 0.000000
vt 1.245000 2.005000 0.000000
vt 1.345000 -2.005000 0.000000
vt 1.345000 -3.970000 0.000000
vt 1.245000 -3.970000 0.000000
vt 1.445000 -2.005000 0.000000
vt 1.445000 2.005000 0.000000
vt 1.545000 -2.005000 0.000000
vt 1.545000 2.005000 0.000000
vt 1.645000 -2.005000 0.000000
vt 1.645000 2.005000 0.000000
vt 1.745000 -2.005000 0.000000
vt 1.745000 2.005000 0.000000
vt 1.845000 -2.005000 0.000000
vt 1.845000 2.005000 0.000000
vt 1.945000 -2.005000 0.000000
vt 1.945000 2.005000 0.000000
vt 2.045000 -2.005000 0.000000
vt 2.045000 2.005000 0.000000
vt 2.145000 -2.005000 0.000000
vt 2.145000 2.005000 0.000000
vt 2.245000 -2.005000 0.000000
vt 2.245000 2.005000 0.000000
vt 2.345000 -2.005000 0.000000
vt 2.345000 2.005000 0.000000
vt 1.545000 -3.970000 0.000000
vt 1.445000 -3.970000 0.000000
vt 1.445000 3.970000 0.000000
vt 1.545000 3.970000 0.000000
vt 1.645000 3.970000 0.000000
vt 1.745000 3.970000 0.000000
vt 1.745000 -3.970000 0.000000
vt 1.645000 -3.970000 0.000000
vt 1.945000 -3.970000 0.000000
vt 1.845000 -3.970000 0.000000
vt 1.845000 3.970000 0.000000
vt 1.945000 3.970000 0.000000
vt 2.045000 3.970000 0.000000
vt 2.145000 3.970000 0.000000
vt 2.145000 -3.970000 0.000000
vt 2.045000 -3.970000 0.000000
vt 2.345000 -3.970000 0.000000
vt 2.245000 -3.970000 0.000000
vt 2.245000 3.970000 0.000000
vt 2.345000 3.970000 0.000000
vt 2.445000 3.970000 0.000000
vt 1.077500 -0.318198 0.000000
vt 1.177500 -0.318198 0.000000
vt 1.077500 0.318198 0.000000
vt 1.177500 0.318198 0.000000
vt 0.977500 -0.318198 0.000000
vt 1.077500 -0.318198 0.000000
vt 0.977500 0.318198 0.000000
vt 1.077500 0.318198 0.000000
vt 0.877500 -0.318198 0.000000
vt 0.977500 -0.318198 0.000000
vt 0.877500 0.318198 0.000000
vt 0.977500 0.318198 0.000000
vt 0.777500 -0.318198 0.000000
vt 0.877500 -0.318198 0.000000
vt 0.777500 0.318198 0.000000
vt 0.877500 0.318198 0.000000
vt 0.677500 -0.318198 0.000000
vt 0.777500 -0.318198 0.000000
vt 0.677500 0.318198 0.000000
vt 0.777500 0.318198 0.000000
vt 0.577500 -0.318198 0.000000
vt 0.677500 -0.318198 0.000000
vt 0.577500 0.318198 0.000000
vt 0.677500 0.318198 0.000000
vt 0.477500 -0.318198 0.000000
vt 0.577500 -0.318198 0.000000
vt 0.477500 0.318198 0.000000
vt 0.577500 0.318198 0.000000
vt 0.377500 -0.318198 0.000000
vt 0.477500 -0.318198 0.000000
vt 0.377500 0.318198 0.000000
vt 0.477500 0.318198 0.000000
vt 0.277500 -0.318198 0.000000
vt 0.377500 -0.318198 0.000000
vt 0.277500 0.318198 0.000000
vt 0.377500 0.318198 0.000000
vt 0.177500 -0.318198 0.000000
vt 0.277500 -0.318198 0.000000
vt 0.177500 0.318198 0.000000
vt 0.277500 0.318198 0.000000
vt 0.077500 -0.318198 0.000000
vt 0.177500 -0.318198 0.000000
vt 0.077500 0.318198 0.000000
vt 0.177500 0.318198 0.000000
vt -0.022500 -0.318198 0.000000
vt 0.077500 -0.318198 0.000000
vt -0.022500 0.318198 0.000000
vt 0.077500 0.318198 0.000000
vt -0.072500 -0.318198 0.000000
vt 0.027500 -0.318198 0.000000
vt -0.072500 0.318198 0.000000
vt 0.027500 0.318198 0.000000
vt -0.272500 -0.318198 0.000000
vt -0.172500 -0.318198 0.000000
vt -0.272500 0.318198 0.000000
vt -0.172500 0.318198 0.000000
vt -0.472500 -0.318198 0.000000
vt -0.372500 -0.318198 0.000000
vt -0.472500 0.318198 0.000000
vt -0.372500 0.318198 0.000000
vt -0.672500 -0.318198 0.000000
vt -0.572500 -0.318198 0.000000
vt -0.672500 0.318198 0.000000
vt -0.572500 0.318198 0.000000
vt -0.872500 -0.318198 0.000000
vt -0.772500 -0.318198 0.000000
vt -0.872500 0.318198 0.000000
vt -0.772500 0.318198 0.000000
vt -1.072500 -0.318198 0.000000
vt -0.972500 -0.318198 0.000000
vt -1.072500 0.318198 0.000000
vt -0.972500 0.318198 0.000000
vt -1.272500 -0.318198 0.000000
vt -1.172500 -0.318198 0.000000
vt -1.272500 0.318198 0.000000
vt -1.172500 0.318198 0.000000
vt -1.472500 -0.318198 0.000000
vt -1.372500 -0.318198 0.000000
vt -1.472500 0.318198 0.000000
vt -1.372500 0.318198 0.000000
vt -1.672500 -0.318198 0.000000
vt -1.572500 -0.318198 0.000000
vt -1.672500 0.318198 0.000000
vt -1.572500 0.318198 0.000000
vt -1.872500 -0.318198 0.000000
vt -1.772500 -0.318198 0.000000
vt -1.872500 0.318198 0.000000
vt -1.772500 0.318198 0.000000
vt -2.072500 -0.318198 0.000000
vt -1.972500 -0.318198 0.000000
vt -2.072500 0.318198 0.000000
vt -1.972500 0.318198 0.000000
vt -2.272500 -0.318198 0.000000
vt -2.172500 -0.318198 0.000000
vt -2.272500 0.318198 0.000000
vt -2.172500 0.318198 0.000000
vt -1.172500 0.318198 0.000000
vt -1.272500 0.318198 0.000000
vt -1.172500 -0.318198 0.000000
vt -1.272500 -0.318198 0.000000
vt -1.072500 0.318198 0.000000
vt -1.172500 0.318198 0.000000
vt -1.072500 -0.318198 0.000000
vt -1.172500 -0.318198 0.000000
vt -0.972500 0.318198 0.000000
vt -1.072500 0.318198 0.000000
vt -0.972500 -0.318198 0.000000
vt -1.072500 -0.318198 0.000000
vt -0.872500 0.318198 0.000000
vt -0.972500 0.318198 0.000000
vt -0.872500 -0.318198 0.000000
vt -0.972500 -0.318198 0.000000
vt -0.772500 0.318198 0.000000
vt -0.872500 0.318198 0.000000
vt -0.772500 -0.318198 0.000000
vt -0.872500 -0.318198 0.000000
vt -0.672500 0.318198 0.000000
vt -0.772500 0.318198 0.000000
vt -0.672500 -0.318198 0.000000
vt -0.772500 -0.318198 0.000000
vt -0.572500 0.318198 0.000000
vt -0.672500 0.318198 0.000000
vt -0.572500 -0.318198 0.000000
vt -0.672500 -0.318198 0.000000
vt -0.472500 0.318198 0.000000
vt -0.572500 0.318198 0.000000
vt -0.472500 -0.318198 0.000000
vt -0.572500 -0.318198 0.000000
vt -0.372500 0.318198 0.000000
vt -0.472500 0.318198 0.000000
vt -0.372500 -0.318198 0.000000
vt -0.472500 -0.318198 0.000000
vt -0.272500 0.318198 0.000000
vt -0.372500 0.318198 0.000000
vt -0.272500 -0.318198 0.000000
vt -0.372500 -0.318198 0.000000
vt -0.172500 0.318198 0.000000
vt -0.272500 0.318198 0.000000
vt -0.172500 -0.318198 0.000000
vt -0.272500 -0.318198 0.000000
vt -0.072500 0.318198 0.000000
vt -0.172500 0.318198 0.000000
vt -0.072500 -0.318198 0.000000
vt -0.172500 -0.318198 0.000000
vt 0.027500 0.318198 0.000000
vt -0.072500 0.318198 0.000000
vt 0.027500 -0.318198 0.000000
vt -0.072500 -0.318198 0.000000
vt 0.127500 0.318198 0.000000
vt 0.027500 0.318198 0.000000
vt 0.127500 -0.318198 0.000000
vt 0.027500 -0.318198 0.000000
vt 0.227500 0.318198 0.000000
vt 0.127500 0.318198 0.000000
vt 0.227500 -0.318198 0.000000
vt 0.127500 -0.318198 0.000000
vt 0.327500 0.318198 0.000000
vt 0.227500 0.318198 0.000000
vt 0.327500 -0.318198 0.000000
vt 0.227500 -0.318198 0.000000
vt 0.427500 0.318198 0.000000
vt 0.327500 0.318198 0.000000
vt 0.427500 -0.318198 0.000000
vt 0.327500 -0.318198 0.000000
vt 0.527500 0.318198 0.000000
vt 0.427500 0.318198 0.000000
vt 0.527500 -0.318198 0.000000
vt 0.427500 -0.318198 0.000000
vt 0.627500 0.318198 0.000000
vt 0.527500 0.318198 0.000000
vt 0.627500 -0.318198 0.000000
vt 0.527500 -0.318198 0.000000
vt 0.727500 0.318198 0.000000
vt 0.627500 0.318198 0.000000
vt 0.727500 -0.318198 0.000000
vt 0.627500 -0.318198 0.000000
vt 0.827500 0.318198 0.000000
vt 0.727500 0.318198 0.000000
vt 0.827500 -0.318198 0.000000
vt 0.727500 -0.318198 0.000000
vt 0.927500 0.318198 0.000000
vt 0.827500 0.318198 0.000000
vt 0.927500 -0.318198 0.000000
vt 0.827500 -0.318198 0.000000
vt 1.027500 0.318198 0.000000
vt 0.927500 0.318198 0.000000
vt 1.027500 -0.318198 0.000000
vt 0.927500 -0.318198 0.000000
vt 1.127500 0.318198 0.000000
vt 1.027500 0.318198 0.000000
vt 1.127500 -0.318198 0.000000
vt 1.027500 -0.318198 0.000000
vt 1.227500 0.318198 0.000000
vt 1.127500 0.318198 0.000000
vt 1.227500 -0.318198 0.000000
vt 1.127500 -0.318198 0.000000
vt -8.600000 0.750000 0.000000
vt -0.000000 0.750000 0.000000
vt -8.600000 1.000000 0.000000
vt -0.000000 1.000000 0.000000
vt -5.600000 0.750000 0.000000
vt -0.000000 0.750000 0.000000
vt -5.600000 1.000000 0.000000
vt -0.000000 1.000000 0.000000
vt -6.000000 0.750000 0.000000
vt 0.000000 0.750000 0.000000
vt -6.000000 1.000000 0.000000
vt 0.000000 1.000000 0.000000
vt -9.000000 0.750000 0.000000
vt -0.000000 0.750000 0.000000
vt -9.000000 1.000000 0.000000
vt -0.000000 1.000000 0.000000
vt -8.600000 0.750000 0.000000
vt -0.000000 0.750000 0.000000
vt -8.600000 1.000000 0.000000
vt -0.000000 1.000000 0.000000
vt -5.600000 0.750000 0.000000
vt -0.000000 0.750000 0.000000
vt -5.600000 1.000000 0.000000
vt -0.000000 1.000000 0.000000
vt -6.000000 0.750000 0.000000
vt -0.000000 0.750000 0.000000
vt -6.000000 1.000000 0.000000
vt -0.000000 1.000000 0.000000
vt -9.000000 0.750000 0.000000
vt -0.000000 0.750000 0.000000
vt -9.000000 1.000000 0.000000
vt -0.000000 1.000000 0.000000
vt -2.800000 -4.300000 0.000000
vt -3.000000 -4.500000 0.000000
vt 2.800000 -4.300000 0.000000
vt 3.000000 -4.500000 0.000000
vt 2.800000 4.300000 0.000000
vt 3.000000 4.500000 0.000000
vt -2.800000 4.300000 0.000000
vt -3.000000 4.500000 0.000000
vt 2.300000 0.450000 0.000000
vt 2.200000 0.450000 0.000000
vt 2.300000 0.000000 0.000000
vt 2.200000 0.000000 0.000000
vt -2.500000 0.450000 0.000000
vt -2.600000 0.450000 0.000000
vt -2.500000 0.000000 0.000000
vt -2.600000 0.000000 0.000000
vt -2.300000 0.450000 0.000000
vt -2.400000 0.450000 0.000000
vt -2.300000 0.000000 0.000000
vt -2.400000 0.000000 0.000000
vt 2.100000 0.450000 0.000000
vt 2.000000 0.450000 0.000000
vt 2.100000 0.000000 0.000000
vt 2.000000 0.000000 0.000000
vt -2.100000 0.450000 0.000000
vt -2.200000 0.450000 0.000000
vt -2.100000 0.000000 0.000000
vt -2.200000 0.000000 0.000000
vt 1.900000 0.450000 0.000000
vt 1.800000 0.450000 0.000000
vt 1.900000 0.000000 0.000000
vt 1.800000 0.000000 0.000000
vt -1.900000 0.450000 0.000000
vt -2.000000 0.450000 0.000000
vt -1.900000 0.000000 0.000000
vt -2.000000 0.000000 0.000000
vt 1.700000 0.450000 0.000000
vt 1.600000 0.450000 0.000000
vt 1.700000 0.000000 0.000000
vt 1.600000 0.000000 0.000000
vt -1.700000 0.450000 0.000000
vt -1.800000 0.450000 0.000000
vt -1.700000 0.000000 0.000000
vt -1.800000 0.000000 0.000000
vt 1.500000 0.450000 0.000000
vt 1.400000 0.450000 0.000000
vt 1.500000 0.000000 0.000000
vt 1.400000 0.000000 0.000000
vt -1.500000 0.450000 0.000000
vt -1.600000 0.450000 0.000000
vt -1.500000 0.000000 0.000000
vt -1.600000 0.000000 0.000000
vt 1.300000 0.450000 0.000000
vt 1.200000 0.450000 0.000000
vt 1.300000 0.000000 0.000000
vt 1.200000 0.000000 0.000000
vt -1.300000 0.450000 0.000000
vt -1.400000 0.450000 0.000000
vt -1.300000 0.000000 0.000000
vt -1.400000 0.000000 0.000000
vt 1.100000 0.450000 0.000000
vt 1.000000 0.450000 0.000000
vt 1.100000 0.000000 0.000000
vt 1.000000 0.000000 0.000000
vt -1.100000 0.450000 0.000000
vt -1.200000 0.450000 0.000000
vt -1.100000 0.000000 0.000000
vt -1.200000 0.000000 0.000000
vt 0.900000 0.450000 0.000000
vt 0.800000 0.450000 0.000000
vt 0.900000 0.000000 0.000000
vt 0.800000 0.000000 0.000000
vt -0.900000 0.450000 0.000000
vt -1.000000 0.450000 0.000000
vt -0.900000 0.000000 0.000000
vt -1.000000 0.000000 0.000000
vt 0.700000 0.450000 0.000000
vt 0.600000 0.450000 0.000000
vt 0.700000 0.000000 0.000000
vt 0.600000 0.000000 0.000000
vt -0.700000 0.450000 0.000000
vt -0.800000 0.450000 0.000000
vt -0.700000 0.000000 0.000000
vt -0.800000 0.000000 0.000000
vt 0.500000 0.450000 0.000000
vt 0.400000 0.450000 0.000000
vt 0.500000 0.000000 0.000000
vt 0.400000 0.000000 0.000000
vt -0.500000 0.450000 0.000000
vt -0.600000 0.450000 0.000000
vt -0.500000 0.000000 0.000000
vt -0.600000 0.000000 0.000000
vt 0.300000 0.450000 0.000000
vt 0.200000 0.450000 0.000000
vt 0.300000 0.000000 0.000000
vt 0.200000 0.000000 0.000000
vt -0.300000 0.450000 0.000000
vt -0.400000 0.450000 0.000000
vt -0.300000 0.000000 0.000000
vt -0.400000 0.000000 0.000000
vt 0.100000 0.450000 0.000000
vt -0.000000 0.450000 0.000000
vt 0.100000 0.000000 0.000000
vt -0.000000 0.000000 0.000000
vt -0.100000 0.450000 0.000000
vt -0.200000 0.450000 0.000000
vt -0.100000 0.000000 0.000000
vt -0.200000 0.000000 0.000000
vt 4.900000 0.450000 0.000000
vt 4.800000 0.450000 0.000000
vt 4.900000 0.000000 0.000000
vt 4.800000 0.000000 0.000000
vt 4.700000 0.450000 0.000000
vt 4.600000 0.450000 0.000000
vt 4.700000 0.000000 0.000000
vt 4.600000 0.000000 0.000000
vt 4.500000 0.450000 0.000000
vt 4.400000 0.450000 0.000000
vt 4.500000 0.000000 0.000000
vt 4.400000 0.000000 0.000000
vt 0.100000 0.450000 0.000000
vt -0.000000 0.450000 0.000000
vt 0.100000 0.000000 0.000000
vt 0.000000 0.000000 0.000000
vt 4.300000 0.450000 0.000000
vt 4.200000 0.450000 0.000000
vt 4.300000 0.000000 0.000000
vt 4.200000 0.000000 0.000000
vt 0.300000 0.450000 0.000000
vt 0.200000 0.450000 0.000000
vt 0.300000 0.000000 0.000000
vt 0.200000 0.000000 0.000000
vt 4.100000 0.450000 0.000000
vt 4.000000 0.450000 0.000000
vt 4.100000 0.000000 0.000000
vt 4.000000 0.000000 0.000000
vt 0.500000 0.450000 0.000000
vt 0.400000 0.450000 0.000000
vt 0.500000 0.000000 0.000000
vt 0.400000 0.000000 0.000000
vt 3.900000 0.450000 0.000000
vt 3.800000 0.450000 0.000000
vt 3.900000 0.000000 0.000000
vt 3.800000 0.000000 0.000000
vt 0.700000 0.450000 0.000000
vt 0.600000 0.450000 0.000000
vt 0.700000 0.000000 0.000000
vt 0.600000 0.000000 0.000000
vt 3.700000 0.450000 0.000000
vt 3.600000 0.450000 0.000000
vt 3.700000 0.000000 0.000000
vt 3.600000 0.000000 0.000000
vt 0.900000 0.450000 0.000000
vt 0.800000 0.450000 0.000000
vt 0.900000 0.000000 0.000000
vt 0.800000 0.000000 0.000000
vt 3.500000 0.450000 0.000000
vt 3.400000 0.450000 0.000000
vt 3.500000 0.000000 0.000000
vt 3.400000 0.000000 0.000000
vt 1.100000 0.450000 0.000000
vt 1.000000 0.450000 0.000000
vt 1.100000 0.000000 0.000000
vt 1.000000 0.000000 0.000000
vt 3.300000 0.450000 0.000000
vt 3.200000 0.450000 0.000000
vt 3.300000 0.000000 0.000000
vt 3.200000 0.000000 0.000000
vt 1.300000 0.450000 0.000000
vt 1.200000 0.450000 0.000000
vt 1.300000 0.000000 0.000000
vt 1.200000 0.000000 0.000000
vt 3.100000 0.450000 0.000000
vt 3.000000 0.450000 0.000000
vt 3.100000 0.000000 0.000000
vt 3.000000 0.000000 0.000000
vt 1.500000 0.450000 0.000000
vt 1.400000 0.450000 0.000000
vt 1.500000 0.000000 0.000000
vt 1.400000 0.000000 0.000000
vt 2.900000 0.450000 0.000000
vt 2.800000 0.450000 0.000000
vt 2.900000 0.000000 0.000000
vt 2.800000 0.000000 0.000000
vt 1.700000 0.450000 0.000000
vt 1.600000 0.450000 0.000000
vt 1.700000 0.000000 0.000000
vt 1.600000 0.000000 0.000000
vt 2.700000 0.450000 0.000000
vt 2.600000 0.450000 0.000000
vt 2.700000 0.000000 0.000000
vt 2.600000 0.000000 0.000000
vt 1.900000 0.450000 0.000000
vt 1.800000 0.450000 0.000000
vt 1.900000 0.000000 0.000000
vt 1.800000 0.000000 0.000000
vt 2.500000 0.450000 0.000000
vt 2.400000 0.450000 0.000000
vt 2.500000 0.000000 0.000000
vt 2.400000 0.000000 0.000000
vt 2.100000 0.450000 0.000000
vt 2.000000 0.450000 0.000000
vt 2.100000 0.000000 0.000000
vt 2.000000 0.000000 0.000000
vt 0.000000 0.450000 0.000000
vt -0.000000 0.000000 0.000000
vt 1.515000 0.450000 0.000000
vt 1.965000 0.000000 0.000000
vt -3.152861 -4.452631 0.000000
vt -3.146481 -4.484705 0.000000
vt -3.155000 -4.420000 0.000000
vt -3.135970 -4.515671 0.000000
vt -3.121506 -4.545000 0.000000
vt -3.103338 -4.572190 0.000000
vt -3.081777 -4.596777 0.000000
vt -3.057190 -4.618338 0.000000
vt -3.030000 -4.636506 0.000000
vt -3.000671 -4.650970 0.000000
vt -2.969705 -4.661481 0.000000
vt -2.937631 -4.667861 0.000000
vt -2.905000 -4.670000 0.000000
vt -2.455000 -3.970000 0.000000
vt -2.355000 -3.970000 0.000000
vt -2.255000 -3.970000 0.000000
vt -2.355000 -2.455000 0.000000
vt -2.255000 -2.455000 0.000000
vt -2.355000 2.455000 0.000000
vt -2.255000 2.455000 0.000000
vt -2.355000 3.970000 0.000000
vt -2.255000 3.970000 0.000000
vt -2.905000 4.670000 0.000000
vt -2.155000 3.970000 0.000000
vt -2.055000 3.970000 0.000000
vt -2.055000 2.455000 0.000000
vt -2.155000 2.455000 0.000000
vt 2.045000 -2.455000 0.000000
vt 1.945000 -2.455000 0.000000
vt 1.845000 -2.455000 0.000000
vt 1.945000 -3.970000 0.000000
vt 1.845000 -3.970000 0.000000
vt 2.905000 -4.670000 0.000000
vt 1.745000 -3.970000 0.000000
vt 1.645000 -3.970000 0.000000
vt 1.645000 -2.455000 0.000000
vt 1.745000 -2.455000 0.000000
vt 0.045000 -3.970000 0.000000
vt -0.055000 -3.970000 0.000000
vt -0.155000 -3.970000 0.000000
vt -0.155000 -2.455000 0.000000
vt -0.055000 -2.455000 0.000000
vt 0.045000 -2.455000 0.000000
vt 0.145000 -2.455000 0.000000
vt 0.145000 -3.970000 0.000000
vt 2.937631 -4.667861 0.000000
vt 3.155000 -4.420000 0.000000
vt 2.445000 -3.970000 0.000000
vt 2.345000 -3.970000 0.000000
vt 2.969705 -4.661481 0.000000
vt 3.000671 -4.650970 0.000000
vt 3.030000 -4.636506 0.000000
vt 3.057190 -4.618338 0.000000
vt 3.081777 -4.596777 0.000000
vt 3.103338 -4.572190 0.000000
vt 3.121506 -4.545000 0.000000
vt 3.135970 -4.515671 0.000000
vt 3.146481 -4.484705 0.000000
vt 3.152861 -4.452631 0.000000
vt 2.445000 -2.455000 0.000000
vt 3.155000 4.420000 0.000000
vt 2.445000 2.455000 0.000000
vt 2.445000 3.970000 0.000000
vt 2.905000 4.670000 0.000000
vt 2.345000 3.970000 0.000000
vt 2.245000 3.970000 0.000000
vt 2.345000 2.455000 0.000000
vt 2.245000 2.455000 0.000000
vt 2.345000 -2.455000 0.000000
vt 2.245000 -2.455000 0.000000
vt 2.245000 -3.970000 0.000000
vt 2.145000 -3.970000 0.000000
vt 2.045000 -3.970000 0.000000
vt 2.145000 -2.455000 0.000000
vt 2.045000 2.455000 0.000000
vt 2.145000 2.455000 0.000000
vt 2.045000 3.970000 0.000000
vt 2.145000 3.970000 0.000000
vt 3.152861 4.452631 0.000000
vt 3.146481 4.484705 0.000000
vt 3.135970 4.515671 0.000000
vt 3.121506 4.545000 0.000000
vt 3.103338 4.572190 0.000000
vt 3.081777 4.596777 0.000000
vt 3.057190 4.618338 0.000000
vt 3.030000 4.636506 0.000000
vt 3.000671 4.650970 0.000000
vt 2.969705 4.661481 0.000000
vt 2.937631 4.667861 0.000000
vt 0.045000 3.970000 0.000000
vt 0.145000 3.970000 0.000000
vt 0.245000 3.970000 0.000000
vt -2.937631 4.667861 0.000000
vt -3.155000 4.420000 0.000000
vt -2.455000 3.970000 0.000000
vt -2.969705 4.661481 0.000000
vt -3.000671 4.650970 0.000000
vt -3.030000 4.636506 0.000000
vt -3.057190 4.618338 0.000000
vt -3.081777 4.596777 0.000000
vt -3.103338 4.572190 0.000000
vt -3.121506 4.545000 0.000000
vt -3.135970 4.515671 0.000000
vt -3.146481 4.484705 0.000000
vt -3.152861 4.452631 0.000000
vt -2.455000 -2.455000 0.000000
vt -2.455000 2.455000 0.000000
vt 1.645000 3.970000 0.000000
vt 1.545000 3.970000 0.000000
vt 1.445000 3.970000 0.000000
vt 1.545000 2.455000 0.000000
vt 1.445000 2.455000 0.000000
vt 1.345000 2.455000 0.000000
vt 1.245000 2.455000 0.000000
vt 1.245000 3.970000 0.000000
vt 1.345000 3.970000 0.000000
vt 1.645000 2.455000 0.000000
vt 1.745000 2.455000 0.000000
vt 1.745000 3.970000 0.000000
vt 1.845000 3.970000 0.000000
vt 1.945000 3.970000 0.000000
vt 1.945000 2.455000 0.000000
vt 1.845000 2.455000 0.000000
vt 0.845000 3.970000 0.000000
vt 0.745000 3.970000 0.000000
vt 0.645000 3.970000 0.000000
vt 0.745000 2.455000 0.000000
vt 0.645000 2.455000 0.000000
vt 0.545000 2.455000 0.000000
vt 0.445000 2.455000 0.000000
vt 0.445000 3.970000 0.000000
vt 0.545000 3.970000 0.000000
vt 0.845000 2.455000 0.000000
vt 0.945000 2.455000 0.000000
vt 0.945000 3.970000 0.000000
vt 1.045000 3.970000 0.000000
vt 1.145000 3.970000 0.000000
vt 1.145000 2.455000 0.000000
vt 1.045000 2.455000 0.000000
vt 0.345000 2.455000 0.000000
vt 0.245000 2.455000 0.000000
vt 0.145000 2.455000 0.000000
vt 0.345000 3.970000 0.000000
vt 0.545000 -3.970000 0.000000
vt 0.645000 -3.970000 0.000000
vt 0.745000 -3.970000 0.000000
vt 0.645000 -2.455000 0.000000
vt 0.745000 -2.455000 0.000000
vt 0.845000 -2.455000 0.000000
vt 0.945000 -2.455000 0.000000
vt 0.945000 -3.970000 0.000000
vt 0.845000 -3.970000 0.000000
vt 0.545000 -2.455000 0.000000
vt 0.445000 -2.455000 0.000000
vt 0.445000 -3.970000 0.000000
vt 0.345000 -3.970000 0.000000
vt 0.245000 -3.970000 0.000000
vt 0.245000 -2.455000 0.000000
vt 0.345000 -2.455000 0.000000
vt -0.855000 -3.970000 0.000000
vt -0.755000 -3.970000 0.000000
vt -0.655000 -3.970000 0.000000
vt -0.755000 -2.455000 0.000000
vt -0.655000 -2.455000 0.000000
vt -0.555000 -2.455000 0.000000
vt -0.455000 -2.455000 0.000000
vt -0.455000 -3.970000 0.000000
vt -0.555000 -3.970000 0.000000
vt -0.855000 -2.455000 0.000000
vt -0.955000 -2.455000 0.000000
vt -0.955000 -3.970000 0.000000
vt -1.055000 -3.970000 0.000000
vt -1.155000 -3.970000 0.000000
vt -1.155000 -2.455000 0.000000
vt -1.055000 -2.455000 0.000000
vt -0.355000 -3.970000 0.000000
vt -0.255000 -3.970000 0.000000
vt -0.355000 -2.455000 0.000000
vt -0.255000 -2.455000 0.000000
vt 1.545000 -3.970000 0.000000
vt 1.445000 -3.970000 0.000000
vt 1.345000 -3.970000 0.000000
vt 1.445000 -2.455000 0.000000
vt 1.545000 -2.455000 0.000000
vt 0.045000 2.455000 0.000000
vt -0.055000 2.455000 0.000000
vt -0.155000 2.455000 0.000000
vt -0.155000 3.970000 0.000000
vt -0.055000 3.970000 0.000000
vt -0.855000 2.455000 0.000000
vt -0.755000 2.455000 0.000000
vt -0.655000 2.455000 0.000000
vt -0.755000 3.970000 0.000000
vt -0.655000 3.970000 0.000000
vt -0.555000 3.970000 0.000000
vt -0.455000 3.970000 0.000000
vt -0.455000 2.455000 0.000000
vt -0.555000 2.455000 0.000000
vt -0.855000 3.970000 0.000000
vt -0.955000 3.970000 0.000000
vt -0.955000 2.455000 0.000000
vt -1.055000 2.455000 0.000000
vt -1.155000 2.455000 0.000000
vt -1.155000 3.970000 0.000000
vt -1.055000 3.970000 0.000000
vt -2.155000 -3.970000 0.000000
vt -2.055000 -3.970000 0.000000
vt -2.155000 -2.455000 0.000000
vt -2.055000 -2.455000 0.000000
vt -1.955000 -2.455000 0.000000
vt -1.855000 -2.455000 0.000000
vt -1.855000 -3.970000 0.000000
vt -1.955000 -3.970000 0.000000
vt -0.355000 2.455000 0.000000
vt -0.255000 2.455000 0.000000
vt -0.355000 3.970000 0.000000
vt -0.255000 3.970000 0.000000
vt -1.655000 -3.970000 0.000000
vt -1.555000 -3.970000 0.000000
vt -1.455000 -3.970000 0.000000
vt -1.555000 -2.455000 0.000000
vt -1.455000 -2.455000 0.000000
vt -1.355000 -2.455000 0.000000
vt -1.255000 -2.455000 0.000000
vt -1.255000 -3.970000 0.000000
vt -1.355000 -3.970000 0.000000
vt -1.655000 -2.455000 0.000000
vt -1.755000 -2.455000 0.000000
vt -1.755000 -3.970000 0.000000
vt -1.255000 2.455000 0.000000
vt -1.355000 2.455000 0.000000
vt -1.455000 2.455000 0.000000
vt -1.355000 3.970000 0.000000
vt -1.255000 3.970000 0.000000
vt -1.655000 2.455000 0.000000
vt -1.555000 2.455000 0.000000
vt -1.555000 3.970000 0.000000
vt -1.455000 3.970000 0.000000
vt -1.655000 3.970000 0.000000
vt -1.755000 3.970000 0.000000
vt -1.755000 2.455000 0.000000
vt -1.855000 2.455000 0.000000
vt -1.955000 2.455000 0.000000
vt -1.955000 3.970000 0.000000
vt -1.855000 3.970000 0.000000
vt 1.045000 -3.970000 0.000000
vt 1.145000 -3.970000 0.000000
vt 1.045000 -2.455000 0.000000
vt 1.145000 -2.455000 0.000000
vt 1.245000 -2.455000 0.000000
vt 1.345000 -2.455000 0.000000
vt 1.245000 -3.970000 0.000000
vt -0.450000 -0.196350 0.000000
vt -0.000000 -0.196350 0.000000
vt -0.450000 -0.163625 0.000000
vt -0.000000 -0.163625 0.000000
vt -0.450000 -0.130900 0.000000
vt -0.000000 -0.130900 0.000000
vt -0.450000 -0.098175 0.000000
vt -0.000000 -0.098175 0.000000
vt -0.450000 -0.065450 0.000000
vt -0.000000 -0.065450 0.000000
vt -0.450000 -0.032725 0.000000
vt -0.000000 -0.032725 0.000000
vt -0.450000 0.000000 0.000000
vt -0.000000 0.000000 0.000000
vt -0.450000 0.032725 0.000000
vt -0.000000 0.032725 0.000000
vt -0.450000 0.065450 0.000000
vt -0.000000 0.065450 0.000000
vt -0.450000 0.098175 0.000000
vt -0.000000 0.098175 0.000000
vt -0.450000 0.130900 0.000000
vt -0.000000 0.130900 0.000000
vt -0.450000 0.163625 0.000000
vt -0.000000 0.163625 0.000000
vt -0.450000 0.196350 0.000000
vt -0.000000 0.196350 0.000000
vt 0.250000 0.000000 0.000000
vt 6.060000 0.000000 0.000000
vt 0.250000 0.450000 0.000000
vt 6.060000 0.450000 0.000000
vt -0.450000 -0.196350 0.000000
vt -0.000000 -0.196350 0.000000
vt -0.450000 -0.163625 0.000000
vt -0.000000 -0.163625 0.000000
vt -0.450000 -0.130900 0.000000
vt -0.000000 -0.130900 0.000000
vt -0.450000 -0.098175 0.000000
vt -0.000000 -0.098175 0.000000
vt -0.450000 -0.065450 0.000000
vt -0.000000 -0.065450 0.000000
vt -0.450000 -0.032725 0.000000
vt -0.000000 -0.032725 0.000000
vt -0.450000 0.000000 0.000000
vt -0.000000 0.000000 0.000000
vt -0.450000 0.032725 0.000000
vt -0.000000 0.032725 0.000000
vt -0.450000 0.065450 0.000000
vt -0.000000 0.065450 0.000000
vt -0.450000 0.098175 0.000000
vt -0.000000 0.098175 0.000000
vt -0.450000 0.130900 0.000000
vt -0.000000 0.130900 0.000000
vt -0.450000 0.163625 0.000000
vt -0.000000 0.163625 0.000000
vt -0.450000 0.196350 0.000000
vt -0.000000 0.196350 0.000000
vt 0.250000 0.000000 0.000000
vt 9.090000 0.000000 0.000000
vt 0.250000 0.450000 0.000000
vt 9.090000 0.450000 0.000000
vt -0.450000 -0.196350 0.000000
vt -0.000000 -0.196350 0.000000
vt -0.450000 -0.163625 0.000000
vt -0.000000 -0.163625 0.000000
vt -0.450000 -0.130900 0.000000
vt -0.000000 -0.130900 0.000000
vt -0.450000 -0.098175 0.000000
vt -0.000000 -0.098175 0.000000
vt -0.450000 -0.065450 0.000000
vt -0.000000 -0.065450 0.000000
vt -0.450000 -0.032725 0.000000
vt -0.000000 -0.032725 0.000000
vt -0.450000 -0.000000 0.000000
vt -0.000000 -0.000000 0.000000
vt -0.450000 0.032725 0.000000
vt -0.000000 0.032725 0.000000
vt -0.450000 0.065450 0.000000
vt -0.000000 0.065450 0.000000
vt -0.450000 0.098175 0.000000
vt -0.000000 0.098175 0.000000
vt -0.450000 0.130900 0.000000
vt -0.000000 0.130900 0.000000
vt -0.450000 0.163625 0.000000
vt -0.000000 0.163625 0.000000
vt -0.450000 0.196350 0.000000
vt -0.000000 0.196350 0.000000
vt 0.250000 0.000000 0.000000
vt 6.060000 0.000000 0.000000
vt 0.250000 0.450000 0.000000
vt 6.060000 0.450000 0.000000
vt -0.450000 -0.196350 0.000000
vt -0.000000 -0.196350 0.000000
vt -0.450000 -0.163625 0.000000
vt -0.000000 -0.163625 0.000000
vt -0.450000 -0.130900 0.000000
vt -0.000000 -0.130900 0.000000
vt -0.450000 -0.098175 0.000000
vt -0.000000 -0.098175 0.000000
vt -0.450000 -0.065450 0.000000
vt -0.000000 -0.065450 0.000000
vt -0.450000 -0.032725 0.000000
vt -0.000000 -0.032725 0.000000
vt -0.450000 0.000000 0.000000
vt -0.000000 0.000000 0.000000
vt -0.450000 0.032725 0.000000
vt -0.000000 0.032725 0.000000
vt -0.450000 0.065450 0.000000
vt -0.000000 0.065450 0.000000
vt -0.450000 0.098175 0.000000
vt -0.000000 0.098175 0.000000
vt -0.450000 0.130900 0.000000
vt -0.000000 0.130900 0.000000
vt -0.450000 0.163625 0.000000
vt -0.000000 0.163625 0.000000
vt -0.450000 0.196350 0.000000
vt -0.000000 0.196350 0.000000
vt 9.090000 0.450000 0.000000
vt 0.250000 0.450000 0.000000
vt 9.090000 0.000000 0.000000
vt 0.250000 0.000000 0.000000
vt 1.965000 0.000000 0.000000
vt 1.515000 0.450000 0.000000
vt -0.000000 0.000000 0.000000
vt -0.000000 0.450000 0.000000
vt -0.450000 0.000000 0.000000
vt 1.515000 0.000000 0.000000
vt 0.000000 0.450000 0.000000
vt 1.515000 0.450000 0.000000
vt 1.965000 0.000000 0.000000
vt 1.515000 0.450000 0.000000
vt -0.000000 0.000000 0.000000
vt -0.000000 0.450000 0.000000
vt -0.450000 0.000000 0.000000
vt 1.515000 0.000000 0.000000
vt 0.000000 0.450000 0.000000
vt 1.515000 0.450000 0.000000
vt 1.965000 0.000000 0.000000
vt 1.515000 0.450000 0.000000
vt -0.000000 0.000000 0.000000
vt -0.000000 0.450000 0.000000
vt -0.450000 0.000000 0.000000
vt 1.515000 0.000000 0.000000
vt 0.000000 0.450000 0.000000
vt 1.515000 0.450000 0.000000
vt 1.965000 0.000000 0.000000
vt 1.515000 0.450000 0.000000
vt -0.000000 0.000000 0.000000
vt -0.000000 0.450000 0.000000
vt -0.450000 0.000000 0.000000
vt 1.515000 0.000000 0.000000
vt 0.000000 0.450000 0.000000
vt 1.515000 0.450000 0.000000
vt 1.965000 0.000000 0.000000
vt 1.515000 0.450000 0.000000
vt -0.000000 0.000000 0.000000
vt 0.000000 0.450000 0.000000
vt -0.450000 0.000000 0.000000
vt 1.515000 0.000000 0.000000
vt 0.000000 0.450000 0.000000
vt 1.515000 0.450000 0.000000
vt 1.965000 0.000000 0.000000
vt 1.515000 0.450000 0.000000
vt -0.000000 0.000000 0.000000
vt -0.000000 0.450000 0.000000
vt -0.450000 0.000000 0.000000
vt 1.515000 0.000000 0.000000
vt 0.000000 0.450000 0.000000
vt 1.515000 0.450000 0.000000
vt 1.965000 0.000000 0.000000
vt 1.515000 0.450000 0.000000
vt -0.000000 0.000000 0.000000
vt -0.000000 0.450000 0.000000
vt -0.450000 0.000000 0.000000
vt 1.515000 0.000000 0.000000
vt 0.000000 0.450000 0.000000
vt 1.515000 0.450000 0.000000
vt 1.965000 0.000000 0.000000
vt 1.515000 0.450000 0.000000
vt -0.000000 0.000000 0.000000
vt -0.000000 0.450000 0.000000
vt -0.450000 0.000000 0.000000
vt 1.515000 0.000000 0.000000
vt 0.000000 0.450000 0.000000
vt 1.515000 0.450000 0.000000
vt 1.965000 0.000000 0.000000
vt 1.515000 0.450000 0.000000
vt -0.000000 0.000000 0.000000
vt -0.000000 0.450000 0.000000
vt -0.450000 0.000000 0.000000
vt 1.515000 0.000000 0.000000
vt 0.000000 0.450000 0.000000
vt 1.515000 0.450000 0.000000
vt 1.965000 0.000000 0.000000
vt 1.515000 0.450000 0.000000
vt -0.000000 0.000000 0.000000
vt -0.000000 0.450000 0.000000
vt -0.450000 0.000000 0.000000
vt 1.515000 0.000000 0.000000
vt 0.000000 0.450000 0.000000
vt 1.515000 0.450000 0.000000
vt 1.965000 0.000000 0.000000
vt 1.515000 0.450000 0.000000
vt -0.000000 0.000000 0.000000
vt -0.000000 0.450000 0.000000
vt -0.450000 0.000000 0.000000
vt 1.515000 0.000000 0.000000
vt 0.000000 0.450000 0.000000
vt 1.515000 0.450000 0.000000
vt -1.515000 0.450000 0.000000
vt -1.515000 0.000000 0.000000
vt -0.000000 0.450000 0.000000
vt 0.450000 0.000000 0.000000
vt -0.450000 0.000000 0.000000
vt 1.515000 0.000000 0.000000
vt 0.000000 0.450000 0.000000
vt 1.515000 0.450000 0.000000
vt 1.965000 0.000000 0.000000
vt 1.515000 0.450000 0.000000
vt 0.000000 0.000000 0.000000
vt 0.000000 0.450000 0.000000
vt -0.450000 0.000000 0.000000
vt 1.515000 0.000000 0.000000
vt 0.000000 0.450000 0.000000
vt 1.515000 0.450000 0.000000
vt 1.965000 0.000000 0.000000
vt 1.515000 0.450000 0.000000
vt 0.000000 0.000000 0.000000
vt 0.000000 0.450000 0.000000
vt -0.450000 0.000000 0.000000
vt 1.515000 0.000000 0.000000
vt 0.000000 0.450000 0.000000
vt 1.515000 0.450000 0.000000
vt 1.965000 0.000000 0.000000
vt 1.515000 0.450000 0.000000
vt 0.000000 0.000000 0.000000
vt 0.000000 0.450000 0.000000
vt -0.450000 0.000000 0.000000
vt 1.515000 0.000000 0.000000
vt 0.000000 0.450000 0.000000
vt 1.515000 0.450000 0.000000
vt 1.965000 0.000000 0.000000
vt 1.515000 0.450000 0.000000
vt 0.000000 0.000000 0.000000
vt 0.000000 0.450000 0.000000
vt 2.300000 0.450000 0.000000
vt 2.200000 0.450000 0.000000
vt 2.300000 0.000000 0.000000
vt 2.200000 0.000000 0.000000
vt -0.450000 0.000000 0.000000
vt 1.515000 0.000000 0.000000
vt 0.000000 0.450000 0.000000
vt 1.515000 0.450000 0.000000
vt 1.965000 0.000000 0.000000
vt 1.515000 0.450000 0.000000
vt 0.000000 0.000000 0.000000
vt 0.000000 0.450000 0.000000
vt -0.450000 0.000000 0.000000
vt 1.515000 0.000000 0.000000
vt 0.000000 0.450000 0.000000
vt 1.515000 0.450000 0.000000
vt 1.965000 0.000000 0.000000
vt 1.515000 0.450000 0.000000
vt 0.000000 0.000000 0.000000
vt 0.000000 0.450000 0.000000
vt -0.450000 0.000000 0.000000
vt 1.515000 0.000000 0.000000
vt 0.000000 0.450000 0.000000
vt 1.515000 0.450000 0.000000
vt 1.965000 0.000000 0.000000
vt 1.515000 0.450000 0.000000
vt 0.000000 0.000000 0.000000
vt 0.000000 0.450000 0.000000
vt -0.450000 0.000000 0.000000
vt 1.515000 0.000000 0.000000
vt 0.000000 0.450000 0.000000
vt 1.515000 0.450000 0.000000
vt 1.965000 0.000000 0.000000
vt 1.515000 0.450000 0.000000
vt 0.000000 0.000000 0.000000
vt 0.000000 0.450000 0.000000
vt 1.965000 0.000000 0.000000
vt 1.515000 0.450000 0.000000
vt 0.000000 0.000000 0.000000
vt 0.000000 0.450000 0.000000
vt -0.450000 0.000000 0.000000
vt 1.515000 0.000000 0.000000
vt 0.000000 0.450000 0.000000
vt 1.515000 0.450000 0.000000
vt -0.450000 0.000000 0.000000
vt 1.515000 0.000000 0.000000
vt 0.000000 0.450000 0.000000
vt 1.515000 0.450000 0.000000
vt 1.965000 0.000000 0.000000
vt 1.515000 0.450000 0.000000
vt 0.000000 0.000000 0.000000
vt 0.000000 0.450000 0.000000
vt 1.965000 0.000000 0.000000
vt 1.515000 0.450000 0.000000
vt 0.000000 0.000000 0.000000
vt 0.000000 0.450000 0.000000
vt -0.450000 0.000000 0.000000
vt 1.515000 0.000000 0.000000
vt 0.000000 0.450000 0.000000
vt 1.515000 0.450000 0.000000
vt -0.450000 0.000000 0.000000
vt 1.515000 0.000000 0.000000
vt 0.000000 0.450000 0.000000
vt 1.515000 0.450000 0.000000
vt 1.965000 0.000000 0.000000
vt 1.515000 0.450000 0.000000
vt 0.000000 0.000000 0.000000
vt 0.000000 0.450000 0.000000
vt -0.450000 0.000000 0.000000
vt 1.515000 0.000000 0.000000
vt 0.000000 0.450000 0.000000
vt 1.515000 0.450000 0.000000
vt 1.965000 0.000000 0.000000
vt 1.515000 0.450000 0.000000
vt 0.000000 0.000000 0.000000
vt 0.000000 0.450000 0.000000
vt 1.965000 0.000000 0.000000
vt 1.515000 0.450000 0.000000
vt 0.000000 0.000000 0.000000
vt 0.000000 0.450000 0.000000
vt -0.450000 0.000000 0.000000
vt 1.515000 0.000000 0.000000
vt 0.000000 0.450000 0.000000
vt 1.515000 0.450000 0.000000
vt 1.965000 0.000000 0.000000
vt 1.515000 0.450000 0.000000
vt 0.000000 0.000000 0.000000
vt 0.000000 0.450000 0.000000
vt -0.450000 0.000000 0.000000
vt 1.515000 0.000000 0.000000
vt 0.000000 0.450000 0.000000
vt 1.515000 0.450000 0.000000
vt 1.965000 0.000000 0.000000
vt 1.515000 0.450000 0.000000
vt 0.000000 0.000000 0.000000
vt 0.000000 0.450000 0.000000
vt -0.450000 0.000000 0.000000
vt 1.515000 0.000000 0.000000
vt 0.000000 0.450000 0.000000
vt 1.515000 0.450000 0.000000
vt 1.965000 0.000000 0.000000
vt 1.515000 0.450000 0.000000
vt 0.000000 0.000000 0.000000
vt 0.000000 0.450000 0.000000
vt -0.450000 0.000000 0.000000
vt 1.515000 0.000000 0.000000
vt 0.000000 0.450000 0.000000
vt 1.515000 0.450000 0.000000
vt -0.450000 0.000000 0.000000
vt 1.515000 0.000000 0.000000
vt 0.000000 0.450000 0.000000
vt 1.515000 0.450000 0.000000
vt 1.965000 0.000000 0.000000
vt 1.515000 0.450000 0.000000
vt 0.000000 0.000000 0.000000
vt 0.000000 0.450000 0.000000
vt -0.450000 0.000000 0.000000
vt 1.515000 0.000000 0.000000
vt 0.000000 0.450000 0.000000
vt 1.515000 0.450000 0.000000
vt 1.965000 0.000000 0.000000
vt 1.515000 0.450000 0.000000
vt 0.000000 0.000000 0.000000
vt 0.000000 0.450000 0.000000
vt 1.965000 0.000000 0.000000
vt 1.515000 0.450000 0.000000
vt 0.000000 0.000000 0.000000
vt 0.000000 0.450000 0.000000
vt -0.450000 0.000000 0.000000
vt 1.515000 0.000000 0.000000
vt 0.000000 0.450000 0.000000
vt 1.515000 0.450000 0.000000
vt -0.450000 0.000000 0.000000
vt 1.515000 0.000000 0.000000
vt 0.000000 0.450000 0.000000
vt 1.515000 0.450000 0.000000
vt 1.965000 0.000000 0.000000
vt 1.515000 0.450000 0.000000
vt 0.000000 0.000000 0.000000
vt 0.000000 0.450000 0.000000
vt -0.450000 0.000000 0.000000
vt 1.515000 0.000000 0.000000
vt 0.000000 0.450000 0.000000
vt 1.515000 0.450000 0.000000
vt 1.965000 0.000000 0.000000
vt 1.515000 0.450000 0.000000
vt 0.000000 0.000000 0.000000
vt 0.000000 0.450000 0.000000
vt 1.965000 0.000000 0.000000
vt 1.515000 0.450000 0.000000
vt 0.000000 0.000000 0.000000
vt 0.000000 0.450000 0.000000
vt -0.450000 0.000000 0.000000
vt 1.515000 0.000000 0.000000
vt 0.000000 0.450000 0.000000
vt 1.515000 0.450000 0.000000
vt 1.965000 0.000000 0.000000
vt 1.515000 0.450000 0.000000
vt 0.000000 0.000000 0.000000
vt 0.000000 0.450000 0.000000
vt -0.450000 0.000000 0.000000
vt 1.515000 0.000000 0.000000
vt 0.000000 0.450000 0.000000
vt 1.515000 0.450000 0.000000
vt 1.965000 0.000000 0.000000
vt 1.515000 0.450000 0.000000
vt 0.000000 0.000000 0.000000
vt 0.000000 0.450000 0.000000
vt -0.450000 0.000000 0.000000
vt 1.515000 0.000000 0.000000
vt 0.000000 0.450000 0.000000
vt 1.515000 0.450000 0.000000
vt 1.965000 0.000000 0.000000
vt 1.515000 0.450000 0.000000
vt 0.000000 0.000000 0.000000
vt 0.000000 0.450000 0.000000
vt 1.965000 0.000000 0.000000
vt 1.515000 0.450000 0.000000
vt 0.000000 0.000000 0.000000
vt 0.000000 0.450000 0.000000
vt -0.450000 0.000000 0.000000
vt 1.515000 0.000000 0.000000
vt 0.000000 0.450000 0.000000
vt 1.515000 0.450000 0.000000
vt 1.965000 0.000000 0.000000
vt 1.515000 0.450000 0.000000
vt 0.000000 0.000000 0.000000
vt 0.000000 0.450000 0.000000
vt -0.450000 0.000000 0.000000
vt 1.515000 0.000000 0.000000
vt 0.000000 0.450000 0.000000
vt 1.515000 0.450000 0.000000
vt -0.450000 0.000000 0.000000
vt 1.515000 0.000000 0.000000
vt 0.000000 0.450000 0.000000
vt 1.515000 0.450000 0.000000
vt 7.940000 0.450000 0.000000
vt 6.425000 0.450000 0.000000
vt 7.940000 0.000000 0.000000
vt 5.975000 0.000000 0.000000
vt -0.450000 0.000000 0.000000
vt 1.515000 0.000000 0.000000
vt 0.000000 0.450000 0.000000
vt 1.515000 0.450000 0.000000
vt 1.965000 0.000000 0.000000
vt 1.515000 0.450000 0.000000
vt 0.000000 0.000000 0.000000
vt 0.000000 0.450000 0.000000
vt -0.450000 0.000000 0.000000
vt 1.515000 0.000000 0.000000
vt 0.000000 0.450000 0.000000
vt 1.515000 0.450000 0.000000
vt 1.965000 0.000000 0.000000
vt 1.515000 0.450000 0.000000
vt 0.000000 0.000000 0.000000
vt 0.000000 0.450000 0.000000
vt -0.450000 0.000000 0.000000
vt 1.515000 0.000000 0.000000
vt 0.000000 0.450000 0.000000
vt 1.515000 0.450000 0.000000
vt 1.965000 0.000000 0.000000
vt 1.515000 0.450000 0.000000
vt 0.000000 0.000000 0.000000
vt 0.000000 0.450000 0.000000
vt -0.450000 0.000000 0.000000
vt 1.515000 0.000000 0.000000
vt 0.000000 0.450000 0.000000
vt 1.515000 0.450000 0.000000
vt 1.965000 0.000000 0.000000
vt 1.515000 0.450000 0.000000
vt 0.000000 0.000000 0.000000
vt 0.000000 0.450000 0.000000
vt -0.450000 0.000000 0.000000
vt 1.515000 0.000000 0.000000
vt 0.000000 0.450000 0.000000
vt 1.515000 0.450000 0.000000
vt 1.965000 0.000000 0.000000
vt 1.515000 0.450000 0.000000
vt 0.000000 0.000000 0.000000
vt 0.000000 0.450000 0.000000
vt -0.450000 0.000000 0.000000
vt 1.515000 0.000000 0.000000
vt 0.000000 0.450000 0.000000
vt 1.515000 0.450000 0.000000
vt 1.965000 0.000000 0.000000
vt 1.515000 0.450000 0.000000
vt 0.000000 0.000000 0.000000
vt 0.000000 0.450000 0.000000
vt -0.450000 0.000000 0.000000
vt 1.515000 0.000000 0.000000
vt 0.000000 0.450000 0.000000
vt 1.515000 0.450000 0.000000
vt 1.965000 0.000000 0.000000
vt 1.515000 0.450000 0.000000
vt 0.000000 0.000000 0.000000
vt 0.000000 0.450000 0.000000
vt -0.450000 0.000000 0.000000
vt 1.515000 0.000000 0.000000
vt 0.000000 0.450000 0.000000
vt 1.515000 0.450000 0.000000
vt 1.965000 0.000000 0.000000
vt 1.515000 0.450000 0.000000
vt 0.000000 0.000000 0.000000
vt 0.000000 0.450000 0.000000
vt -0.450000 0.000000 0.000000
vt 1.515000 0.000000 0.000000
vt 0.000000 0.450000 0.000000
vt 1.515000 0.450000 0.000000
vt 1.965000 0.000000 0.000000
vt 1.515000 0.450000 0.000000
vt 0.000000 0.000000 0.000000
vt 0.000000 0.450000 0.000000
vt -0.450000 0.000000 0.000000
vt 1.515000 0.000000 0.000000
vt 0.000000 0.450000 0.000000
vt 1.515000 0.450000 0.000000
vt 2.905000 4.670000 0.000000
vt -2.905000 4.670000 0.000000
vt -2.995000 4.520000 0.000000
vt -2.937631 4.667861 0.000000
vt -2.969705 4.661481 0.000000
vt -3.000671 4.650970 0.000000
vt -3.030000 4.636506 0.000000
vt -3.057190 4.618338 0.000000
vt -3.081777 4.596777 0.000000
vt -3.103338 4.572190 0.000000
vt -3.121506 4.545000 0.000000
vt -3.135970 4.515671 0.000000
vt -3.146481 4.484705 0.000000
vt -3.152861 4.452631 0.000000
vt -3.155000 4.420000 0.000000
vt -2.995000 -4.480000 0.000000
vt -3.155000 -4.420000 0.000000
vt -3.152861 -4.452631 0.000000
vt -3.146481 -4.484705 0.000000
vt -3.135970 -4.515671 0.000000
vt -3.121506 -4.545000 0.000000
vt -3.103338 -4.572190 0.000000
vt -3.081777 -4.596777 0.000000
vt -3.057190 -4.618338 0.000000
vt -3.030000 -4.636506 0.000000
vt -3.000671 -4.650970 0.000000
vt -2.969705 -4.661481 0.000000
vt -2.937631 -4.667861 0.000000
vt -2.905000 -4.670000 0.000000
vt 2.905000 -4.670000 0.000000
vt 3.005000 -4.480000 0.000000
vt 2.937631 -4.667861 0.000000
vt 2.969705 -4.661481 0.000000
vt 3.000671 -4.650970 0.000000
vt 3.030000 -4.636506 0.000000
vt 3.057190 -4.618338 0.000000
vt 3.081777 -4.596777 0.000000
vt 3.103338 -4.572190 0.000000
vt 3.121506 -4.545000 0.000000
vt 3.135970 -4.515671 0.000000
vt 3.146481 -4.484705 0.000000
vt 3.152861 -4.452631 0.000000
vt 3.155000 -4.420000 0.000000
vt 3.155000 4.420000 0.000000
vt 3.005000 4.520000 0.000000
vt 3.152861 4.452631 0.000000
vt 3.146481 4.484705 0.000000
vt 3.135970 4.515671 0.000000
vt 3.121506 4.545000 0.000000
vt 3.103338 4.572190 0.000000
vt 3.081777 4.596777 0.000000
vt 3.057190 4.618338 0.000000
vt 3.030000 4.636506 0.000000
vt 3.000671 4.650970 0.000000
vt 2.969705 4.661481 0.000000
vt 2.937631 4.667861 0.000000
vn 0.000000 0.070711 -0.070711
vn 0.000000 0.070711 -0.070711
vn 0.000000 0.070711 -0.070711
vn 0.000000 0.070711 -0.070711
vn 0.000000 0.000000 -0.100000
vn 0.000000 0.000000 -0.100000
vn 0.000000 0.000000 -0.100000
vn 0.000000 0.000000 -0.100000
vn 0.000000 0.000000 -0.100000
vn 0.000000 0.000000 -0.100000
vn 0.000000 0.000000 -0.100000
vn 0.000000 0.000000 -0.100000
vn 0.000000 0.000000 -0.100000
vn 0.000000 0.000000 -0.100000
vn 0.000000 0.000000 -0.100000
vn 0.000000 0.000000 -0.100000
vn 0.000000 0.000000 -0.100000
vn 0.000000 0.000000 -0.100000
vn 0.000000 0.000000 -0.100000
vn 0.000000 0.000000 -0.100000
vn 0.000000 0.000000 -0.100000
vn 0.000000 0.000000 -0.100000
vn 0.000000 0.000000 -0.100000
vn 0.000000 0.000000 -0.100000
vn 0.000000 0.000000 -0.100000
vn 0.000000 0.000000 -0.100000
vn 0.000000 0.000000 -0.100000
vn 0.000000 0.000000 -0.100000
vn 0.000000 0.000000 -0.100000
vn 0.000000 0.000000 -0.100000
vn 0.000000 0.000000 -0.100000
vn 0.000000 0.000000 -0.100000
vn 0.000000 0.000000 -0.100000
vn 0.000000 0.000000 -0.100000
vn 0.000000 0.000000 -0.100000
vn 0.000000 0.000000 -0.100000
vn 0.000000 0.000000 -0.100000
vn 0.000000 0.000000 -0.100000
vn 0.000000 0.000000 -0.100000
vn 0.000000 0.000000 -0.100000
vn 0.000000 0.000000 -0.100000
vn 0.000000 0.000000 -0.100000
vn 0.000000 0.000000 -0.100000
vn 0.000000 0.000000 -0.100000
vn 0.000000 0.000000 -0.100000
vn 0.000000 0.000000 -0.100000
vn 0.000000 0.000000 -0.100000
vn 0.000000 0.000000 -0.100000
vn 0.000000 0.000000 -0.100000
vn 0.000000 0.000000 -0.100000
vn 0.000000 0.000000 -0.100000
vn 0.000000 0.000000 -0.100000
vn 0.000000 0.000000 -0.100000
vn 0.000000 0.000000 -0.100000
vn 0.000000 0.000000 -0.100000
vn 0.000000 0.000000 -0.100000
vn 0.000000 0.000000 -0.100000
vn 0.000000 0.000000 -0.100000
vn 0.000000 0.000000 -0.100000
vn 0.000000 0.000000 -0.100000
vn 0.000000 0.000000 -0.100000
vn 0.000000 0.000000 -0.100000
vn 0.000000 0.000000 -0.100000
vn 0.000000 0.000000 -0.100000
vn 0.000000 0.000000 -0.100000
vn 0.000000 0.000000 -0.100000
vn 0.000000 0.000000 -0.100000
vn 0.000000 0.000000 -0.100000
vn 0.000000 0.000000 -0.100000
vn 0.000000 0.000000 -0.100000
vn 0.000000 0.000000 -0.100000
vn 0.000000 0.000000 -0.100000
vn 0.000000 0.000000 -0.100000
vn 0.000000 0.000000 -0.100000
vn 0.000000 0.000000 -0.100000
vn 0.000000 0.000000 -0.100000
vn 0.000000 0.000000 -0.100000
vn 0.000000 0.000000 -0.100000
vn 0.000000 0.000000 -0.100000
vn 0.000000 0.000000 -0.100000
vn 0.000000 0.000000 -0.100000
vn 0.000000 0.000000 -0.100000
vn 0.000000 0.000000 -0.100000
vn 0.000000 0.000000 -0.100000
vn 0.000000 0.000000 -0.100000
vn 0.000000 0.000000 -0.100000
vn 0.000000 0.000000 -0.100000
vn 0.000000 0.000000 -0.100000
vn 0.000000 0.000000 -0.100000
vn 0.000000 0.000000 -0.100000
vn 0.000000 0.000000 -0.100000
vn 0.000000 0.000000 -0.100000
vn 0.000000 0.000000 -0.100000
vn 0.000000 0.000000 -0.100000
vn 0.000000 0.000000 -0.100000
vn 0.000000 0.000000 -0.100000
vn 0.000000 0.000000 -0.100000
vn 0.000000 0.000000 -0.100000
vn 0.000000 0.000000 -0.100000
vn 0.000000 0.000000 -0.100000
vn 0.000000 0.000000 -0.100000
vn 0.000000 0.000000 -0.100000
vn 0.000000 0.000000 -0.100000
vn 0.000000 0.000000 -0.100000
vn 0.000000 0.000000 -0.100000
vn 0.000000 0.000000 -0.100000
vn 0.000000 0.000000 -0.100000
vn 0.000000 0.000000 -0.100000
vn 0.000000 0.000000 -0.100000
vn 0.000000 0.000000 -0.100000
vn 0.000000 0.000000 -0.100000
vn 0.000000 0.000000 -0.100000
vn 0.000000 0.000000 -0.100000
vn 0.000000 0.000000 -0.100000
vn 0.000000 0.000000 -0.100000
vn 0.000000 0.000000 -0.100000
vn 0.000000 0.000000 -0.100000
vn 0.000000 0.000000 -0.100000
vn 0.000000 0.000000 -0.100000
vn 0.000000 0.000000 -0.100000
vn 0.000000 0.000000 -0.100000
vn 0.000000 0.000000 -0.100000
vn 0.000000 0.000000 -0.100000
vn 0.000000 0.000000 -0.100000
vn 0.000000 0.000000 -0.100000
vn 0.000000 0.000000 -0.100000
vn 0.000000 0.000000 -0.100000
vn 0.000000 0.000000 -0.100000
vn 0.000000 0.000000 -0.100000
vn 0.000000 0.000000 -0.100000
vn 0.000000 0.000000 -0.100000
vn 0.000000 0.000000 -0.100000
vn 0.000000 0.000000 -0.100000
vn 0.000000 0.000000 -0.100000
vn 0.000000 0.000000 -0.100000
vn 0.000000 0.000000 -0.100000
vn 0.000000 0.000000 -0.100000
vn 0.000000 0.000000 -0.100000
vn 0.000000 0.000000 -0.100000
vn 0.000000 0.000000 -0.100000
vn 0.000000 0.000000 -0.100000
vn 0.000000 0.000000 -0.100000
vn 0.000000 0.000000 -0.100000
vn 0.000000 0.000000 -0.100000
vn 0.000000 0.000000 -0.100000
vn 0.000000 0.000000 -0.100000
vn 0.000000 0.000000 -0.100000
vn 0.000000 0.000000 -0.100000
vn 0.000000 0.000000 -0.100000
vn 0.000000 0.000000 -0.100000
vn 0.000000 0.000000 -0.100000
vn 0.000000 0.000000 -0.100000
vn 0.000000 0.000000 -0.100000
vn 0.000000 0.000000 -0.100000
vn 0.000000 0.000000 -0.100000
vn 0.000000 0.000000 -0.100000
vn 0.000000 0.000000 -0.100000
vn 0.000000 0.000000 -0.100000
vn 0.000000 0.000000 -0.100000
vn 0.000000 0.000000 -0.100000
vn 0.000000 0.000000 -0.100000
vn 0.000000 0.000000 -0.100000
vn 0.000000 0.000000 -0.100000
vn 0.000000 0.000000 -0.100000
vn 0.000000 0.000000 -0.100000
vn 0.000000 0.000000 -0.100000
vn 0.000000 0.000000 -0.100000
vn 0.000000 0.000000 -0.100000
vn 0.000000 0.000000 -0.100000
vn 0.000000 0.000000 -0.100000
vn 0.000000 0.000000 -0.100000
vn 0.000000 0.000000 -0.100000
vn 0.000000 0.000000 -0.100000
vn 0.000000 0.000000 -0.100000
vn 0.000000 0.000000 -0.100000
vn 0.000000 0.000000 -0.100000
vn 0.000000 0.000000 -0.100000
vn 0.000000 0.000000 -0.100000
vn 0.000000 0.000000 -0.100000
vn 0.000000 0.000000 -0.100000
vn 0.000000 0.000000 -0.100000
vn 0.000000 0.000000 -0.100000
vn 0.000000 0.000000 -0.100000
vn 0.000000 0.000000 -0.100000
vn 0.000000 0.000000 -0.100000
vn 0.000000 0.000000 -0.100000
vn 0.000000 0.000000 -0.100000
vn 0.000000 0.000000 -0.100000
vn 0.000000 0.000000 -0.100000
vn 0.000000 0.000000 -0.100000
vn 0.000000 0.000000 -0.100000
vn 0.000000 0.000000 -0.100000
vn 0.000000 0.000000 -0.100000
vn 0.000000 0.000000 -0.100000
vn 0.000000 0.000000 -0.100000
vn 0.000000 0.000000 -0.100000
vn 0.000000 0.000000 -0.100000
vn 0.000000 0.000000 -0.100000
vn 0.000000 0.000000 -0.100000
vn 0.000000 0.000000 -0.100000
vn 0.000000 0.000000 -0.100000
vn 0.000000 0.000000 -0.100000
vn 0.000000 0.000000 -0.100000
vn 0.000000 0.000000 -0.100000
vn 0.000000 0.000000 -0.100000
vn 0.000000 0.000000 -0.100000
vn 0.000000 0.000000 -0.100000
vn 0.000000 0.000000 -0.100000
vn 0.000000 0.070711 -0.070711
vn 0.000000 0.070711 -0.070711
vn 0.000000 0.070711 -0.070711
vn 0.000000 0.070711 -0.070711
vn 0.000000 0.070711 -0.070711
vn 0.000000 0.070711 -0.070711
vn 0.000000 0.070711 -0.070711
vn 0.000000 0.070711 -0.070711
vn 0.000000 0.070711 -0.070711
vn 0.000000 0.070711 -0.070711
vn 0.000000 0.070711 -0.070711
vn 0.000000 0.070711 -0.070711
vn 0.000000 0.070711 -0.070711
vn 0.000000 0.070711 -0.070711
vn 0.000000 0.070711 -0.070711
vn 0.000000 0.070711 -0.070711
vn 0.000000 0.070711 -0.070711
vn 0.000000 0.070711 -0.070711
vn 0.000000 0.070711 -0.070711
vn 0.000000 0.070711 -0.070711
vn 0.000000 0.070711 -0.070711
vn 0.000000 0.070711 -0.070711
vn 0.000000 0.070711 -0.070711
vn 0.000000 0.070711 -0.070711
vn 0.000000 0.070711 -0.070711
vn 0.000000 0.070711 -0.070711
vn 0.000000 0.070711 -0.070711
vn 0.000000 0.070711 -0.070711
vn 0.000000 0.070711 -0.070711
vn 0.000000 0.070711 -0.070711
vn 0.000000 0.070711 -0.070711
vn 0.000000 0.070711 -0.070711
vn 0.000000 0.070711 -0.070711
vn 0.000000 0.070711 -0.070711
vn 0.000000 0.070711 -0.070711
vn 0.000000 0.070711 -0.070711
vn 0.000000 0.070711 -0.070711
vn 0.000000 0.070711 -0.070711
vn 0.000000 0.070711 -0.070711
vn 0.000000 0.070711 -0.070711
vn 0.000000 0.070711 -0.070711
vn 0.000000 0.070711 -0.070711
vn 0.000000 0.070711 -0.070711
vn 0.000000 0.070711 -0.070711
vn 0.000000 0.070711 -0.070711
vn 0.000000 0.070711 -0.070711
vn 0.000000 0.070711 -0.070711
vn 0.000000 0.070711 -0.070711
vn 0.000000 0.070711 -0.070711
vn 0.000000 0.070711 -0.070711
vn 0.000000 0.070711 -0.070711
vn 0.000000 0.070711 -0.070711
vn 0.000000 0.070711 -0.070711
vn 0.000000 0.070711 -0.070711
vn 0.000000 0.070711 -0.070711
vn 0.000000 0.070711 -0.070711
vn 0.000000 0.070711 -0.070711
vn 0.000000 0.070711 -0.070711
vn 0.000000 0.070711 -0.070711
vn 0.000000 0.070711 -0.070711
vn 0.000000 0.070711 -0.070711
vn 0.000000 0.070711 -0.070711
vn 0.000000 0.070711 -0.070711
vn 0.000000 0.070711 -0.070711
vn 0.000000 0.070711 -0.070711
vn 0.000000 0.070711 -0.070711
vn 0.000000 0.070711 -0.070711
vn 0.000000 0.070711 -0.070711
vn 0.000000 0.070711 -0.070711
vn 0.000000 0.070711 -0.070711
vn 0.000000 0.070711 -0.070711
vn 0.000000 0.070711 -0.070711
vn 0.000000 0.070711 -0.070711
vn 0.000000 0.070711 -0.070711
vn 0.000000 0.070711 -0.070711
vn 0.000000 0.070711 -0.070711
vn 0.000000 0.070711 -0.070711
vn 0.000000 0.070711 -0.070711
vn 0.000000 0.070711 -0.070711
vn 0.000000 0.070711 -0.070711
vn 0.000000 0.070711 -0.070711
vn 0.000000 0.070711 -0.070711
vn 0.000000 0.070711 -0.070711
vn 0.000000 0.070711 -0.070711
vn 0.000000 0.070711 -0.070711
vn 0.000000 0.070711 -0.070711
vn 0.000000 0.070711 -0.070711
vn 0.000000 0.070711 -0.070711
vn 0.000000 0.070711 -0.070711
vn 0.000000 0.070711 -0.070711
vn 0.000000 0.070711 -0.070711
vn 0.000000 0.070711 -0.070711
vn 0.000000 0.070711 -0.070711
vn 0.000000 0.070711 -0.070711
vn 0.000000 0.070711 -0.070711
vn 0.000000 0.070711 -0.070711
vn 0.000000 -0.070711 -0.070711
vn 0.000000 -0.070711 -0.070711
vn 0.000000 -0.070711 -0.070711
vn 0.000000 -0.070711 -0.070711
vn 0.000000 -0.070711 -0.070711
vn 0.000000 -0.070711 -0.070711
vn 0.000000 -0.070711 -0.070711
vn 0.000000 -0.070711 -0.070711
vn 0.000000 -0.070711 -0.070711
vn 0.000000 -0.070711 -0.070711
vn 0.000000 -0.070711 -0.070711
vn 0.000000 -0.070711 -0.070711
vn 0.000000 -0.070711 -0.070711
vn 0.000000 -0.070711 -0.070711
vn 0.000000 -0.070711 -0.070711
vn 0.000000 -0.070711 -0.070711
vn 0.000000 -0.070711 -0.070711
vn 0.000000 -0.070711 -0.070711
vn 0.000000 -0.070711 -0.070711
vn 0.000000 -0.070711 -0.070711
vn 0.000000 -0.070711 -0.070711
vn 0.000000 -0.070711 -0.070711
vn 0.000000 -0.070711 -0.070711
vn 0.000000 -0.070711 -0.070711
vn 0.000000 -0.070711 -0.070711
vn 0.000000 -0.070711 -0.070711
vn 0.000000 -0.070711 -0.070711
vn 0.000000 -0.070711 -0.070711
vn 0.000000 -0.070711 -0.070711
vn 0.000000 -0.070711 -0.070711
vn 0.000000 -0.070711 -0.070711
vn 0.000000 -0.070711 -0.070711
vn 0.000000 -0.070711 -0.070711
vn 0.000000 -0.070711 -0.070711
vn 0.000000 -0.070711 -0.070711
vn 0.000000 -0.070711 -0.070711
vn 0.000000 -0.070711 -0.070711
vn 0.000000 -0.070711 -0.070711
vn 0.000000 -0.070711 -0.070711
vn 0.000000 -0.070711 -0.070711
vn 0.000000 -0.070711 -0.070711
vn 0.000000 -0.070711 -0.070711
vn 0.000000 -0.070711 -0.070711
vn 0.000000 -0.070711 -0.070711
vn 0.000000 -0.070711 -0.070711
vn 0.000000 -0.070711 -0.070711
vn 0.000000 -0.070711 -0.070711
vn 0.000000 -0.070711 -0.070711
vn 0.000000 -0.070711 -0.070711
vn 0.000000 -0.070711 -0.070711
vn 0.000000 -0.070711 -0.070711
vn 0.000000 -0.070711 -0.070711
vn 0.000000 -0.070711 -0.070711
vn 0.000000 -0.070711 -0.070711
vn 0.000000 -0.070711 -0.070711
vn 0.000000 -0.070711 -0.070711
vn 0.000000 -0.070711 -0.070711
vn 0.000000 -0.070711 -0.070711
vn 0.000000 -0.070711 -0.070711
vn 0.000000 -0.070711 -0.070711
vn 0.000000 -0.070711 -0.070711
vn 0.000000 -0.070711 -0.070711
vn 0.000000 -0.070711 -0.070711
vn 0.000000 -0.070711 -0.070711
vn 0.000000 -0.070711 -0.070711
vn 0.000000 -0.070711 -0.070711
vn 0.000000 -0.070711 -0.070711
vn 0.000000 -0.070711 -0.070711
vn 0.000000 -0.070711 -0.070711
vn 0.000000 -0.070711 -0.070711
vn 0.000000 -0.070711 -0.070711
vn 0.000000 -0.070711 -0.070711
vn 0.000000 -0.070711 -0.070711
vn 0.000000 -0.070711 -0.070711
vn 0.000000 -0.070711 -0.070711
vn 0.000000 -0.070711 -0.070711
vn 0.000000 -0.070711 -0.070711
vn 0.000000 -0.070711 -0.070711
vn 0.000000 -0.070711 -0.070711
vn 0.000000 -0.070711 -0.070711
vn 0.000000 -0.070711 -0.070711
vn 0.000000 -0.070711 -0.070711
vn 0.000000 -0.070711 -0.070711
vn 0.000000 -0.070711 -0.070711
vn 0.000000 -0.070711 -0.070711
vn 0.000000 -0.070711 -0.070711
vn 0.000000 -0.070711 -0.070711
vn 0.000000 -0.070711 -0.070711
vn 0.000000 -0.070711 -0.070711
vn 0.000000 -0.070711 -0.070711
vn 0.000000 -0.070711 -0.070711
vn 0.000000 -0.070711 -0.070711
vn 0.000000 -0.070711 -0.070711
vn 0.000000 -0.070711 -0.070711
vn 0.000000 -0.070711 -0.070711
vn 0.000000 -0.070711 -0.070711
vn 0.000000 -0.070711 -0.070711
vn 0.000000 -0.070711 -0.070711
vn 0.000000 -0.070711 -0.070711
vn 0.000000 -0.070711 -0.070711
vn -0.100000 0.000000 0.000000
vn -0.100000 0.000000 0.000000
vn -0.100000 0.000000 0.000000
vn -0.100000 0.000000 0.000000
vn -0.000000 0.100000 -0.000000
vn -0.000000 0.100000 -0.000000
vn -0.000000 0.100000 -0.000000
vn -0.000000 0.100000 -0.000000
vn 0.000000 -0.100000 0.000000
vn 0.000000 -0.100000 0.000000
vn 0.000000 -0.100000 0.000000
vn 0.000000 -0.100000 0.000000
vn 0.100000 0.000000 0.000000
vn 0.100000 0.000000 0.000000
vn 0.100000 0.000000 0.000000
vn 0.100000 0.000000 0.000000
vn 0.100000 0.000000 0.000000
vn 0.100000 0.000000 0.000000
vn 0.100000 0.000000 0.000000
vn 0.100000 0.000000 0.000000
vn 0.000000 -0.100000 0.000000
vn 0.000000 -0.100000 0.000000
vn 0.000000 -0.100000 0.000000
vn 0.000000 -0.100000 0.000000
vn -0.000000 0.100000 -0.000000
vn -0.000000 0.100000 -0.000000
vn -0.000000 0.100000 -0.000000
vn -0.000000 0.100000 -0.000000
vn -0.100000 0.000000 0.000000
vn -0.100000 0.000000 0.000000
vn -0.100000 0.000000 0.000000
vn -0.100000 0.000000 0.000000
vn 0.000000 0.000000 -0.100000
vn 0.000000 0.000000 -0.100000
vn 0.000000 0.000000 -0.100000
vn 0.000000 0.000000 -0.100000
vn 0.000000 0.000000 -0.100000
vn 0.000000 0.000000 -0.100000
vn 0.000000 0.000000 -0.100000
vn 0.000000 0.000000 -0.100000
vn 0.000000 -0.100000 0.000000
vn 0.000000 -0.100000 0.000000
vn 0.000000 -0.100000 0.000000
vn 0.000000 -0.100000 0.000000
vn 0.000000 -0.100000 0.000000
vn 0.000000 -0.100000 0.000000
vn 0.000000 -0.100000 0.000000
vn 0.000000 -0.100000 0.000000
vn 0.000000 -0.100000 0.000000
vn 0.000000 -0.100000 0.000000
vn 0.000000 -0.100000 0.000000
vn 0.000000 -0.100000 0.000000
vn 0.000000 -0.100000 0.000000
vn 0.000000 -0.100000 0.000000
vn 0.000000 -0.100000 0.000000
vn 0.000000 -0.100000 0.000000
vn 0.000000 -0.100000 0.000000
vn 0.000000 -0.100000 0.000000
vn 0.000000 -0.100000 0.000000
vn 0.000000 -0.100000 0.000000
vn 0.000000 -0.100000 0.000000
vn 0.000000 -0.100000 0.000000
vn 0.000000 -0.100000 0.000000
vn 0.000000 -0.100000 0.000000
vn 0.000000 -0.100000 0.000000
vn 0.000000 -0.100000 0.000000
vn 0.000000 -0.100000 0.000000
vn 0.000000 -0.100000 0.000000
vn 0.000000 -0.100000 0.000000
vn 0.000000 -0.100000 0.000000
vn 0.000000 -0.100000 0.000000
vn 0.000000 -0.100000 0.000000
vn 0.000000 -0.100000 0.000000
vn 0.000000 -0.100000 0.000000
vn 0.000000 -0.100000 0.000000
vn 0.000000 -0.100000 0.000000
vn 0.000000 -0.100000 0.000000
vn 0.000000 -0.100000 0.000000
vn 0.000000 -0.100000 0.000000
vn 0.000000 -0.100000 0.000000
vn 0.000000 -0.100000 0.000000
vn 0.000000 -0.100000 0.000000
vn 0.000000 -0.100000 0.000000
vn 0.000000 -0.100000 0.000000
vn 0.000000 -0.100000 0.000000
vn 0.000000 -0.100000 0.000000
vn 0.000000 -0.100000 0.000000
vn 0.000000 -0.100000 0.000000
vn 0.000000 -0.100000 0.000000
vn 0.000000 -0.100000 0.000000
vn 0.000000 -0.100000 0.000000
vn 0.000000 -0.100000 0.000000
vn 0.000000 -0.100000 0.000000
vn 0.000000 -0.100000 0.000000
vn 0.000000 -0.100000 0.000000
vn 0.000000 -0.100000 0.000000
vn 0.000000 -0.100000 0.000000
vn 0.000000 -0.100000 0.000000
vn 0.000000 -0.100000 0.000000
vn 0.000000 -0.100000 0.000000
vn 0.000000 -0.100000 0.000000
vn 0.000000 -0.100000 0.000000
vn 0.000000 -0.100000 0.000000
vn 0.000000 -0.100000 0.000000
vn 0.000000 -0.100000 0.000000
vn 0.000000 -0.100000 0.000000
vn 0.000000 -0.100000 0.000000
vn 0.000000 -0.100000 0.000000
vn 0.000000 -0.100000 0.000000
vn 0.000000 -0.100000 0.000000
vn 0.000000 -0.100000 0.000000
vn 0.000000 -0.100000 0.000000
vn 0.000000 -0.100000 0.000000
vn 0.000000 -0.100000 0.000000
vn 0.000000 -0.100000 0.000000
vn 0.000000 -0.100000 0.000000
vn 0.000000 -0.100000 0.000000
vn 0.000000 -0.100000 0.000000
vn 0.000000 -0.100000 0.000000
vn 0.000000 -0.100000 0.000000
vn 0.000000 -0.100000 0.000000
vn 0.000000 -0.100000 0.000000
vn 0.000000 -0.100000 0.000000
vn 0.000000 -0.100000 0.000000
vn 0.000000 -0.100000 0.000000
vn 0.000000 -0.100000 0.000000
vn 0.000000 -0.100000 0.000000
vn 0.000000 -0.100000 0.000000
vn 0.000000 -0.100000 0.000000
vn 0.000000 -0.100000 0.000000
vn 0.000000 -0.100000 0.000000
vn 0.000000 -0.100000 0.000000
vn 0.000000 -0.100000 0.000000
vn 0.000000 -0.100000 0.000000
vn 0.000000 -0.100000 0.000000
vn 0.000000 -0.100000 0.000000
vn 0.000000 -0.100000 0.000000
vn 0.000000 -0.100000 0.000000
vn 0.000000 -0.100000 0.000000
vn 0.000000 -0.100000 0.000000
vn -0.000000 0.100000 0.000000
vn -0.000000 0.100000 0.000000
vn -0.000000 0.100000 0.000000
vn -0.000000 0.100000 0.000000
vn -0.000000 0.100000 0.000000
vn -0.000000 0.100000 0.000000
vn -0.000000 0.100000 0.000000
vn -0.000000 0.100000 0.000000
vn -0.000000 0.100000 0.000000
vn -0.000000 0.100000 0.000000
vn -0.000000 0.100000 0.000000
vn -0.000000 0.100000 0.000000
vn -0.000000 0.100000 0.000000
vn -0.000000 0.100000 0.000000
vn -0.000000 0.100000 0.000000
vn -0.000000 0.100000 0.000000
vn -0.000000 0.100000 0.000000
vn -0.000000 0.100000 0.000000
vn -0.000000 0.100000 0.000000
vn -0.000000 0.100000 0.000000
vn -0.000000 0.100000 0.000000
vn -0.000000 0.100000 0.000000
vn -0.000000 0.100000 0.000000
vn -0.000000 0.100000 0.000000
vn -0.000000 0.100000 0.000000
vn -0.000000 0.100000 0.000000
vn -0.000000 0.100000 0.000000
vn -0.000000 0.100000 0.000000
vn -0.000000 0.100000 0.000000
vn -0.000000 0.100000 0.000000
vn -0.000000 0.100000 0.000000
vn -0.000000 0.100000 0.000000
vn -0.000000 0.100000 0.000000
vn -0.000000 0.100000 0.000000
vn -0.000000 0.100000 0.000000
vn -0.000000 0.100000 0.000000
vn -0.000000 0.100000 0.000000
vn -0.000000 0.100000 0.000000
vn -0.000000 0.100000 0.000000
vn -0.000000 0.100000 0.000000
vn -0.000000 0.100000 0.000000
vn -0.000000 0.100000 0.000000
vn -0.000000 0.100000 0.000000
vn -0.000000 0.100000 0.000000
vn -0.000000 0.100000 0.000000
vn -0.000000 0.100000 0.000000
vn -0.000000 0.100000 0.000000
vn -0.000000 0.100000 0.000000
vn -0.000000 0.100000 0.000000
vn -0.000000 0.100000 0.000000
vn -0.000000 0.100000 0.000000
vn -0.000000 0.100000 0.000000
vn -0.000000 0.100000 0.000000
vn -0.000000 0.100000 0.000000
vn -0.000000 0.100000 0.000000
vn -0.000000 0.100000 0.000000
vn -0.000000 0.100000 0.000000
vn -0.000000 0.100000 0.000000
vn -0.000000 0.100000 0.000000
vn -0.000000 0.100000 0.000000
vn -0.000000 0.100000 0.000000
vn -0.000000 0.100000 0.000000
vn -0.000000 0.100000 0.000000
vn -0.000000 0.100000 0.000000
vn -0.000000 0.100000 0.000000
vn -0.000000 0.100000 0.000000
vn -0.000000 0.100000 0.000000
vn -0.000000 0.100000 0.000000
vn -0.000000 0.100000 0.000000
vn -0.000000 0.100000 0.000000
vn -0.000000 0.100000 0.000000
vn -0.000000 0.100000 0.000000
vn -0.000000 0.100000 0.000000
vn -0.000000 0.100000 0.000000
vn -0.000000 0.100000 0.000000
vn -0.000000 0.100000 0.000000
vn -0.000000 0.100000 0.000000
vn -0.000000 0.100000 0.000000
vn -0.000000 0.100000 0.000000
vn -0.000000 0.100000 0.000000
vn -0.000000 0.100000 0.000000
vn -0.000000 0.100000 0.000000
vn -0.000000 0.100000 0.000000
vn -0.000000 0.100000 0.000000
vn -0.000000 0.100000 0.000000
vn -0.000000 0.100000 0.000000
vn -0.000000 0.100000 0.000000
vn -0.000000 0.100000 0.000000
vn -0.000000 0.100000 0.000000
vn -0.000000 0.100000 0.000000
vn -0.000000 0.100000 0.000000
vn -0.000000 0.100000 0.000000
vn -0.000000 0.100000 0.000000
vn -0.000000 0.100000 0.000000
vn -0.000000 0.100000 0.000000
vn -0.000000 0.100000 0.000000
vn 0.100000 0.000000 0.000000
vn 0.100000 0.000000 0.000000
vn 0.100000 0.000000 0.000000
vn 0.100000 0.000000 0.000000
vn 0.000000 0.000000 0.100000
vn 0.000000 0.000000 0.100000
vn 0.000000 0.000000 0.100000
vn 0.000000 0.000000 0.100000
vn 0.000000 0.000000 0.100000
vn 0.000000 0.000000 0.100000
vn 0.000000 0.000000 0.100000
vn 0.000000 0.000000 0.100000
vn 0.000000 0.000000 0.100000
vn 0.000000 0.000000 0.100000
vn 0.000000 0.000000 0.100000
vn 0.000000 0.000000 0.100000
vn 0.000000 0.000000 0.100000
vn 0.000000 0.000000 0.100000
vn 0.000000 0.000000 0.100000
vn 0.000000 0.000000 0.100000
vn 0.000000 0.000000 0.100000
vn 0.000000 0.000000 0.100000
vn 0.000000 0.000000 0.100000
vn 0.000000 0.000000 0.100000
vn 0.000000 0.000000 0.100000
vn 0.000000 0.000000 0.100000
vn 0.000000 0.000000 0.100000
vn 0.000000 0.000000 0.100000
vn 0.000000 0.000000 0.100000
vn 0.000000 0.000000 0.100000
vn 0.000000 0.000000 0.100000
vn 0.000000 0.000000 0.100000
vn 0.000000 0.000000 0.100000
vn 0.000000 0.000000 0.100000
vn 0.000000 0.000000 0.100000
vn 0.000000 0.000000 0.100000
vn 0.000000 0.000000 0.100000
vn 0.000000 0.000000 0.100000
vn 0.000000 0.000000 0.100000
vn 0.000000 0.000000 0.100000
vn 0.000000 0.000000 0.100000
vn 0.000000 0.000000 0.100000
vn 0.000000 0.000000 0.100000
vn 0.000000 0.000000 0.100000
vn 0.000000 0.000000 0.100000
vn 0.000000 0.000000 0.100000
vn 0.000000 0.000000 0.100000
vn 0.000000 0.000000 0.100000
vn 0.000000 0.000000 0.100000
vn 0.000000 0.000000 0.100000
vn 0.000000 0.000000 0.100000
vn 0.000000 0.000000 0.100000
vn 0.000000 0.000000 0.100000
vn 0.000000 0.000000 0.100000
vn 0.000000 0.000000 0.100000
vn 0.000000 0.000000 0.100000
vn 0.000000 0.000000 0.100000
vn 0.000000 0.000000 0.100000
vn 0.000000 0.000000 0.100000
vn 0.000000 0.000000 0.100000
vn 0.000000 0.000000 0.100000
vn 0.000000 0.000000 0.100000
vn 0.000000 0.000000 0.100000
vn 0.000000 0.000000 0.100000
vn 0.000000 0.000000 0.100000
vn 0.000000 0.000000 0.100000
vn 0.000000 0.000000 0.100000
vn 0.000000 0.000000 0.100000
vn 0.000000 0.000000 0.100000
vn 0.000000 0.000000 0.100000
vn 0.000000 0.000000 0.100000
vn 0.000000 0.000000 0.100000
vn 0.000000 0.000000 0.100000
vn 0.000000 0.000000 0.100000
vn 0.000000 0.000000 0.100000
vn 0.000000 0.000000 0.100000
vn 0.000000 0.000000 0.100000
vn 0.000000 0.000000 0.100000
vn 0.000000 0.000000 0.100000
vn 0.000000 0.000000 0.100000
vn 0.000000 0.000000 0.100000
vn 0.000000 0.000000 0.100000
vn 0.000000 0.000000 0.100000
vn 0.000000 0.000000 0.100000
vn 0.000000 0.000000 0.100000
vn 0.000000 0.000000 0.100000
vn 0.000000 0.000000 0.100000
vn 0.000000 0.000000 0.100000
vn 0.000000 0.000000 0.100000
vn 0.000000 0.000000 0.100000
vn 0.000000 0.000000 0.100000
vn 0.000000 0.000000 0.100000
vn 0.000000 0.000000 0.100000
vn 0.000000 0.000000 0.100000
vn 0.000000 0.000000 0.100000
vn 0.000000 0.000000 0.100000
vn 0.000000 0.000000 0.100000
vn 0.000000 0.000000 0.100000
vn 0.000000 0.000000 0.100000
vn 0.000000 0.000000 0.100000
vn 0.000000 0.000000 0.100000
vn 0.000000 0.000000 0.100000
vn 0.000000 0.000000 0.100000
vn 0.000000 0.000000 0.100000
vn 0.000000 0.000000 0.100000
vn 0.000000 0.000000 0.100000
vn 0.000000 0.000000 0.100000
vn 0.000000 0.000000 0.100000
vn 0.000000 0.000000 0.100000
vn 0.000000 0.000000 0.100000
vn 0.000000 0.000000 0.100000
vn 0.000000 0.000000 0.100000
vn 0.000000 0.000000 0.100000
vn 0.000000 0.000000 0.100000
vn 0.000000 0.000000 0.100000
vn 0.000000 0.000000 0.100000
vn 0.000000 0.000000 0.100000
vn 0.000000 0.000000 0.100000
vn 0.000000 0.000000 0.100000
vn 0.000000 0.000000 0.100000
vn 0.000000 0.000000 0.100000
vn 0.000000 0.000000 0.100000
vn 0.000000 0.000000 0.100000
vn 0.000000 0.000000 0.100000
vn 0.000000 0.000000 0.100000
vn 0.000000 0.000000 0.100000
vn 0.000000 0.000000 0.100000
vn 0.000000 0.000000 0.100000
vn 0.000000 0.000000 0.100000
vn 0.000000 0.000000 0.100000
vn 0.000000 0.000000 0.100000
vn 0.000000 0.000000 0.100000
vn 0.000000 0.000000 0.100000
vn 0.000000 0.000000 0.100000
vn 0.000000 0.000000 0.100000
vn 0.000000 0.000000 0.100000
vn 0.000000 0.000000 0.100000
vn 0.000000 0.000000 0.100000
vn 0.000000 0.000000 0.100000
vn 0.000000 0.000000 0.100000
vn 0.000000 0.000000 0.100000
vn 0.000000 0.000000 0.100000
vn 0.000000 0.000000 0.100000
vn 0.000000 0.000000 0.100000
vn 0.000000 0.000000 0.100000
vn 0.000000 0.000000 0.100000
vn 0.000000 0.000000 0.100000
vn 0.000000 0.000000 0.100000
vn 0.000000 0.000000 0.100000
vn 0.000000 0.000000 0.100000
vn 0.000000 0.000000 0.100000
vn 0.000000 0.000000 0.100000
vn 0.000000 0.000000 0.100000
vn 0.000000 0.000000 0.100000
vn 0.000000 0.000000 0.100000
vn 0.000000 0.000000 0.100000
vn 0.000000 0.000000 0.100000
vn 0.000000 0.000000 0.100000
vn 0.000000 0.000000 0.100000
vn 0.000000 0.000000 0.100000
vn 0.000000 0.000000 0.100000
vn 0.000000 0.000000 0.100000
vn 0.000000 0.000000 0.100000
vn 0.000000 0.000000 0.100000
vn 0.000000 0.000000 0.100000
vn 0.000000 0.000000 0.100000
vn 0.000000 0.000000 0.100000
vn 0.000000 0.000000 0.100000
vn 0.000000 0.000000 0.100000
vn 0.000000 0.000000 0.100000
vn 0.000000 0.000000 0.100000
vn 0.000000 0.000000 0.100000
vn 0.000000 0.000000 0.100000
vn 0.000000 0.000000 0.100000
vn 0.000000 0.000000 0.100000
vn 0.000000 0.000000 0.100000
vn 0.000000 0.000000 0.100000
vn 0.000000 0.000000 0.100000
vn 0.000000 0.000000 0.100000
vn 0.000000 0.000000 0.100000
vn 0.000000 0.000000 0.100000
vn 0.000000 0.000000 0.100000
vn 0.000000 0.000000 0.100000
vn 0.000000 0.000000 0.100000
vn 0.000000 0.000000 0.100000
vn 0.000000 0.000000 0.100000
vn 0.000000 0.000000 0.100000
vn 0.000000 0.000000 0.100000
vn 0.000000 0.000000 0.100000
vn 0.000000 0.000000 0.100000
vn 0.000000 0.000000 0.100000
vn 0.000000 0.000000 0.100000
vn 0.000000 0.000000 0.100000
vn 0.000000 0.000000 0.100000
vn 0.000000 0.000000 0.100000
vn 0.000000 0.000000 0.100000
vn 0.000000 0.000000 0.100000
vn 0.000000 0.000000 0.100000
vn 0.000000 0.000000 0.100000
vn 0.000000 0.000000 0.100000
vn 0.000000 0.000000 0.100000
vn 0.000000 0.000000 0.100000
vn 0.000000 0.000000 0.100000
vn 0.000000 0.000000 0.100000
vn 0.000000 0.000000 0.100000
vn 0.000000 0.000000 0.100000
vn 0.000000 0.000000 0.100000
vn 0.000000 0.000000 0.100000
vn 0.000000 0.000000 0.100000
vn 0.000000 0.000000 0.100000
vn 0.000000 0.000000 0.100000
vn 0.000000 0.000000 0.100000
vn 0.000000 0.000000 0.100000
vn 0.000000 0.000000 0.100000
vn 0.000000 0.000000 0.100000
vn 0.000000 0.000000 0.100000
vn 0.000000 0.000000 0.100000
vn 0.000000 0.000000 0.100000
vn 0.000000 0.000000 0.100000
vn 0.000000 0.000000 0.100000
vn 0.000000 0.000000 0.100000
vn 0.000000 0.000000 0.100000
vn 0.000000 0.000000 0.100000
vn 0.000000 0.000000 0.100000
vn 0.000000 0.000000 0.100000
vn 0.000000 0.000000 0.100000
vn 0.000000 0.000000 0.100000
vn 0.000000 0.000000 0.100000
vn 0.000000 0.000000 0.100000
vn 0.000000 0.000000 0.100000
vn 0.000000 0.000000 0.100000
vn 0.000000 0.000000 0.100000
vn 0.000000 0.000000 0.100000
vn 0.000000 0.000000 0.100000
vn 0.000000 0.000000 0.100000
vn 0.000000 0.000000 0.100000
vn 0.000000 0.000000 0.100000
vn 0.000000 0.000000 0.100000
vn 0.000000 0.000000 0.100000
vn 0.000000 0.000000 0.100000
vn 0.000000 0.000000 0.100000
vn 0.000000 0.000000 0.100000
vn 0.000000 0.000000 0.100000
vn 0.000000 0.000000 0.100000
vn 0.000000 0.000000 0.100000
vn 0.000000 0.000000 0.100000
vn 0.000000 0.000000 0.100000
vn 0.000000 0.000000 0.100000
vn 0.000000 0.000000 0.100000
vn 0.000000 0.000000 0.100000
vn 0.000000 0.000000 0.100000
vn 0.000000 0.000000 0.100000
vn 0.000000 0.000000 0.100000
vn 0.000000 0.000000 0.100000
vn 0.000000 0.000000 0.100000
vn 0.000000 0.000000 0.100000
vn -0.100000 0.000000 0.000000
vn -0.100000 0.000000 0.000000
vn -0.099144 -0.013053 0.000000
vn -0.099144 -0.013053 0.000000
vn -0.096593 -0.025882 0.000000
vn -0.096593 -0.025882 0.000000
vn -0.092388 -0.038268 0.000000
vn -0.092388 -0.038268 0.000000
vn -0.086603 -0.050000 0.000000
vn -0.086603 -0.050000 0.000000
vn -0.079335 -0.060876 0.000000
vn -0.079335 -0.060876 0.000000
vn -0.070711 -0.070711 0.000000
vn -0.070711 -0.070711 0.000000
vn -0.060876 -0.079335 0.000000
vn -0.060876 -0.079335 0.000000
vn -0.050000 -0.086603 0.000000
vn -0.050000 -0.086603 0.000000
vn -0.038268 -0.092388 0.000000
vn -0.038268 -0.092388 0.000000
vn -0.025882 -0.096593 0.000000
vn -0.025882 -0.096593 0.000000
vn -0.013053 -0.099144 0.000000
vn -0.013053 -0.099144 0.000000
vn 0.000000 -0.100000 0.000000
vn 0.000000 -0.100000 0.000000
vn 0.000000 -0.100000 0.000000
vn 0.000000 -0.100000 0.000000
vn 0.013053 -0.099144 0.000000
vn 0.013053 -0.099144 0.000000
vn 0.025882 -0.096593 0.000000
vn 0.025882 -0.096593 0.000000
vn 0.038268 -0.092388 0.000000
vn 0.038268 -0.092388 0.000000
vn 0.050000 -0.086603 0.000000
vn 0.050000 -0.086603 0.000000
vn 0.060876 -0.079335 0.000000
vn 0.060876 -0.079335 0.000000
vn 0.070711 -0.070711 0.000000
vn 0.070711 -0.070711 0.000000
vn 0.079335 -0.060876 0.000000
vn 0.079335 -0.060876 0.000000
vn 0.086603 -0.050000 0.000000
vn 0.086603 -0.050000 0.000000
vn 0.092388 -0.038268 0.000000
vn 0.092388 -0.038268 0.000000
vn 0.096593 -0.025882 0.000000
vn 0.096593 -0.025882 0.000000
vn 0.099144 -0.013053 0.000000
vn 0.099144 -0.013053 0.000000
vn 0.100000 0.000000 0.000000
vn 0.100000 0.000000 0.000000
vn 0.100000 0.000000 0.000000
vn 0.100000 0.000000 0.000000
vn 0.099144 0.013053 0.000000
vn 0.099144 0.013053 0.000000
vn 0.096593 0.025882 0.000000
vn 0.096593 0.025882 0.000000
vn 0.092388 0.038268 0.000000
vn 0.092388 0.038268 0.000000
vn 0.086603 0.050000 0.000000
vn 0.086603 0.050000 0.000000
vn 0.079335 0.060876 0.000000
vn 0.079335 0.060876 0.000000
vn 0.070711 0.070711 0.000000
vn 0.070711 0.070711 0.000000
vn 0.060876 0.079335 0.000000
vn 0.060876 0.079335 0.000000
vn 0.050000 0.086603 0.000000
vn 0.050000 0.086603 0.000000
vn 0.038268 0.092388 0.000000
vn 0.038268 0.092388 0.000000
vn 0.025882 0.096593 0.000000
vn 0.025882 0.096593 0.000000
vn 0.013053 0.099144 0.000000
vn 0.013053 0.099144 0.000000
vn -0.000000 0.100000 -0.000000
vn -0.000000 0.100000 -0.000000
vn 0.000000 0.100000 0.000000
vn 0.000000 0.100000 0.000000
vn -0.013053 0.099144 -0.000000
vn -0.013053 0.099144 -0.000000
vn -0.025882 0.096593 -0.000000
vn -0.025882 0.096593 -0.000000
vn -0.038268 0.092388 -0.000000
vn -0.038268 0.092388 -0.000000
vn -0.050000 0.086603 -0.000000
vn -0.050000 0.086603 -0.000000
vn -0.060876 0.079335 -0.000000
vn -0.060876 0.079335 -0.000000
vn -0.070711 0.070711 -0.000000
vn -0.070711 0.070711 -0.000000
vn -0.079335 0.060876 -0.000000
vn -0.079335 0.060876 -0.000000
vn -0.086603 0.050000 -0.000000
vn -0.086603 0.050000 -0.000000
vn -0.092388 0.038268 -0.000000
vn -0.092388 0.038268 -0.000000
vn -0.096593 0.025882 -0.000000
vn -0.096593 0.025882 -0.000000
vn -0.099144 0.013053 -0.000000
vn -0.099144 0.013053 -0.000000
vn -0.100000 0.000000 0.000000
vn -0.100000 0.000000 0.000000
vn -0.100000 0.000000 0.000000
vn -0.100000 0.000000 0.000000
vn -0.100000 0.000000 0.000000
vn -0.100000 0.000000 0.000000
vn 0.100000 0.000000 0.000000
vn 0.100000 0.000000 0.000000
vn 0.100000 0.000000 0.000000
vn 0.100000 0.000000 0.000000
vn -0.100000 0.000000 0.000000
vn -0.100000 0.000000 0.000000
vn -0.100000 0.000000 0.000000
vn -0.100000 0.000000 0.000000
vn 0.100000 0.000000 0.000000
vn 0.100000 0.000000 0.000000
vn 0.100000 0.000000 0.000000
vn 0.100000 0.000000 0.000000
vn -0.100000 0.000000 0.000000
vn -0.100000 0.000000 0.000000
vn -0.100000 0.000000 0.000000
vn -0.100000 0.000000 0.000000
vn 0.100000 0.000000 0.000000
vn 0.100000 0.000000 0.000000
vn 0.100000 0.000000 0.000000
vn 0.100000 0.000000 0.000000
vn -0.100000 0.000000 0.000000
vn -0.100000 0.000000 0.000000
vn -0.100000 0.000000 0.000000
vn -0.100000 0.000000 0.000000
vn 0.100000 0.000000 0.000000
vn 0.100000 0.000000 0.000000
vn 0.100000 0.000000 0.000000
vn 0.100000 0.000000 0.000000
vn -0.100000 0.000000 0.000000
vn -0.100000 0.000000 0.000000
vn -0.100000 0.000000 0.000000
vn -0.100000 0.000000 0.000000
vn 0.100000 0.000000 0.000000
vn 0.100000 0.000000 0.000000
vn 0.100000 0.000000 0.000000
vn 0.100000 0.000000 0.000000
vn -0.100000 0.000000 0.000000
vn -0.100000 0.000000 0.000000
vn -0.100000 0.000000 0.000000
vn -0.100000 0.000000 0.000000
vn 0.100000 0.000000 0.000000
vn 0.100000 0.000000 0.000000
vn 0.100000 0.000000 0.000000
vn 0.100000 0.000000 0.000000
vn -0.100000 0.000000 0.000000
vn -0.100000 0.000000 0.000000
vn -0.100000 0.000000 0.000000
vn -0.100000 0.000000 0.000000
vn 0.100000 0.000000 0.000000
vn 0.100000 0.000000 0.000000
vn 0.100000 0.000000 0.000000
vn 0.100000 0.000000 0.000000
vn -0.100000 0.000000 0.000000
vn -0.100000 0.000000 0.000000
vn -0.100000 0.000000 0.000000
vn -0.100000 0.000000 0.000000
vn 0.100000 0.000000 0.000000
vn 0.100000 0.000000 0.000000
vn 0.100000 0.000000 0.000000
vn 0.100000 0.000000 0.000000
vn -0.100000 0.000000 0.000000
vn -0.100000 0.000000 0.000000
vn -0.100000 0.000000 0.000000
vn -0.100000 0.000000 0.000000
vn 0.100000 0.000000 0.000000
vn 0.100000 0.000000 0.000000
vn 0.100000 0.000000 0.000000
vn 0.100000 0.000000 0.000000
vn -0.100000 0.000000 0.000000
vn -0.100000 0.000000 0.000000
vn -0.100000 0.000000 0.000000
vn -0.100000 0.000000 0.000000
vn 0.100000 0.000000 0.000000
vn 0.100000 0.000000 0.000000
vn 0.100000 0.000000 0.000000
vn 0.100000 0.000000 0.000000
vn -0.100000 0.000000 0.000000
vn -0.100000 0.000000 0.000000
vn -0.100000 0.000000 0.000000
vn -0.100000 0.000000 0.000000
vn 0.100000 0.000000 0.000000
vn 0.100000 0.000000 0.000000
vn 0.100000 0.000000 0.000000
vn 0.100000 0.000000 0.000000
vn -0.100000 0.000000 0.000000
vn -0.100000 0.000000 0.000000
vn -0.100000 0.000000 0.000000
vn -0.100000 0.000000 0.000000
vn -0.100000 0.000000 0.000000
vn -0.100000 0.000000 0.000000
vn -0.100000 0.000000 0.000000
vn -0.100000 0.000000 0.000000
vn 0.100000 0.000000 0.000000
vn 0.100000 0.000000 0.000000
vn 0.100000 0.000000 0.000000
vn 0.100000 0.000000 0.000000
vn -0.100000 0.000000 0.000000
vn -0.100000 0.000000 0.000000
vn -0.100000 0.000000 0.000000
vn -0.100000 0.000000 0.000000
vn 0.100000 0.000000 0.000000
vn 0.100000 0.000000 0.000000
vn 0.100000 0.000000 0.000000
vn 0.100000 0.000000 0.000000
vn -0.100000 0.000000 0.000000
vn -0.100000 0.000000 0.000000
vn -0.100000 0.000000 0.000000
vn -0.100000 0.000000 0.000000
vn 0.100000 0.000000 0.000000
vn 0.100000 0.000000 0.000000
vn 0.100000 0.000000 0.000000
vn 0.100000 0.000000 0.000000
vn -0.100000 0.000000 0.000000
vn -0.100000 0.000000 0.000000
vn -0.100000 0.000000 0.000000
vn -0.100000 0.000000 0.000000
vn 0.100000 0.000000 0.000000
vn 0.100000 0.000000 0.000000
vn 0.100000 0.000000 0.000000
vn 0.100000 0.000000 0.000000
vn -0.000000 0.100000 0.000000
vn -0.000000 0.100000 0.000000
vn -0.000000 0.100000 0.000000
vn -0.000000 0.100000 0.000000
vn -0.100000 0.000000 0.000000
vn -0.100000 0.000000 0.000000
vn -0.100000 0.000000 0.000000
vn -0.100000 0.000000 0.000000
vn 0.100000 0.000000 0.000000
vn 0.100000 0.000000 0.000000
vn 0.100000 0.000000 0.000000
vn 0.100000 0.000000 0.000000
vn -0.100000 0.000000 0.000000
vn -0.100000 0.000000 0.000000
vn -0.100000 0.000000 0.000000
vn -0.100000 0.000000 0.000000
vn 0.100000 0.000000 0.000000
vn 0.100000 0.000000 0.000000
vn 0.100000 0.000000 0.000000
vn 0.100000 0.000000 0.000000
vn -0.100000 0.000000 0.000000
vn -0.100000 0.000000 0.000000
vn -0.100000 0.000000 0.000000
vn -0.100000 0.000000 0.000000
vn 0.100000 0.000000 0.000000
vn 0.100000 0.000000 0.000000
vn 0.100000 0.000000 0.000000
vn 0.100000 0.000000 0.000000
vn -0.100000 0.000000 0.000000
vn -0.100000 0.000000 0.000000
vn -0.100000 0.000000 0.000000
vn -0.100000 0.000000 0.000000
vn 0.100000 0.000000 0.000000
vn 0.100000 0.000000 0.000000
vn 0.100000 0.000000 0.000000
vn 0.100000 0.000000 0.000000
vn -0.100000 0.000000 0.000000
vn -0.100000 0.000000 0.000000
vn -0.100000 0.000000 0.000000
vn -0.100000 0.000000 0.000000
vn 0.100000 0.000000 0.000000
vn 0.100000 0.000000 0.000000
vn 0.100000 0.000000 0.000000
vn 0.100000 0.000000 0.000000
vn -0.100000 0.000000 0.000000
vn -0.100000 0.000000 0.000000
vn -0.100000 0.000000 0.000000
vn -0.100000 0.000000 0.000000
vn 0.100000 0.000000 0.000000
vn 0.100000 0.000000 0.000000
vn 0.100000 0.000000 0.000000
vn 0.100000 0.000000 0.000000
vn -0.100000 0.000000 0.000000
vn -0.100000 0.000000 0.000000
vn -0.100000 0.000000 0.000000
vn -0.100000 0.000000 0.000000
vn 0.100000 0.000000 0.000000
vn 0.100000 0.000000 0.000000
vn 0.100000 0.000000 0.000000
vn 0.100000 0.000000 0.000000
vn -0.100000 0.000000 0.000000
vn -0.100000 0.000000 0.000000
vn -0.100000 0.000000 0.000000
vn -0.100000 0.000000 0.000000
vn 0.100000 0.000000 0.000000
vn 0.100000 0.000000 0.000000
vn 0.100000 0.000000 0.000000
vn 0.100000 0.000000 0.000000
vn -0.100000 0.000000 0.000000
vn -0.100000 0.000000 0.000000
vn -0.100000 0.000000 0.000000
vn -0.100000 0.000000 0.000000
vn 0.100000 0.000000 0.000000
vn 0.100000 0.000000 0.000000
vn 0.100000 0.000000 0.000000
vn 0.100000 0.000000 0.000000
vn -0.100000 0.000000 0.000000
vn -0.100000 0.000000 0.000000
vn -0.100000 0.000000 0.000000
vn -0.100000 0.000000 0.000000
vn 0.100000 0.000000 0.000000
vn 0.100000 0.000000 0.000000
vn 0.100000 0.000000 0.000000
vn 0.100000 0.000000 0.000000
vn -0.100000 0.000000 0.000000
vn -0.100000 0.000000 0.000000
vn -0.100000 0.000000 0.000000
vn -0.100000 0.000000 0.000000
vn 0.100000 0.000000 0.000000
vn 0.100000 0.000000 0.000000
vn 0.100000 0.000000 0.000000
vn 0.100000 0.000000 0.000000
vn -0.100000 0.000000 0.000000
vn -0.100000 0.000000 0.000000
vn -0.100000 0.000000 0.000000
vn -0.100000 0.000000 0.000000
vn 0.100000 0.000000 0.000000
vn 0.100000 0.000000 0.000000
vn 0.100000 0.000000 0.000000
vn 0.100000 0.000000 0.000000
vn -0.100000 0.000000 0.000000
vn -0.100000 0.000000 0.000000
vn -0.100000 0.000000 0.000000
vn -0.100000 0.000000 0.000000
vn 0.100000 0.000000 0.000000
vn 0.100000 0.000000 0.000000
vn 0.100000 0.000000 0.000000
vn 0.100000 0.000000 0.000000
vn -0.100000 0.000000 0.000000
vn -0.100000 0.000000 0.000000
vn -0.100000 0.000000 0.000000
vn -0.100000 0.000000 0.000000
vn 0.100000 0.000000 0.000000
vn 0.100000 0.000000 0.000000
vn 0.100000 0.000000 0.000000
vn 0.100000 0.000000 0.000000
vn -0.100000 0.000000 0.000000
vn -0.100000 0.000000 0.000000
vn -0.100000 0.000000 0.000000
vn -0.100000 0.000000 0.000000
vn 0.100000 0.000000 0.000000
vn 0.100000 0.000000 0.000000
vn 0.100000 0.000000 0.000000
vn 0.100000 0.000000 0.000000
vn -0.100000 0.000000 0.000000
vn -0.100000 0.000000 0.000000
vn -0.100000 0.000000 0.000000
vn -0.100000 0.000000 0.000000
vn 0.100000 0.000000 0.000000
vn 0.100000 0.000000 0.000000
vn 0.100000 0.000000 0.000000
vn 0.100000 0.000000 0.000000
vn -0.100000 0.000000 0.000000
vn -0.100000 0.000000 0.000000
vn -0.100000 0.000000 0.000000
vn -0.100000 0.000000 0.000000
vn 0.100000 0.000000 0.000000
vn 0.100000 0.000000 0.000000
vn 0.100000 0.000000 0.000000
vn 0.100000 0.000000 0.000000
vn -0.100000 0.000000 0.000000
vn -0.100000 0.000000 0.000000
vn -0.100000 0.000000 0.000000
vn -0.100000 0.000000 0.000000
vn 0.100000 0.000000 0.000000
vn 0.100000 0.000000 0.000000
vn 0.100000 0.000000 0.000000
vn 0.100000 0.000000 0.000000
vn -0.100000 0.000000 0.000000
vn -0.100000 0.000000 0.000000
vn -0.100000 0.000000 0.000000
vn -0.100000 0.000000 0.000000
vn 0.100000 0.000000 0.000000
vn 0.100000 0.000000 0.000000
vn 0.100000 0.000000 0.000000
vn 0.100000 0.000000 0.000000
vn -0.100000 0.000000 0.000000
vn -0.100000 0.000000 0.000000
vn -0.100000 0.000000 0.000000
vn -0.100000 0.000000 0.000000
vn 0.100000 0.000000 0.000000
vn 0.100000 0.000000 0.000000
vn 0.100000 0.000000 0.000000
vn 0.100000 0.000000 0.000000
vn -0.100000 0.000000 0.000000
vn -0.100000 0.000000 0.000000
vn -0.100000 0.000000 0.000000
vn -0.100000 0.000000 0.000000
vn 0.100000 0.000000 0.000000
vn 0.100000 0.000000 0.000000
vn 0.100000 0.000000 0.000000
vn 0.100000 0.000000 0.000000
vn -0.100000 0.000000 0.000000
vn -0.100000 0.000000 0.000000
vn -0.100000 0.000000 0.000000
vn -0.100000 0.000000 0.000000
vn -0.100000 0.000000 0.000000
vn -0.100000 0.000000 0.000000
vn -0.100000 0.000000 0.000000
vn -0.100000 0.000000 0.000000
vn 0.100000 0.000000 0.000000
vn 0.100000 0.000000 0.000000
vn 0.100000 0.000000 0.000000
vn 0.100000 0.000000 0.000000
vn -0.100000 0.000000 0.000000
vn -0.100000 0.000000 0.000000
vn -0.100000 0.000000 0.000000
vn -0.100000 0.000000 0.000000
vn 0.100000 0.000000 0.000000
vn 0.100000 0.000000 0.000000
vn 0.100000 0.000000 0.000000
vn 0.100000 0.000000 0.000000
vn -0.100000 0.000000 0.000000
vn -0.100000 0.000000 0.000000
vn -0.100000 0.000000 0.000000
vn -0.100000 0.000000 0.000000
vn 0.100000 0.000000 0.000000
vn 0.100000 0.000000 0.000000
vn 0.100000 0.000000 0.000000
vn 0.100000 0.000000 0.000000
vn -0.100000 0.000000 0.000000
vn -0.100000 0.000000 0.000000
vn -0.100000 0.000000 0.000000
vn -0.100000 0.000000 0.000000
vn 0.100000 0.000000 0.000000
vn 0.100000 0.000000 0.000000
vn 0.100000 0.000000 0.000000
vn 0.100000 0.000000 0.000000
vn -0.100000 0.000000 0.000000
vn -0.100000 0.000000 0.000000
vn -0.100000 0.000000 0.000000
vn -0.100000 0.000000 0.000000
vn 0.100000 0.000000 0.000000
vn 0.100000 0.000000 0.000000
vn 0.100000 0.000000 0.000000
vn 0.100000 0.000000 0.000000
vn -0.100000 0.000000 0.000000
vn -0.100000 0.000000 0.000000
vn -0.100000 0.000000 0.000000
vn -0.100000 0.000000 0.000000
vn 0.100000 0.000000 0.000000
vn 0.100000 0.000000 0.000000
vn 0.100000 0.000000 0.000000
vn 0.100000 0.000000 0.000000
vn -0.100000 0.000000 0.000000
vn -0.100000 0.000000 0.000000
vn -0.100000 0.000000 0.000000
vn -0.100000 0.000000 0.000000
vn 0.100000 0.000000 0.000000
vn 0.100000 0.000000 0.000000
vn 0.100000 0.000000 0.000000
vn 0.100000 0.000000 0.000000
vn -0.100000 0.000000 0.000000
vn -0.100000 0.000000 0.000000
vn -0.100000 0.000000 0.000000
vn -0.100000 0.000000 0.000000
vn 0.100000 0.000000 0.000000
vn 0.100000 0.000000 0.000000
vn 0.100000 0.000000 0.000000
vn 0.100000 0.000000 0.000000
vn -0.100000 0.000000 0.000000
vn -0.100000 0.000000 0.000000
vn -0.100000 0.000000 0.000000
vn -0.100000 0.000000 0.000000
vn 0.100000 0.000000 0.000000
vn 0.100000 0.000000 0.000000
vn 0.100000 0.000000 0.000000
vn 0.100000 0.000000 0.000000
vn -0.100000 0.000000 0.000000
vn -0.100000 0.000000 0.000000
vn -0.100000 0.000000 0.000000
vn -0.100000 0.000000 0.000000
vn 0.100000 0.000000 0.000000
vn 0.100000 0.000000 0.000000
vn 0.100000 0.000000 0.000000
vn 0.100000 0.000000 0.000000
vn -0.100000 0.000000 0.000000
vn -0.100000 0.000000 0.000000
vn -0.100000 0.000000 0.000000
vn -0.100000 0.000000 0.000000
vn 0.100000 0.000000 0.000000
vn 0.100000 0.000000 0.000000
vn 0.100000 0.000000 0.000000
vn 0.100000 0.000000 0.000000
vn -0.100000 0.000000 0.000000
vn -0.100000 0.000000 0.000000
vn -0.100000 0.000000 0.000000
vn -0.100000 0.000000 0.000000
vn 0.100000 0.000000 0.000000
vn 0.100000 0.000000 0.000000
vn 0.100000 0.000000 0.000000
vn 0.100000 0.000000 0.000000
vn 0.100000 0.000000 0.000000
vn 0.100000 0.000000 0.000000
vn 0.100000 0.000000 0.000000
vn 0.100000 0.000000 0.000000
vn 0.000000 0.000000 -0.100000
vn 0.000000 0.000000 -0.100000
vn 0.000000 0.000000 -0.100000
vn 0.000000 0.000000 -0.100000
vn 0.000000 0.000000 -0.100000
vn 0.000000 0.000000 -0.100000
vn 0.000000 0.000000 -0.100000
vn 0.000000 0.000000 -0.100000
vn 0.000000 0.000000 -0.100000
vn 0.000000 0.000000 -0.100000
vn 0.000000 0.000000 -0.100000
vn 0.000000 0.000000 -0.100000
vn 0.000000 0.000000 -0.100000
vn 0.000000 0.000000 -0.100000
vn 0.000000 0.000000 -0.100000
vn 0.000000 0.000000 -0.100000
vn 0.000000 0.000000 -0.100000
vn 0.000000 0.000000 -0.100000
vn 0.000000 0.000000 -0.100000
vn 0.000000 0.000000 -0.100000
vn 0.000000 0.000000 -0.100000
vn 0.000000 0.000000 -0.100000
vn 0.000000 0.000000 -0.100000
vn 0.000000 0.000000 -0.100000
vn 0.000000 0.000000 -0.100000
vn 0.000000 0.000000 -0.100000
vn 0.000000 0.000000 -0.100000
vn 0.000000 0.000000 -0.100000
vn 0.000000 0.000000 -0.100000
vn 0.000000 0.000000 -0.100000
vn 0.000000 0.000000 -0.100000
vn 0.000000 0.000000 -0.100000
vn 0.000000 0.000000 -0.100000
vn 0.000000 0.000000 -0.100000
vn 0.000000 0.000000 -0.100000
vn 0.000000 0.000000 -0.100000
vn 0.000000 0.000000 -0.100000
vn 0.000000 0.000000 -0.100000
vn 0.000000 0.000000 -0.100000
vn 0.000000 0.000000 -0.100000
vn 0.000000 0.000000 -0.100000
vn 0.000000 0.000000 -0.100000
vn 0.000000 0.000000 -0.100000
vn 0.000000 0.000000 -0.100000
vn 0.000000 0.000000 -0.100000
vn 0.000000 0.000000 -0.100000
vn 0.000000 0.000000 -0.100000
vn 0.000000 0.000000 -0.100000
vn 0.000000 0.000000 -0.100000
vn 0.000000 0.000000 -0.100000
vn 0.000000 0.000000 -0.100000
vn 0.000000 0.000000 -0.100000
vn 0.000000 0.000000 -0.100000
vn 0.000000 0.000000 -0.100000
vn 0.000000 0.000000 -0.100000
vn 0.000000 0.000000 -0.100000
usemtl Stahl_-_satiniert
f 2/1/1 3/2/2 1/3/3
f 1/3/3 3/2/2 4/4/4
f 6/5/5 204/6/6 5/7/7
f 5/7/7 204/6/6 201/8/8
f 5/7/7 201/8/8 202/9/9
f 7/10/10 107/11/11 6/5/5
f 6/5/5 107/11/11 118/12/12
f 6/5/5 118/12/12 115/13/13
f 8/14/14 13/15/15 7/10/10
f 7/10/10 13/15/15 14/16/16
f 7/10/10 14/16/16 11/17/17
f 5/7/7 106/18/18 8/14/14
f 8/14/14 106/18/18 103/19/19
f 8/14/14 103/19/19 98/20/20
f 98/20/20 103/19/19 97/21/21
f 97/21/21 103/19/19 104/22/22
f 97/21/21 104/22/22 61/23/23
f 61/23/23 104/22/22 105/24/24
f 61/23/23 105/24/24 112/25/25
f 112/25/25 105/24/24 111/26/26
f 111/26/26 105/24/24 106/18/18
f 111/26/26 106/18/18 5/7/7
f 10/27/27 9/28/28 8/14/14
f 8/14/14 9/28/28 3/29/29
f 8/14/14 3/29/29 13/15/15
f 13/15/15 3/29/29 2/30/30
f 13/15/15 2/30/30 12/31/31
f 12/31/31 2/30/30 16/32/32
f 12/31/31 16/32/32 21/33/33
f 21/33/33 16/32/32 17/34/34
f 21/33/33 17/34/34 20/35/35
f 20/35/35 17/34/34 24/36/36
f 20/35/35 24/36/36 29/37/37
f 29/37/37 24/36/36 25/38/38
f 29/37/37 25/38/38 28/39/39
f 28/39/39 25/38/38 32/40/40
f 28/39/39 32/40/40 37/41/41
f 37/41/41 32/40/40 33/42/42
f 37/41/41 33/42/42 36/43/43
f 36/43/43 33/42/42 40/44/44
f 36/43/43 40/44/44 45/45/45
f 45/45/45 40/44/44 41/46/46
f 45/45/45 41/46/46 44/47/47
f 44/47/47 41/46/46 48/48/48
f 44/47/47 48/48/48 53/49/49
f 53/49/49 48/48/48 49/50/50
f 53/49/49 49/50/50 52/51/51
f 52/51/51 49/50/50 56/52/52
f 52/51/51 56/52/52 61/23/23
f 61/23/23 56/52/52 57/53/53
f 61/23/23 57/53/53 64/54/54
f 64/54/54 57/53/53 63/55/55
f 63/55/55 57/53/53 58/56/56
f 63/55/55 58/56/56 8/14/14
f 8/14/14 58/56/56 55/57/57
f 8/14/14 55/57/57 50/58/58
f 50/58/58 55/57/57 49/50/50
f 49/50/50 55/57/57 56/52/52
f 16/32/32 2/30/30 15/59/59
f 15/59/59 2/30/30 10/27/27
f 15/59/59 10/27/27 8/14/14
f 12/31/31 21/33/33 11/17/17
f 11/17/17 21/33/33 22/60/60
f 11/17/17 22/60/60 7/10/10
f 7/10/10 22/60/60 19/61/61
f 7/10/10 19/61/61 30/62/62
f 30/62/62 19/61/61 29/37/37
f 29/37/37 19/61/61 20/35/35
f 24/36/36 17/34/34 23/63/63
f 23/63/63 17/34/34 18/64/64
f 23/63/63 18/64/64 8/14/14
f 8/14/14 18/64/64 15/59/59
f 32/40/40 25/38/38 31/65/65
f 31/65/65 25/38/38 26/66/66
f 31/65/65 26/66/66 8/14/14
f 8/14/14 26/66/66 23/63/63
f 28/39/39 37/41/41 27/67/67
f 27/67/67 37/41/41 38/68/68
f 27/67/67 38/68/68 7/10/10
f 7/10/10 38/68/68 35/69/69
f 7/10/10 35/69/69 46/70/70
f 46/70/70 35/69/69 45/45/45
f 45/45/45 35/69/69 36/43/43
f 30/62/62 27/67/67 7/10/10
f 40/44/44 33/42/42 39/71/71
f 39/71/71 33/42/42 34/72/72
f 39/71/71 34/72/72 8/14/14
f 8/14/14 34/72/72 31/65/65
f 48/48/48 41/46/46 47/73/73
f 47/73/73 41/46/46 42/74/74
f 47/73/73 42/74/74 8/14/14
f 8/14/14 42/74/74 39/71/71
f 44/47/47 53/49/49 43/75/75
f 43/75/75 53/49/49 54/76/76
f 43/75/75 54/76/76 7/10/10
f 7/10/10 54/76/76 51/77/77
f 7/10/10 51/77/77 62/78/78
f 62/78/78 51/77/77 61/23/23
f 61/23/23 51/77/77 52/51/51
f 46/70/70 43/75/75 7/10/10
f 50/58/58 47/73/73 8/14/14
f 60/79/79 69/80/80 59/81/81
f 59/81/81 69/80/80 70/82/82
f 59/81/81 70/82/82 7/10/10
f 7/10/10 70/82/82 67/83/83
f 7/10/10 67/83/83 78/84/84
f 78/84/84 67/83/83 77/85/85
f 77/85/85 67/83/83 68/86/86
f 77/85/85 68/86/86 152/87/87
f 152/87/87 68/86/86 69/80/80
f 152/87/87 69/80/80 60/79/79
f 60/79/79 61/23/23 152/87/87
f 152/87/87 61/23/23 145/88/88
f 152/87/87 145/88/88 151/89/89
f 151/89/89 145/88/88 146/90/90
f 151/89/89 146/90/90 5/7/7
f 5/7/7 146/90/90 143/91/91
f 5/7/7 143/91/91 138/92/92
f 138/92/92 143/91/91 137/93/93
f 137/93/93 143/91/91 144/94/94
f 137/93/93 144/94/94 61/23/23
f 61/23/23 144/94/94 145/88/88
f 62/78/78 59/81/81 7/10/10
f 64/54/54 65/95/95 61/23/23
f 61/23/23 65/95/95 72/96/96
f 61/23/23 72/96/96 73/97/97
f 72/96/96 65/95/95 71/98/98
f 71/98/98 65/95/95 66/99/99
f 71/98/98 66/99/99 8/14/14
f 8/14/14 66/99/99 63/55/55
f 74/100/100 79/101/101 73/97/97
f 73/97/97 79/101/101 80/102/102
f 73/97/97 80/102/102 61/23/23
f 61/23/23 80/102/102 81/103/103
f 61/23/23 81/103/103 88/104/104
f 88/104/104 81/103/103 87/105/105
f 87/105/105 81/103/103 82/106/106
f 87/105/105 82/106/106 8/14/14
f 8/14/14 82/106/106 79/101/101
f 8/14/14 79/101/101 74/100/100
f 74/100/100 71/98/98 8/14/14
f 76/107/107 85/108/108 75/109/109
f 75/109/109 85/108/108 86/110/110
f 75/109/109 86/110/110 7/10/10
f 7/10/10 86/110/110 83/111/111
f 7/10/10 83/111/111 94/112/112
f 94/112/112 83/111/111 93/113/113
f 93/113/113 83/111/111 84/114/114
f 93/113/113 84/114/114 152/87/87
f 152/87/87 84/114/114 85/108/108
f 152/87/87 85/108/108 76/107/107
f 76/107/107 77/85/85 152/87/87
f 78/84/84 75/109/109 7/10/10
f 88/104/104 89/115/115 61/23/23
f 61/23/23 89/115/115 96/116/116
f 61/23/23 96/116/116 97/21/21
f 96/116/116 89/115/115 95/117/117
f 95/117/117 89/115/115 90/118/118
f 95/117/117 90/118/118 8/14/14
f 8/14/14 90/118/118 87/105/105
f 92/119/119 101/120/120 91/121/121
f 91/121/121 101/120/120 102/122/122
f 91/121/121 102/122/122 7/10/10
f 7/10/10 102/122/122 99/123/123
f 7/10/10 99/123/123 110/124/124
f 110/124/124 99/123/123 109/125/125
f 109/125/125 99/123/123 100/126/126
f 109/125/125 100/126/126 153/127/127
f 153/127/127 100/126/126 152/87/87
f 152/87/87 100/126/126 101/120/120
f 152/87/87 101/120/120 92/119/119
f 92/119/119 93/113/113 152/87/87
f 94/112/112 91/121/121 7/10/10
f 98/20/20 95/117/117 8/14/14
f 118/12/12 107/11/11 117/128/128
f 117/128/128 107/11/11 108/129/129
f 117/128/128 108/129/129 153/127/127
f 153/127/127 108/129/129 109/125/125
f 110/124/124 107/11/11 7/10/10
f 112/25/25 113/130/130 61/23/23
f 61/23/23 113/130/130 120/131/131
f 61/23/23 120/131/131 121/132/132
f 120/131/131 113/130/130 119/133/133
f 119/133/133 113/130/130 114/134/134
f 119/133/133 114/134/134 5/7/7
f 5/7/7 114/134/134 111/26/26
f 116/135/135 125/136/136 115/13/13
f 115/13/13 125/136/136 126/137/137
f 115/13/13 126/137/137 6/5/5
f 6/5/5 126/137/137 123/138/138
f 6/5/5 123/138/138 134/139/139
f 134/139/139 123/138/138 133/140/140
f 133/140/140 123/138/138 124/141/141
f 133/140/140 124/141/141 153/127/127
f 153/127/127 124/141/141 125/136/136
f 153/127/127 125/136/136 116/135/135
f 116/135/135 117/128/128 153/127/127
f 122/142/142 127/143/143 121/132/132
f 121/132/132 127/143/143 128/144/144
f 121/132/132 128/144/144 61/23/23
f 61/23/23 128/144/144 129/145/145
f 61/23/23 129/145/145 136/146/146
f 136/146/146 129/145/145 135/147/147
f 135/147/147 129/145/145 130/148/148
f 135/147/147 130/148/148 5/7/7
f 5/7/7 130/148/148 127/143/143
f 5/7/7 127/143/143 122/142/142
f 122/142/142 119/133/133 5/7/7
f 132/149/149 141/150/150 131/151/151
f 131/151/151 141/150/150 142/152/152
f 131/151/151 142/152/152 6/5/5
f 6/5/5 142/152/152 139/153/153
f 6/5/5 139/153/153 150/154/154
f 150/154/154 139/153/153 149/155/155
f 149/155/155 139/153/153 140/156/156
f 149/155/155 140/156/156 153/127/127
f 153/127/127 140/156/156 141/150/150
f 153/127/127 141/150/150 132/149/149
f 132/149/149 133/140/140 153/127/127
f 134/139/139 131/151/151 6/5/5
f 136/146/146 137/93/93 61/23/23
f 138/92/92 135/147/147 5/7/7
f 148/157/157 157/158/158 147/159/159
f 147/159/159 157/158/158 158/160/160
f 147/159/159 158/160/160 6/5/5
f 6/5/5 158/160/160 155/161/161
f 6/5/5 155/161/161 166/162/162
f 166/162/162 155/161/161 165/163/163
f 165/163/163 155/161/161 156/164/164
f 165/163/163 156/164/164 160/165/165
f 160/165/165 156/164/164 153/127/127
f 160/165/165 153/127/127 159/166/166
f 159/166/166 153/127/127 154/167/167
f 159/166/166 154/167/167 5/7/7
f 5/7/7 154/167/167 151/89/89
f 157/158/158 148/157/157 153/127/127
f 153/127/127 148/157/157 149/155/155
f 150/154/154 147/159/159 6/5/5
f 156/164/164 157/158/158 153/127/127
f 160/165/165 161/168/168 165/163/163
f 165/163/163 161/168/168 164/169/169
f 164/169/169 161/168/168 168/170/170
f 164/169/169 168/170/170 173/171/171
f 173/171/171 168/170/170 169/172/172
f 173/171/171 169/172/172 172/173/173
f 172/173/173 169/172/172 176/174/174
f 172/173/173 176/174/174 181/175/175
f 181/175/175 176/174/174 177/176/176
f 181/175/175 177/176/176 180/177/177
f 180/177/177 177/176/176 184/178/178
f 180/177/177 184/178/178 189/179/179
f 189/179/179 184/178/178 185/180/180
f 189/179/179 185/180/180 188/181/181
f 188/181/181 185/180/180 192/182/182
f 188/181/181 192/182/182 197/183/183
f 197/183/183 192/182/182 193/184/184
f 197/183/183 193/184/184 196/185/185
f 196/185/185 193/184/184 200/186/186
f 196/185/185 200/186/186 205/187/187
f 205/187/187 200/186/186 201/8/8
f 205/187/187 201/8/8 204/6/6
f 168/170/170 161/168/168 167/188/188
f 167/188/188 161/168/168 162/189/189
f 167/188/188 162/189/189 5/7/7
f 5/7/7 162/189/189 159/166/166
f 164/169/169 173/171/171 163/190/190
f 163/190/190 173/171/171 174/191/191
f 163/190/190 174/191/191 6/5/5
f 6/5/5 174/191/191 171/192/192
f 6/5/5 171/192/192 182/193/193
f 182/193/193 171/192/192 181/175/175
f 181/175/175 171/192/192 172/173/173
f 166/162/162 163/190/190 6/5/5
f 176/174/174 169/172/172 175/194/194
f 175/194/194 169/172/172 170/195/195
f 175/194/194 170/195/195 5/7/7
f 5/7/7 170/195/195 167/188/188
f 184/178/178 177/176/176 183/196/196
f 183/196/196 177/176/176 178/197/197
f 183/196/196 178/197/197 5/7/7
f 5/7/7 178/197/197 175/194/194
f 180/177/177 189/179/179 179/198/198
f 179/198/198 189/179/179 190/199/199
f 179/198/198 190/199/199 6/5/5
f 6/5/5 190/199/199 187/200/200
f 6/5/5 187/200/200 198/201/201
f 198/201/201 187/200/200 197/183/183
f 197/183/183 187/200/200 188/181/181
f 182/193/193 179/198/198 6/5/5
f 192/182/182 185/180/180 191/202/202
f 191/202/202 185/180/180 186/203/203
f 191/202/202 186/203/203 5/7/7
f 5/7/7 186/203/203 183/196/196
f 200/186/186 193/184/184 199/204/204
f 199/204/204 193/184/184 194/205/205
f 199/204/204 194/205/205 5/7/7
f 5/7/7 194/205/205 191/202/202
f 196/185/185 205/187/187 195/206/206
f 195/206/206 205/187/187 206/207/207
f 195/206/206 206/207/207 6/5/5
f 6/5/5 206/207/207 203/208/208
f 6/5/5 203/208/208 204/6/6
f 198/201/201 195/206/206 6/5/5
f 202/9/9 199/204/204 5/7/7
f 17/209/209 16/210/210 207/211/211
f 207/211/211 16/210/210 208/212/212
f 25/213/213 24/214/214 209/215/215
f 209/215/215 24/214/214 210/216/216
f 33/217/217 32/218/218 211/219/219
f 211/219/219 32/218/218 212/220/220
f 41/221/221 40/222/222 213/223/223
f 213/223/223 40/222/222 214/224/224
f 49/225/225 48/226/226 215/227/227
f 215/227/227 48/226/226 216/228/228
f 57/229/229 56/230/230 217/231/231
f 217/231/231 56/230/230 218/232/232
f 65/233/233 64/234/234 219/235/235
f 219/235/235 64/234/234 220/236/236
f 73/237/237 72/238/238 221/239/239
f 221/239/239 72/238/238 222/240/240
f 81/241/241 80/242/242 223/243/243
f 223/243/243 80/242/242 224/244/244
f 89/245/245 88/246/246 225/247/247
f 225/247/247 88/246/246 226/248/248
f 97/249/249 96/250/250 227/251/251
f 227/251/251 96/250/250 228/252/252
f 105/253/253 104/254/254 229/255/255
f 229/255/255 104/254/254 230/256/256
f 113/257/257 112/258/258 231/259/259
f 231/259/259 112/258/258 232/260/260
f 121/261/261 120/262/262 233/263/263
f 233/263/263 120/262/262 234/264/264
f 129/265/265 128/266/266 235/267/267
f 235/267/267 128/266/266 236/268/268
f 137/269/269 136/270/270 237/271/271
f 237/271/271 136/270/270 238/272/272
f 145/273/273 144/274/274 239/275/275
f 239/275/275 144/274/274 240/276/276
f 153/277/277 152/278/278 241/279/279
f 241/279/279 152/278/278 242/280/280
f 161/281/281 160/282/282 243/283/283
f 243/283/283 160/282/282 244/284/284
f 169/285/285 168/286/286 245/287/287
f 245/287/287 168/286/286 246/288/288
f 177/289/289 176/290/290 247/291/291
f 247/291/291 176/290/290 248/292/292
f 185/293/293 184/294/294 249/295/295
f 249/295/295 184/294/294 250/296/296
f 193/297/297 192/298/298 251/299/299
f 251/299/299 192/298/298 252/300/300
f 201/301/301 200/302/302 253/303/303
f 253/303/303 200/302/302 254/304/304
f 205/305/305 204/306/306 255/307/307
f 255/307/307 204/306/306 256/308/308
f 197/309/309 196/310/310 257/311/311
f 257/311/311 196/310/310 258/312/312
f 189/313/313 188/314/314 259/315/315
f 259/315/315 188/314/314 260/316/316
f 181/317/317 180/318/318 261/319/319
f 261/319/319 180/318/318 262/320/320
f 173/321/321 172/322/322 263/323/323
f 263/323/323 172/322/322 264/324/324
f 165/325/325 164/326/326 265/327/327
f 265/327/327 164/326/326 266/328/328
f 157/329/329 156/330/330 267/331/331
f 267/331/331 156/330/330 268/332/332
f 149/333/333 148/334/334 269/335/335
f 269/335/335 148/334/334 270/336/336
f 141/337/337 140/338/338 271/339/339
f 271/339/339 140/338/338 272/340/340
f 133/341/341 132/342/342 273/343/343
f 273/343/343 132/342/342 274/344/344
f 125/345/345 124/346/346 275/347/347
f 275/347/347 124/346/346 276/348/348
f 117/349/349 116/350/350 277/351/351
f 277/351/351 116/350/350 278/352/352
f 109/353/353 108/354/354 279/355/355
f 279/355/355 108/354/354 280/356/356
f 101/357/357 100/358/358 281/359/359
f 281/359/359 100/358/358 282/360/360
f 93/361/361 92/362/362 283/363/363
f 283/363/363 92/362/362 284/364/364
f 85/365/365 84/366/366 285/367/367
f 285/367/367 84/366/366 286/368/368
f 77/369/369 76/370/370 287/371/371
f 287/371/371 76/370/370 288/372/372
f 69/373/373 68/374/374 289/375/375
f 289/375/375 68/374/374 290/376/376
f 61/377/377 60/378/378 291/379/379
f 291/379/379 60/378/378 292/380/380
f 53/381/381 52/382/382 293/383/383
f 293/383/383 52/382/382 294/384/384
f 45/385/385 44/386/386 295/387/387
f 295/387/387 44/386/386 296/388/388
f 37/389/389 36/390/390 297/391/391
f 297/391/391 36/390/390 298/392/392
f 29/393/393 28/394/394 299/395/395
f 299/395/395 28/394/394 300/396/396
f 21/397/397 20/398/398 301/399/399
f 301/399/399 20/398/398 302/400/400
f 13/401/401 12/402/402 303/403/403
f 303/403/403 12/402/402 304/404/404
f 8/405/405 7/406/406 306/407/407
f 306/407/407 7/406/406 305/408/408
f 5/409/409 8/410/410 307/411/411
f 307/411/411 8/410/410 306/412/412
f 308/413/413 309/414/414 311/415/415
f 311/415/415 309/414/414 310/416/416
f 312/417/417 308/418/418 313/419/419
f 313/419/419 308/418/418 311/420/420
f 6/421/421 5/422/422 314/423/423
f 314/423/423 5/422/422 307/424/424
f 7/425/425 6/426/426 305/427/427
f 305/427/427 6/426/426 314/428/428
f 315/429/429 312/430/430 316/431/431
f 316/431/431 312/430/430 313/432/432
f 309/433/433 315/434/434 310/435/435
f 310/435/435 315/434/434 316/436/436
f 314/437/437 316/438/438 305/439/439
f 305/439/439 316/438/438 313/440/440
f 305/439/439 313/440/440 306/441/441
f 306/441/441 313/440/440 311/442/442
f 306/441/441 311/442/442 307/443/443
f 307/443/443 311/442/442 310/444/444
f 307/443/443 310/444/444 316/438/438
f 314/437/437 307/443/443 316/438/438
f 317/445/445 318/446/446 202/447/447
f 202/447/447 318/446/446 199/448/448
f 319/449/449 320/450/450 10/451/451
f 10/451/451 320/450/450 9/452/452
f 321/453/453 322/454/454 18/455/455
f 18/455/455 322/454/454 15/456/456
f 323/457/457 324/458/458 194/459/459
f 194/459/459 324/458/458 191/460/460
f 325/461/461 326/462/462 26/463/463
f 26/463/463 326/462/462 23/464/464
f 327/465/465 328/466/466 186/467/467
f 186/467/467 328/466/466 183/468/468
f 329/469/469 330/470/470 34/471/471
f 34/471/471 330/470/470 31/472/472
f 331/473/473 332/474/474 178/475/475
f 178/475/475 332/474/474 175/476/476
f 333/477/477 334/478/478 42/479/479
f 42/479/479 334/478/478 39/480/480
f 335/481/481 336/482/482 170/483/483
f 170/483/483 336/482/482 167/484/484
f 337/485/485 338/486/486 50/487/487
f 50/487/487 338/486/486 47/488/488
f 339/489/489 340/490/490 162/491/491
f 162/491/491 340/490/490 159/492/492
f 341/493/493 342/494/494 58/495/495
f 58/495/495 342/494/494 55/496/496
f 343/497/497 344/498/498 154/499/499
f 154/499/499 344/498/498 151/500/500
f 345/501/501 346/502/502 66/503/503
f 66/503/503 346/502/502 63/504/504
f 347/505/505 348/506/506 146/507/507
f 146/507/507 348/506/506 143/508/508
f 349/509/509 350/510/510 74/511/511
f 74/511/511 350/510/510 71/512/512
f 351/513/513 352/514/514 138/515/515
f 138/515/515 352/514/514 135/516/516
f 353/517/517 354/518/518 82/519/519
f 82/519/519 354/518/518 79/520/520
f 355/521/521 356/522/522 130/523/523
f 130/523/523 356/522/522 127/524/524
f 357/525/525 358/526/526 90/527/527
f 90/527/527 358/526/526 87/528/528
f 359/529/529 360/530/530 122/531/531
f 122/531/531 360/530/530 119/532/532
f 361/533/533 362/534/534 98/535/535
f 98/535/535 362/534/534 95/536/536
f 363/537/537 364/538/538 114/539/539
f 114/539/539 364/538/538 111/540/540
f 365/541/541 366/542/542 106/543/543
f 106/543/543 366/542/542 103/544/544
f 367/545/545 368/546/546 14/547/547
f 14/547/547 368/546/546 11/548/548
f 369/549/549 370/550/550 22/551/551
f 22/551/551 370/550/550 19/552/552
f 371/553/553 372/554/554 30/555/555
f 30/555/555 372/554/554 27/556/556
f 373/557/557 374/558/558 206/559/559
f 206/559/559 374/558/558 203/560/560
f 375/561/561 376/562/562 38/563/563
f 38/563/563 376/562/562 35/564/564
f 377/565/565 378/566/566 198/567/567
f 198/567/567 378/566/566 195/568/568
f 379/569/569 380/570/570 46/571/571
f 46/571/571 380/570/570 43/572/572
f 381/573/573 382/574/574 190/575/575
f 190/575/575 382/574/574 187/576/576
f 383/577/577 384/578/578 54/579/579
f 54/579/579 384/578/578 51/580/580
f 385/581/581 386/582/582 182/583/583
f 182/583/583 386/582/582 179/584/584
f 387/585/585 388/586/586 62/587/587
f 62/587/587 388/586/586 59/588/588
f 389/589/589 390/590/590 174/591/591
f 174/591/591 390/590/590 171/592/592
f 391/593/593 392/594/594 70/595/595
f 70/595/595 392/594/594 67/596/596
f 393/597/597 394/598/598 166/599/599
f 166/599/599 394/598/598 163/600/600
f 395/601/601 396/602/602 78/603/603
f 78/603/603 396/602/602 75/604/604
f 397/605/605 398/606/606 158/607/607
f 158/607/607 398/606/606 155/608/608
f 399/609/609 400/610/610 86/611/611
f 86/611/611 400/610/610 83/612/612
f 401/613/613 402/614/614 150/615/615
f 150/615/615 402/614/614 147/616/616
f 403/617/617 404/618/618 94/619/619
f 94/619/619 404/618/618 91/620/620
f 405/621/621 406/622/622 142/623/623
f 142/623/623 406/622/622 139/624/624
f 407/625/625 408/626/626 102/627/627
f 102/627/627 408/626/626 99/628/628
f 409/629/629 410/630/630 134/631/631
f 134/631/631 410/630/630 131/632/632
f 411/633/633 412/634/634 110/635/635
f 110/635/635 412/634/634 107/636/636
f 413/637/637 414/638/638 126/639/639
f 126/639/639 414/638/638 123/640/640
f 367/641/641 14/642/642 303/643/643
f 303/643/643 14/642/642 13/644/644
f 416/645/645 417/646/646 415/647/647
f 415/647/647 417/646/646 418/648/648
f 415/647/647 418/648/648 419/649/649
f 419/649/649 420/650/650 415/647/647
f 415/647/647 420/650/650 421/651/651
f 415/647/647 421/651/651 422/652/652
f 422/652/652 423/653/653 415/647/647
f 415/647/647 423/653/653 424/654/654
f 415/647/647 424/654/654 425/655/655
f 425/655/655 426/656/656 415/647/647
f 415/647/647 426/656/656 427/657/657
f 415/647/647 427/657/657 367/658/658
f 367/658/658 427/657/657 368/659/659
f 368/659/659 427/657/657 369/660/660
f 368/659/659 369/660/660 304/661/661
f 304/661/661 369/660/660 301/662/662
f 304/661/661 301/662/662 1/663/663
f 1/663/663 301/662/662 208/664/664
f 1/663/663 208/664/664 319/665/665
f 319/665/665 208/664/664 322/666/666
f 319/665/665 322/666/666 454/667/667
f 454/667/667 322/666/666 321/668/668
f 454/667/667 321/668/668 326/669/669
f 326/669/669 321/668/668 210/670/670
f 210/670/670 321/668/668 207/671/671
f 210/670/670 207/671/671 260/672/672
f 260/672/672 207/671/671 259/673/673
f 259/673/673 207/671/671 262/674/674
f 259/673/673 262/674/674 381/675/675
f 381/675/675 262/674/674 386/676/676
f 381/675/675 386/676/676 428/677/677
f 428/677/677 386/676/676 385/678/678
f 428/677/677 385/678/678 390/679/679
f 390/679/679 385/678/678 264/680/680
f 264/680/680 385/678/678 261/681/681
f 264/680/680 261/681/681 207/671/671
f 207/671/671 261/681/681 262/674/674
f 428/677/677 412/682/682 427/657/657
f 427/657/657 412/682/682 411/683/683
f 427/657/657 411/683/683 408/684/684
f 408/684/684 411/683/683 282/685/685
f 282/685/685 411/683/683 279/686/686
f 282/685/685 279/686/686 207/671/671
f 207/671/671 279/686/686 280/687/687
f 207/671/671 280/687/687 277/688/688
f 277/688/688 280/687/687 468/689/689
f 468/689/689 280/687/687 412/682/682
f 468/689/689 412/682/682 428/677/677
f 429/690/690 440/691/691 428/677/677
f 428/677/677 440/691/691 374/692/692
f 428/677/677 374/692/692 373/693/693
f 429/690/690 430/694/694 440/691/691
f 440/691/691 430/694/694 431/695/695
f 440/691/691 431/695/695 432/696/696
f 432/696/696 433/697/697 440/691/691
f 440/691/691 433/697/697 434/698/698
f 440/691/691 434/698/698 435/699/699
f 435/699/699 436/700/700 440/691/691
f 440/691/691 436/700/700 437/701/701
f 440/691/691 437/701/701 438/702/702
f 438/702/702 439/703/703 440/691/691
f 374/692/692 440/691/691 256/704/704
f 256/704/704 440/691/691 441/705/705
f 256/704/704 441/705/705 253/706/706
f 253/706/706 441/705/705 317/707/707
f 317/707/707 441/705/705 453/708/708
f 317/707/707 453/708/708 318/709/709
f 318/709/709 453/708/708 323/710/710
f 318/709/709 323/710/710 254/711/711
f 254/711/711 323/710/710 251/712/712
f 254/711/711 251/712/712 255/713/713
f 255/713/713 251/712/712 258/714/714
f 255/713/713 258/714/714 373/693/693
f 373/693/693 258/714/714 378/715/715
f 373/693/693 378/715/715 428/677/677
f 428/677/677 378/715/715 377/716/716
f 428/677/677 377/716/716 382/717/717
f 382/717/717 377/716/716 260/672/672
f 260/672/672 377/716/716 257/718/718
f 260/672/672 257/718/718 249/719/719
f 249/719/719 257/718/718 252/720/720
f 249/719/719 252/720/720 327/721/721
f 327/721/721 252/720/720 324/722/722
f 327/721/721 324/722/722 453/708/708
f 453/708/708 324/722/722 323/710/710
f 442/723/723 443/724/724 441/705/705
f 441/705/705 443/724/724 444/725/725
f 441/705/705 444/725/725 445/726/726
f 445/726/726 446/727/727 441/705/705
f 441/705/705 446/727/727 447/728/728
f 441/705/705 447/728/728 448/729/729
f 448/729/729 449/730/730 441/705/705
f 441/705/705 449/730/730 450/731/731
f 441/705/705 450/731/731 451/732/732
f 451/732/732 452/733/733 441/705/705
f 441/705/705 452/733/733 453/708/708
f 454/667/667 365/734/734 453/708/708
f 453/708/708 365/734/734 364/735/735
f 453/708/708 364/735/735 363/736/736
f 455/737/737 466/738/738 454/667/667
f 454/667/667 466/738/738 320/739/739
f 454/667/667 320/739/739 319/665/665
f 455/737/737 456/740/740 466/738/738
f 466/738/738 456/740/740 457/741/741
f 466/738/738 457/741/741 458/742/742
f 458/742/742 459/743/743 466/738/738
f 466/738/738 459/743/743 460/744/744
f 466/738/738 460/744/744 461/745/745
f 461/745/745 462/746/746 466/738/738
f 466/738/738 462/746/746 463/747/747
f 466/738/738 463/747/747 464/748/748
f 464/748/748 465/749/749 466/738/738
f 415/647/647 303/750/750 466/738/738
f 466/738/738 303/750/750 4/751/751
f 466/738/738 4/751/751 320/739/739
f 253/706/706 254/711/711 256/704/704
f 256/704/704 254/711/711 255/713/713
f 335/752/752 453/708/708 336/753/753
f 336/753/753 453/708/708 339/754/754
f 336/753/753 339/754/754 246/755/755
f 246/755/755 339/754/754 243/756/756
f 246/755/755 243/756/756 260/672/672
f 260/672/672 243/756/756 244/757/757
f 260/672/672 244/757/757 241/758/758
f 241/758/758 244/757/757 343/759/759
f 343/759/759 244/757/757 340/760/760
f 343/759/759 340/760/760 453/708/708
f 453/708/708 340/760/760 339/754/754
f 245/761/761 248/762/762 335/752/752
f 335/752/752 248/762/762 332/763/763
f 335/752/752 332/763/763 453/708/708
f 453/708/708 332/763/763 331/764/764
f 453/708/708 331/764/764 328/765/765
f 328/765/765 331/764/764 250/766/766
f 250/766/766 331/764/764 247/767/767
f 250/766/766 247/767/767 260/672/672
f 260/672/672 247/767/767 248/762/762
f 260/672/672 248/762/762 245/761/761
f 245/761/761 246/755/755 260/672/672
f 351/768/768 453/708/708 352/769/769
f 352/769/769 453/708/708 355/770/770
f 352/769/769 355/770/770 238/771/771
f 238/771/771 355/770/770 235/772/772
f 238/771/771 235/772/772 260/672/672
f 260/672/672 235/772/772 236/773/773
f 260/672/672 236/773/773 233/774/774
f 233/774/774 236/773/773 359/775/775
f 359/775/775 236/773/773 356/776/776
f 359/775/775 356/776/776 453/708/708
f 453/708/708 356/776/776 355/770/770
f 237/777/777 240/778/778 351/768/768
f 351/768/768 240/778/778 348/779/779
f 351/768/768 348/779/779 453/708/708
f 453/708/708 348/779/779 347/780/780
f 453/708/708 347/780/780 344/781/781
f 344/781/781 347/780/780 242/782/782
f 242/782/782 347/780/780 239/783/783
f 242/782/782 239/783/783 260/672/672
f 260/672/672 239/783/783 240/778/778
f 260/672/672 240/778/778 237/777/777
f 237/777/777 238/771/771 260/672/672
f 251/712/712 252/720/720 258/714/714
f 258/714/714 252/720/720 257/718/718
f 233/774/774 234/784/784 260/672/672
f 260/672/672 234/784/784 231/785/785
f 260/672/672 231/785/785 232/786/786
f 231/785/785 234/784/784 363/736/736
f 363/736/736 234/784/784 360/787/787
f 363/736/736 360/787/787 453/708/708
f 453/708/708 360/787/787 359/775/775
f 241/758/758 242/782/782 260/672/672
f 344/781/781 343/759/759 453/708/708
f 249/719/719 250/766/766 260/672/672
f 328/765/765 327/721/721 453/708/708
f 409/788/788 428/677/677 410/789/789
f 410/789/789 428/677/677 405/790/790
f 410/789/789 405/790/790 274/791/791
f 274/791/791 405/790/790 271/792/792
f 274/791/791 271/792/792 207/671/671
f 207/671/671 271/792/792 272/793/793
f 207/671/671 272/793/793 269/794/794
f 269/794/794 272/793/793 401/795/795
f 401/795/795 272/793/793 406/796/796
f 401/795/795 406/796/796 428/677/677
f 428/677/677 406/796/796 405/790/790
f 273/797/797 276/798/798 409/788/788
f 409/788/788 276/798/798 414/799/799
f 409/788/788 414/799/799 428/677/677
f 428/677/677 414/799/799 413/800/800
f 428/677/677 413/800/800 467/801/801
f 467/801/801 413/800/800 278/802/802
f 278/802/802 413/800/800 275/803/803
f 278/802/802 275/803/803 207/671/671
f 207/671/671 275/803/803 276/798/798
f 207/671/671 276/798/798 273/797/797
f 273/797/797 274/791/791 207/671/671
f 395/804/804 427/657/657 396/805/805
f 396/805/805 427/657/657 399/806/806
f 396/805/805 399/806/806 288/807/807
f 288/807/807 399/806/806 285/808/808
f 288/807/807 285/808/808 207/671/671
f 207/671/671 285/808/808 286/809/809
f 207/671/671 286/809/809 283/810/810
f 283/810/810 286/809/809 403/811/811
f 403/811/811 286/809/809 400/812/812
f 403/811/811 400/812/812 427/657/657
f 427/657/657 400/812/812 399/806/806
f 287/813/813 290/814/814 395/804/804
f 395/804/804 290/814/814 392/815/815
f 395/804/804 392/815/815 427/657/657
f 427/657/657 392/815/815 391/816/816
f 427/657/657 391/816/816 388/817/817
f 388/817/817 391/816/816 292/818/818
f 292/818/818 391/816/816 289/819/819
f 292/818/818 289/819/819 207/671/671
f 207/671/671 289/819/819 290/814/814
f 207/671/671 290/814/814 287/813/813
f 287/813/813 288/807/807 207/671/671
f 403/811/811 427/657/657 404/820/820
f 404/820/820 427/657/657 407/821/821
f 404/820/820 407/821/821 284/822/822
f 284/822/822 407/821/821 281/823/823
f 284/822/822 281/823/823 207/671/671
f 207/671/671 281/823/823 282/685/685
f 283/810/810 284/822/822 207/671/671
f 390/679/679 389/824/824 428/677/677
f 428/677/677 389/824/824 394/825/825
f 428/677/677 394/825/825 393/826/826
f 394/825/825 389/824/824 266/827/827
f 266/827/827 389/824/824 263/828/828
f 266/827/827 263/828/828 207/671/671
f 207/671/671 263/828/828 264/680/680
f 364/735/735 365/734/734 232/786/786
f 232/786/786 365/734/734 229/829/829
f 232/786/786 229/829/829 260/672/672
f 260/672/672 229/829/829 230/830/830
f 260/672/672 230/830/830 227/831/831
f 227/831/831 230/830/830 361/832/832
f 361/832/832 230/830/830 366/833/833
f 361/832/832 366/833/833 454/667/667
f 454/667/667 366/833/833 365/734/734
f 222/834/834 260/672/672 221/835/835
f 221/835/835 260/672/672 224/836/836
f 221/835/835 224/836/836 349/837/837
f 349/837/837 224/836/836 354/838/838
f 349/837/837 354/838/838 454/667/667
f 454/667/667 354/838/838 353/839/839
f 454/667/667 353/839/839 358/840/840
f 358/840/840 353/839/839 226/841/841
f 226/841/841 353/839/839 223/842/842
f 226/841/841 223/842/842 260/672/672
f 260/672/672 223/842/842 224/836/836
f 350/843/843 345/844/844 222/834/834
f 222/834/834 345/844/844 219/845/845
f 222/834/834 219/845/845 260/672/672
f 260/672/672 219/845/845 220/846/846
f 260/672/672 220/846/846 217/847/847
f 217/847/847 220/846/846 341/848/848
f 341/848/848 220/846/846 346/849/849
f 341/848/848 346/849/849 454/667/667
f 454/667/667 346/849/849 345/844/844
f 454/667/667 345/844/844 350/843/843
f 350/843/843 349/837/837 454/667/667
f 369/660/660 427/657/657 370/850/850
f 370/850/850 427/657/657 371/851/851
f 370/850/850 371/851/851 302/852/852
f 302/852/852 371/851/851 299/853/853
f 302/852/852 299/853/853 207/671/671
f 207/671/671 299/853/853 300/854/854
f 207/671/671 300/854/854 297/855/855
f 297/855/855 300/854/854 375/856/856
f 375/856/856 300/854/854 372/857/857
f 375/856/856 372/857/857 427/657/657
f 427/657/657 372/857/857 371/851/851
f 301/662/662 302/852/852 208/664/664
f 208/664/664 302/852/852 207/671/671
f 226/841/841 260/672/672 225/858/858
f 225/858/858 260/672/672 228/859/859
f 225/858/858 228/859/859 357/860/860
f 357/860/860 228/859/859 362/861/861
f 357/860/860 362/861/861 454/667/667
f 454/667/667 362/861/861 361/832/832
f 358/840/840 357/860/860 454/667/667
f 379/862/862 427/657/657 380/863/863
f 380/863/863 427/657/657 383/864/864
f 380/863/863 383/864/864 296/865/865
f 296/865/865 383/864/864 293/866/866
f 296/865/865 293/866/866 207/671/671
f 207/671/671 293/866/866 294/867/867
f 207/671/671 294/867/867 291/868/868
f 291/868/868 294/867/867 387/869/869
f 387/869/869 294/867/867 384/870/870
f 387/869/869 384/870/870 427/657/657
f 427/657/657 384/870/870 383/864/864
f 295/871/871 298/872/872 379/862/862
f 379/862/862 298/872/872 376/873/873
f 379/862/862 376/873/873 427/657/657
f 427/657/657 376/873/873 375/856/856
f 298/872/872 295/871/871 207/671/671
f 207/671/671 295/871/871 296/865/865
f 217/847/847 218/874/874 260/672/672
f 260/672/672 218/874/874 215/875/875
f 260/672/672 215/875/875 216/876/876
f 215/875/875 218/874/874 337/877/877
f 337/877/877 218/874/874 342/878/878
f 337/877/877 342/878/878 454/667/667
f 454/667/667 342/878/878 341/848/848
f 227/831/831 228/859/859 260/672/672
f 388/817/817 387/869/869 427/657/657
f 291/868/868 292/818/818 207/671/671
f 214/879/879 260/672/672 213/880/880
f 213/880/880 260/672/672 216/876/876
f 213/880/880 216/876/876 333/881/881
f 333/881/881 216/876/876 338/882/882
f 333/881/881 338/882/882 454/667/667
f 454/667/667 338/882/882 337/877/877
f 334/883/883 329/884/884 214/879/879
f 214/879/879 329/884/884 211/885/885
f 214/879/879 211/885/885 260/672/672
f 260/672/672 211/885/885 212/886/886
f 260/672/672 212/886/886 209/887/887
f 209/887/887 212/886/886 325/888/888
f 325/888/888 212/886/886 330/889/889
f 325/888/888 330/889/889 454/667/667
f 454/667/667 330/889/889 329/884/884
f 454/667/667 329/884/884 334/883/883
f 334/883/883 333/881/881 454/667/667
f 297/855/855 298/872/872 207/671/671
f 209/887/887 210/670/670 260/672/672
f 326/669/669 325/888/888 454/667/667
f 1/663/663 4/751/751 304/661/661
f 304/661/661 4/751/751 303/750/750
f 367/658/658 303/750/750 415/647/647
f 382/717/717 381/675/675 428/677/677
f 401/795/795 428/677/677 402/890/890
f 402/890/890 428/677/677 397/891/891
f 402/890/890 397/891/891 270/892/892
f 270/892/892 397/891/891 267/893/893
f 270/892/892 267/893/893 207/671/671
f 207/671/671 267/893/893 268/894/894
f 207/671/671 268/894/894 265/895/895
f 265/895/895 268/894/894 393/826/826
f 393/826/826 268/894/894 398/896/896
f 393/826/826 398/896/896 428/677/677
f 428/677/677 398/896/896 397/891/891
f 269/794/794 270/892/892 207/671/671
f 265/895/895 266/827/827 207/671/671
f 467/801/801 468/689/689 428/677/677
f 277/688/688 278/802/802 207/671/671
f 408/684/684 407/821/821 427/657/657
f 415/897/897 469/898/898 416/899/899
f 416/899/899 469/898/898 470/900/900
f 416/899/899 470/900/900 417/901/901
f 417/901/901 470/900/900 471/902/902
f 417/901/901 471/902/902 418/903/903
f 418/903/903 471/902/902 472/904/904
f 418/903/903 472/904/904 419/905/905
f 419/905/905 472/904/904 473/906/906
f 419/905/905 473/906/906 420/907/907
f 420/907/907 473/906/906 474/908/908
f 420/907/907 474/908/908 421/909/909
f 421/909/909 474/908/908 475/910/910
f 421/909/909 475/910/910 422/911/911
f 422/911/911 475/910/910 476/912/912
f 422/911/911 476/912/912 423/913/913
f 423/913/913 476/912/912 477/914/914
f 423/913/913 477/914/914 424/915/915
f 424/915/915 477/914/914 478/916/916
f 424/915/915 478/916/916 425/917/917
f 425/917/917 478/916/916 479/918/918
f 425/917/917 479/918/918 426/919/919
f 426/919/919 479/918/918 480/920/920
f 426/919/919 480/920/920 427/921/921
f 427/921/921 480/920/920 481/922/922
f 481/923/922 482/924/923 427/925/921
f 427/925/921 482/924/923 428/926/924
f 428/927/924 482/928/923 429/929/925
f 429/929/925 482/928/923 483/930/926
f 429/929/925 483/930/926 430/931/927
f 430/931/927 483/930/926 484/932/928
f 430/931/927 484/932/928 431/933/929
f 431/933/929 484/932/928 485/934/930
f 431/933/929 485/934/930 432/935/931
f 432/935/931 485/934/930 486/936/932
f 432/935/931 486/936/932 433/937/933
f 433/937/933 486/936/932 487/938/934
f 433/937/933 487/938/934 434/939/935
f 434/939/935 487/938/934 488/940/936
f 434/939/935 488/940/936 435/941/937
f 435/941/937 488/940/936 489/942/938
f 435/941/937 489/942/938 436/943/939
f 436/943/939 489/942/938 490/944/940
f 436/943/939 490/944/940 437/945/941
f 437/945/941 490/944/940 491/946/942
f 437/945/941 491/946/942 438/947/943
f 438/947/943 491/946/942 492/948/944
f 438/947/943 492/948/944 439/949/945
f 439/949/945 492/948/944 493/950/946
f 439/949/945 493/950/946 440/951/947
f 440/951/947 493/950/946 494/952/948
f 494/953/948 495/954/949 440/955/947
f 440/955/947 495/954/949 441/956/950
f 441/957/950 495/958/949 442/959/951
f 442/959/951 495/958/949 496/960/952
f 442/959/951 496/960/952 443/961/953
f 443/961/953 496/960/952 497/962/954
f 443/961/953 497/962/954 444/963/955
f 444/963/955 497/962/954 498/964/956
f 444/963/955 498/964/956 445/965/957
f 445/965/957 498/964/956 499/966/958
f 445/965/957 499/966/958 446/967/959
f 446/967/959 499/966/958 500/968/960
f 446/967/959 500/968/960 447/969/961
f 447/969/961 500/968/960 501/970/962
f 447/969/961 501/970/962 448/971/963
f 448/971/963 501/970/962 502/972/964
f 448/971/963 502/972/964 449/973/965
f 449/973/965 502/972/964 503/974/966
f 449/973/965 503/974/966 450/975/967
f 450/975/967 503/974/966 504/976/968
f 450/975/967 504/976/968 451/977/969
f 451/977/969 504/976/968 505/978/970
f 451/977/969 505/978/970 452/979/971
f 452/979/971 505/978/970 506/980/972
f 452/979/971 506/980/972 453/981/973
f 453/981/973 506/980/972 507/982/974
f 507/983/974 508/984/975 453/985/973
f 453/985/973 508/984/975 454/986/976
f 454/987/976 508/988/975 455/989/977
f 455/989/977 508/988/975 509/990/978
f 455/989/977 509/990/978 456/991/979
f 456/991/979 509/990/978 510/992/980
f 456/991/979 510/992/980 457/993/981
f 457/993/981 510/992/980 511/994/982
f 457/993/981 511/994/982 458/995/983
f 458/995/983 511/994/982 512/996/984
f 458/995/983 512/996/984 459/997/985
f 459/997/985 512/996/984 513/998/986
f 459/997/985 513/998/986 460/999/987
f 460/999/987 513/998/986 514/1000/988
f 460/999/987 514/1000/988 461/1001/989
f 461/1001/989 514/1000/988 515/1002/990
f 461/1001/989 515/1002/990 462/1003/991
f 462/1003/991 515/1002/990 516/1004/992
f 462/1003/991 516/1004/992 463/1005/993
f 463/1005/993 516/1004/992 517/1006/994
f 463/1005/993 517/1006/994 464/1007/995
f 464/1007/995 517/1006/994 518/1008/996
f 464/1007/995 518/1008/996 465/1009/997
f 465/1009/997 518/1008/996 519/1010/998
f 465/1009/997 519/1010/998 466/1011/999
f 466/1011/999 519/1010/998 520/1012/1000
f 415/1013/897 466/1014/999 469/1015/898
f 469/1015/898 466/1014/999 520/1016/1000
f 193/1017/1001 251/1018/1002 194/1019/1003
f 194/1019/1003 251/1018/1002 323/1020/1004
f 200/1021/1005 199/1022/1006 254/1023/1007
f 254/1023/1007 199/1022/1006 318/1024/1008
f 161/1025/1009 243/1026/1010 162/1027/1011
f 162/1027/1011 243/1026/1010 339/1028/1012
f 168/1029/1013 167/1030/1014 246/1031/1015
f 246/1031/1015 167/1030/1014 336/1032/1016
f 129/1033/1017 235/1034/1018 130/1035/1019
f 130/1035/1019 235/1034/1018 355/1036/1020
f 136/1037/1021 135/1038/1022 238/1039/1023
f 238/1039/1023 135/1038/1022 352/1040/1024
f 121/1041/1025 233/1042/1026 122/1043/1027
f 122/1043/1027 233/1042/1026 359/1044/1028
f 128/1045/1029 127/1046/1030 236/1047/1031
f 236/1047/1031 127/1046/1030 356/1048/1032
f 153/1049/1033 241/1050/1034 154/1051/1035
f 154/1051/1035 241/1050/1034 343/1052/1036
f 160/1053/1037 159/1054/1038 244/1055/1039
f 244/1055/1039 159/1054/1038 340/1056/1040
f 185/1057/1041 249/1058/1042 186/1059/1043
f 186/1059/1043 249/1058/1042 327/1060/1044
f 192/1061/1045 191/1062/1046 252/1063/1047
f 252/1063/1047 191/1062/1046 324/1064/1048
f 169/1065/1049 245/1066/1050 170/1067/1051
f 170/1067/1051 245/1066/1050 335/1068/1052
f 176/1069/1053 175/1070/1054 248/1071/1055
f 248/1071/1055 175/1070/1054 332/1072/1056
f 137/1073/1057 237/1074/1058 138/1075/1059
f 138/1075/1059 237/1074/1058 351/1076/1060
f 144/1077/1061 143/1078/1062 240/1079/1063
f 240/1079/1063 143/1078/1062 348/1080/1064
f 113/1081/1065 231/1082/1066 114/1083/1067
f 114/1083/1067 231/1082/1066 363/1084/1068
f 120/1085/1069 119/1086/1070 234/1087/1071
f 234/1087/1071 119/1086/1070 360/1088/1072
f 145/1089/1073 239/1090/1074 146/1091/1075
f 146/1091/1075 239/1090/1074 347/1092/1076
f 152/1093/1077 151/1094/1078 242/1095/1079
f 242/1095/1079 151/1094/1078 344/1096/1080
f 177/1097/1081 247/1098/1082 178/1099/1083
f 178/1099/1083 247/1098/1082 331/1100/1084
f 184/1101/1085 183/1102/1086 250/1103/1087
f 250/1103/1087 183/1102/1086 328/1104/1088
f 317/1105/1089 202/1106/1090 253/1107/1091
f 253/1107/1091 202/1106/1090 201/1108/1092
f 108/1109/1093 107/1110/1094 280/1111/1095
f 280/1111/1095 107/1110/1094 412/1112/1096
f 109/1113/1097 279/1114/1098 110/1115/1099
f 110/1115/1099 279/1114/1098 411/1116/1100
f 132/1117/1101 131/1118/1102 274/1119/1103
f 274/1119/1103 131/1118/1102 410/1120/1104
f 133/1121/1105 273/1122/1106 134/1123/1107
f 134/1123/1107 273/1122/1106 409/1124/1108
f 76/1125/1109 75/1126/1110 288/1127/1111
f 288/1127/1111 75/1126/1110 396/1128/1112
f 77/1129/1113 287/1130/1114 78/1131/1115
f 78/1131/1115 287/1130/1114 395/1132/1116
f 92/1133/1117 91/1134/1118 284/1135/1119
f 284/1135/1119 91/1134/1118 404/1136/1120
f 93/1137/1121 283/1138/1122 94/1139/1123
f 94/1139/1123 283/1138/1122 403/1140/1124
f 468/1141/1125 467/1142/1126 118/1143/1127
f 118/1143/1127 467/1142/1126 115/1144/1128
f 204/1145/1129 203/1146/1130 256/1147/1131
f 256/1147/1131 203/1146/1130 374/1148/1132
f 205/1149/1133 255/1150/1134 206/1151/1135
f 206/1151/1135 255/1150/1134 373/1152/1136
f 172/1153/1137 171/1154/1138 264/1155/1139
f 264/1155/1139 171/1154/1138 390/1156/1140
f 173/1157/1141 263/1158/1142 174/1159/1143
f 174/1159/1143 263/1158/1142 389/1160/1144
f 140/1161/1145 139/1162/1146 272/1163/1147
f 272/1163/1147 139/1162/1146 406/1164/1148
f 141/1165/1149 271/1166/1150 142/1167/1151
f 142/1167/1151 271/1166/1150 405/1168/1152
f 180/1169/1153 179/1170/1154 262/1171/1155
f 262/1171/1155 179/1170/1154 386/1172/1156
f 181/1173/1157 261/1174/1158 182/1175/1159
f 182/1175/1159 261/1174/1158 385/1176/1160
f 73/1177/1161 221/1178/1162 74/1179/1163
f 74/1179/1163 221/1178/1162 349/1180/1164
f 72/1181/1165 71/1182/1166 222/1183/1167
f 222/1183/1167 71/1182/1166 350/1184/1168
f 20/1185/1169 19/1186/1170 302/1187/1171
f 302/1187/1171 19/1186/1170 370/1188/1172
f 21/1189/1173 301/1190/1174 22/1191/1175
f 22/1191/1175 301/1190/1174 369/1192/1176
f 89/1193/1177 225/1194/1178 90/1195/1179
f 90/1195/1179 225/1194/1178 357/1196/1180
f 88/1197/1181 87/1198/1182 226/1199/1183
f 226/1199/1183 87/1198/1182 358/1200/1184
f 28/1201/1185 27/1202/1186 300/1203/1187
f 300/1203/1187 27/1202/1186 372/1204/1188
f 29/1205/1189 299/1206/1190 30/1207/1191
f 30/1207/1191 299/1206/1190 371/1208/1192
f 44/1209/1193 43/1210/1194 296/1211/1195
f 296/1211/1195 43/1210/1194 380/1212/1196
f 45/1213/1197 295/1214/1198 46/1215/1199
f 46/1215/1199 295/1214/1198 379/1216/1200
f 81/1217/1201 223/1218/1202 82/1219/1203
f 82/1219/1203 223/1218/1202 353/1220/1204
f 80/1221/1205 79/1222/1206 224/1223/1207
f 224/1223/1207 79/1222/1206 354/1224/1208
f 57/1225/1209 217/1226/1210 58/1227/1211
f 58/1227/1211 217/1226/1210 341/1228/1212
f 56/1229/1213 55/1230/1214 218/1231/1215
f 218/1231/1215 55/1230/1214 342/1232/1216
f 97/1233/1217 227/1234/1218 98/1235/1219
f 98/1235/1219 227/1234/1218 361/1236/1220
f 96/1237/1221 95/1238/1222 228/1239/1223
f 228/1239/1223 95/1238/1222 362/1240/1224
f 105/1241/1225 229/1242/1226 106/1243/1227
f 106/1243/1227 229/1242/1226 365/1244/1228
f 104/1245/1229 103/1246/1230 230/1247/1231
f 230/1247/1231 103/1246/1230 366/1248/1232
f 60/1249/1233 59/1250/1234 292/1251/1235
f 292/1251/1235 59/1250/1234 388/1252/1236
f 61/1253/1237 291/1254/1238 62/1255/1239
f 62/1255/1239 291/1254/1238 387/1256/1240
f 52/1257/1241 51/1258/1242 294/1259/1243
f 294/1259/1243 51/1258/1242 384/1260/1244
f 53/1261/1245 293/1262/1246 54/1263/1247
f 54/1263/1247 293/1262/1246 383/1264/1248
f 41/1265/1249 213/1266/1250 42/1267/1251
f 42/1267/1251 213/1266/1250 333/1268/1252
f 40/1269/1253 39/1270/1254 214/1271/1255
f 214/1271/1255 39/1270/1254 334/1272/1256
f 68/1273/1257 67/1274/1258 290/1275/1259
f 290/1275/1259 67/1274/1258 392/1276/1260
f 69/1277/1261 289/1278/1262 70/1279/1263
f 70/1279/1263 289/1278/1262 391/1280/1264
f 36/1281/1265 35/1282/1266 298/1283/1267
f 298/1283/1267 35/1282/1266 376/1284/1268
f 37/1285/1269 297/1286/1270 38/1287/1271
f 38/1287/1271 297/1286/1270 375/1288/1272
f 17/1289/1273 207/1290/1274 18/1291/1275
f 18/1291/1275 207/1290/1274 321/1292/1276
f 16/1293/1277 15/1294/1278 208/1295/1279
f 208/1295/1279 15/1294/1278 322/1296/1280
f 25/1297/1281 209/1298/1282 26/1299/1283
f 26/1299/1283 209/1298/1282 325/1300/1284
f 24/1301/1285 23/1302/1286 210/1303/1287
f 210/1303/1287 23/1302/1286 326/1304/1288
f 65/1305/1289 219/1306/1290 66/1307/1291
f 66/1307/1291 219/1306/1290 345/1308/1292
f 64/1309/1293 63/1310/1294 220/1311/1295
f 220/1311/1295 63/1310/1294 346/1312/1296
f 2/1313/1297 1/1314/1298 10/1315/1299
f 10/1315/1299 1/1314/1298 319/1316/1300
f 49/1317/1301 215/1318/1302 50/1319/1303
f 50/1319/1303 215/1318/1302 337/1320/1304
f 48/1321/1305 47/1322/1306 216/1323/1307
f 216/1323/1307 47/1322/1306 338/1324/1308
f 33/1325/1309 211/1326/1310 34/1327/1311
f 34/1327/1311 211/1326/1310 329/1328/1312
f 32/1329/1313 31/1330/1314 212/1331/1315
f 212/1331/1315 31/1330/1314 330/1332/1316
f 12/1333/1317 11/1334/1318 304/1335/1319
f 304/1335/1319 11/1334/1318 368/1336/1320
f 320/1337/1321 4/1338/1322 9/1339/1323
f 9/1339/1323 4/1338/1322 3/1340/1324
f 188/1341/1325 187/1342/1326 260/1343/1327
f 260/1343/1327 187/1342/1326 382/1344/1328
f 189/1345/1329 259/1346/1330 190/1347/1331
f 190/1347/1331 259/1346/1330 381/1348/1332
f 196/1349/1333 195/1350/1334 258/1351/1335
f 258/1351/1335 195/1350/1334 378/1352/1336
f 197/1353/1337 257/1354/1338 198/1355/1339
f 198/1355/1339 257/1354/1338 377/1356/1340
f 148/1357/1341 147/1358/1342 270/1359/1343
f 270/1359/1343 147/1358/1342 402/1360/1344
f 149/1361/1345 269/1362/1346 150/1363/1347
f 150/1363/1347 269/1362/1346 401/1364/1348
f 156/1365/1349 155/1366/1350 268/1367/1351
f 268/1367/1351 155/1366/1350 398/1368/1352
f 157/1369/1353 267/1370/1354 158/1371/1355
f 158/1371/1355 267/1370/1354 397/1372/1356
f 84/1373/1357 83/1374/1358 286/1375/1359
f 286/1375/1359 83/1374/1358 400/1376/1360
f 85/1377/1361 285/1378/1362 86/1379/1363
f 86/1379/1363 285/1378/1362 399/1380/1364
f 164/1381/1365 163/1382/1366 266/1383/1367
f 266/1383/1367 163/1382/1366 394/1384/1368
f 165/1385/1369 265/1386/1370 166/1387/1371
f 166/1387/1371 265/1386/1370 393/1388/1372
f 124/1389/1373 123/1390/1374 276/1391/1375
f 276/1391/1375 123/1390/1374 414/1392/1376
f 125/1393/1377 275/1394/1378 126/1395/1379
f 126/1395/1379 275/1394/1378 413/1396/1380
f 116/1397/1381 115/1398/1382 278/1399/1383
f 278/1399/1383 115/1398/1382 467/1400/1384
f 117/1401/1385 277/1402/1386 118/1403/1387
f 118/1403/1387 277/1402/1386 468/1404/1388
f 100/1405/1389 99/1406/1390 282/1407/1391
f 282/1407/1391 99/1406/1390 408/1408/1392
f 101/1409/1393 281/1410/1394 102/1411/1395
f 102/1411/1395 281/1410/1394 407/1412/1396
f 112/1413/1397 111/1414/1398 232/1415/1399
f 232/1415/1399 111/1414/1398 364/1416/1400
f 482/1417/1401 481/1418/1402 312/1419/1403
f 312/1419/1403 481/1418/1402 480/1420/1404
f 312/1419/1403 480/1420/1404 479/1421/1405
f 479/1421/1405 478/1422/1406 312/1419/1403
f 312/1419/1403 478/1422/1406 477/1423/1407
f 312/1419/1403 477/1423/1407 476/1424/1408
f 476/1424/1408 475/1425/1409 312/1419/1403
f 312/1419/1403 475/1425/1409 474/1426/1410
f 312/1419/1403 474/1426/1410 473/1427/1411
f 473/1427/1411 472/1428/1412 312/1419/1403
f 312/1419/1403 472/1428/1412 471/1429/1413
f 312/1419/1403 471/1429/1413 470/1430/1414
f 470/1430/1414 469/1431/1415 312/1419/1403
f 312/1419/1403 469/1431/1415 308/1432/1416
f 308/1432/1416 469/1431/1415 520/1433/1417
f 308/1432/1416 520/1433/1417 519/1434/1418
f 519/1434/1418 518/1435/1419 308/1432/1416
f 308/1432/1416 518/1435/1419 517/1436/1420
f 308/1432/1416 517/1436/1420 516/1437/1421
f 516/1437/1421 515/1438/1422 308/1432/1416
f 308/1432/1416 515/1438/1422 514/1439/1423
f 308/1432/1416 514/1439/1423 513/1440/1424
f 513/1440/1424 512/1441/1425 308/1432/1416
f 308/1432/1416 512/1441/1425 511/1442/1426
f 308/1432/1416 511/1442/1426 510/1443/1427
f 510/1443/1427 509/1444/1428 308/1432/1416
f 308/1432/1416 509/1444/1428 508/1445/1429
f 308/1432/1416 508/1445/1429 507/1446/1430
f 308/1432/1416 507/1446/1430 309/1447/1431
f 309/1447/1431 507/1446/1430 506/1448/1432
f 309/1447/1431 506/1448/1432 505/1449/1433
f 505/1449/1433 504/1450/1434 309/1447/1431
f 309/1447/1431 504/1450/1434 503/1451/1435
f 309/1447/1431 503/1451/1435 502/1452/1436
f 502/1452/1436 501/1453/1437 309/1447/1431
f 309/1447/1431 501/1453/1437 500/1454/1438
f 309/1447/1431 500/1454/1438 499/1455/1439
f 499/1455/1439 498/1456/1440 309/1447/1431
f 309/1447/1431 498/1456/1440 497/1457/1441
f 309/1447/1431 497/1457/1441 496/1458/1442
f 496/1458/1442 495/1459/1443 309/1447/1431
f 309/1447/1431 495/1459/1443 494/1460/1444
f 309/1447/1431 494/1460/1444 315/1461/1445
f 315/1461/1445 494/1460/1444 493/1462/1446
f 315/1461/1445 493/1462/1446 492/1463/1447
f 492/1463/1447 491/1464/1448 315/1461/1445
f 315/1461/1445 491/1464/1448 490/1465/1449
f 315/1461/1445 490/1465/1449 489/1466/1450
f 489/1466/1450 488/1467/1451 315/1461/1445
f 315/1461/1445 488/1467/1451 487/1468/1452
f 315/1461/1445 487/1468/1452 486/1469/1453
f 486/1469/1453 485/1470/1454 315/1461/1445
f 315/1461/1445 485/1470/1454 484/1471/1455
f 315/1461/1445 484/1471/1455 483/1472/1456
f 483/1472/1456 482/1417/1401 315/1461/1445
f 315/1461/1445 482/1417/1401 312/1419/1403
# 520 vertices
# 1472 texture params
# 1456 normals
# 1236 facets

# 1 groups
