# WaveFront *.obj file (generated by Autodesk ATF)

mtllib Lüfterhalterung.mtl

g Lüfterhalterung

v -57.300000 -0.800000 48.800000
v -57.560472 -0.777212 48.800000
v -57.813030 -0.709539 48.800000
v -58.050000 -0.599038 48.800000
v -58.264181 -0.449067 48.800000
v -58.449067 -0.264181 48.800000
v -58.599038 -0.050000 48.800000
v -58.709539 0.186970 48.800000
v -58.777212 0.439528 48.800000
v -58.800000 0.700000 48.800000
v -58.800000 0.700000 46.500000
v -58.777212 0.439528 46.500000
v -58.709539 0.186970 46.500000
v -58.599038 -0.050000 46.500000
v -58.449067 -0.264181 46.500000
v -58.264181 -0.449067 46.500000
v -58.050000 -0.599038 46.500000
v -57.813030 -0.709539 46.500000
v -57.560472 -0.777212 46.500000
v -57.300000 -0.800000 46.500000
v -0.700000 -0.800000 48.800000
v -0.439528 -0.777212 48.800000
v -0.186970 -0.709539 48.800000
v 0.050000 -0.599038 48.800000
v 0.264181 -0.449067 48.800000
v 0.449067 -0.264181 48.800000
v 0.599038 -0.050000 48.800000
v 0.709539 0.186970 48.800000
v 0.777212 0.439528 48.800000
v 0.800000 0.700000 48.800000
v 0.800000 87.300001 48.800000
v 0.777212 87.560474 48.800000
v 0.709539 87.813032 48.800000
v 0.599038 88.050001 48.800000
v 0.449067 88.264183 48.800000
v 0.264181 88.449068 48.800000
v 0.050000 88.599039 48.800000
v -0.186970 88.709540 48.800000
v -0.439528 88.777213 48.800000
v -0.700000 88.800001 48.800000
v -57.300000 88.800001 48.800000
v -57.560472 88.777213 48.800000
v -57.813030 88.709540 48.800000
v -58.050000 88.599039 48.800000
v -58.264181 88.449068 48.800000
v -58.449067 88.264183 48.800000
v -58.599038 88.050001 48.800000
v -58.709539 87.813032 48.800000
v -58.777212 87.560474 48.800000
v -58.800000 87.300001 48.800000
v -0.800000 87.200001 48.800000
v -0.800000 0.800000 48.800000
v -57.200001 0.800000 48.800000
v -57.200001 87.200001 48.800000
v -0.700000 -0.800000 46.500000
v -0.439528 -0.777212 46.500000
v -0.186970 -0.709539 46.500000
v 0.050000 -0.599038 46.500000
v 0.264181 -0.449067 46.500000
v 0.449067 -0.264181 46.500000
v 0.599038 -0.050000 46.500000
v 0.709539 0.186970 46.500000
v 0.777212 0.439528 46.500000
v 0.800000 0.700000 46.500000
v -57.300000 88.800001 46.500000
v -57.560472 88.777213 46.500000
v -57.813030 88.709540 46.500000
v -58.050000 88.599039 46.500000
v -58.264181 88.449068 46.500000
v -58.449067 88.264183 46.500000
v -58.599038 88.050001 46.500000
v -58.709539 87.813032 46.500000
v -58.777212 87.560474 46.500000
v -58.800000 87.300001 46.500000
v -0.700000 88.800001 46.500000
v 0.800000 87.300001 46.500000
v 0.777212 87.560474 46.500000
v 0.709539 87.813032 46.500000
v 0.599038 88.050001 46.500000
v 0.449067 88.264183 46.500000
v 0.264181 88.449068 46.500000
v 0.050000 88.599039 46.500000
v -0.186970 88.709540 46.500000
v -0.439528 88.777213 46.500000
v -57.200001 0.800000 46.500000
v -57.200001 87.200001 46.500000
v -0.800000 0.800000 46.500000
v -0.800000 87.200001 46.500000
v 2.500000 0.000000 46.500000
v 2.500000 88.399998 46.500000
v 2.478612 88.726313 46.500000
v 2.414815 89.047046 46.500000
v 2.309699 89.356707 46.500000
v 2.165063 89.649998 46.500000
v 1.983383 89.921902 46.500000
v 1.767767 90.167765 46.500000
v 1.521904 90.383381 46.500000
v 1.250000 90.565061 46.500000
v 0.956709 90.709697 46.500000
v 0.647048 90.814813 46.500000
v 0.326315 90.878610 46.500000
v -0.000000 90.899998 46.500000
v -58.099999 90.899998 46.500000
v -58.426314 90.878610 46.500000
v -58.747046 90.814813 46.500000
v -59.056707 90.709697 46.500000
v -59.349999 90.565061 46.500000
v -59.621902 90.383381 46.500000
v -59.867766 90.167765 46.500000
v -60.083382 89.921902 46.500000
v -60.265062 89.649998 46.500000
v -60.409697 89.356707 46.500000
v -60.514813 89.047046 46.500000
v -60.578611 88.726313 46.500000
v -60.599999 88.399998 46.500000
v -60.599999 0.000000 46.500000
v -60.578611 -0.326315 46.500000
v -60.514813 -0.647048 46.500000
v -60.409697 -0.956709 46.500000
v -60.265062 -1.250000 46.500000
v -60.083382 -1.521904 46.500000
v -59.867766 -1.767767 46.500000
v -59.621902 -1.983383 46.500000
v -59.349999 -2.165063 46.500000
v -59.056707 -2.309699 46.500000
v -58.747046 -2.414815 46.500000
v -58.426314 -2.478612 46.500000
v -58.099999 -2.500000 46.500000
v -0.000000 -2.500000 46.500000
v 0.326315 -2.478612 46.500000
v 0.647048 -2.414815 46.500000
v 0.956709 -2.309699 46.500000
v 1.250000 -2.165063 46.500000
v 1.521904 -1.983383 46.500000
v 1.767767 -1.767767 46.500000
v 1.983383 -1.521904 46.500000
v 2.165063 -1.250000 46.500000
v 2.309699 -0.956709 46.500000
v 2.414815 -0.647048 46.500000
v 2.478612 -0.326315 46.500000
v -1.000000 87.000001 30.500000
v -1.000000 1.000000 30.500000
v -57.000001 1.000000 30.500000
v -57.000001 87.000001 30.500000
v -1.499705 30.199998 30.500000
v -1.499705 38.199998 30.500000
v -8.549999 38.199998 30.500000
v -8.549999 30.199998 30.500000
v -15.149999 60.349998 30.500000
v -15.128102 60.036858 30.500000
v -15.062837 59.729814 30.500000
v -14.955476 59.434841 30.500000
v -14.808107 59.157680 30.500000
v -14.623599 58.903726 30.500000
v -14.405543 58.677922 30.500000
v -14.158183 58.484663 30.500000
v -13.886334 58.327711 30.500000
v -13.595287 58.210121 30.500000
v -13.290707 58.134181 30.500000
v -12.978523 58.101369 30.500000
v -12.664810 58.112324 30.500000
v -12.355674 58.166833 30.500000
v -12.057134 58.263834 30.500000
v -11.774999 58.401441 30.500000
v -11.514760 58.576974 30.500000
v -11.281484 58.787017 30.500000
v -11.079710 59.027481 30.500000
v -10.913367 59.293687 30.500000
v -10.785690 59.580453 30.500000
v -10.699167 59.882197 30.500000
v -10.655480 60.193046 30.500000
v -10.655480 60.506950 30.500000
v -10.699167 60.817799 30.500000
v -10.785690 61.119543 30.500000
v -10.913367 61.406309 30.500000
v -11.079710 61.672515 30.500000
v -11.281484 61.912979 30.500000
v -11.514760 62.123022 30.500000
v -11.774999 62.298555 30.500000
v -12.057134 62.436162 30.500000
v -12.355674 62.533163 30.500000
v -12.664810 62.587672 30.500000
v -12.978523 62.598627 30.500000
v -13.290707 62.565815 30.500000
v -13.595287 62.489875 30.500000
v -13.886334 62.372285 30.500000
v -14.158183 62.215333 30.500000
v -14.405543 62.022074 30.500000
v -14.623599 61.796270 30.500000
v -14.808107 61.542316 30.500000
v -14.955476 61.265155 30.500000
v -15.062837 60.970182 30.500000
v -15.128102 60.663137 30.500000
v -47.449999 28.049998 30.500000
v -47.428102 27.736858 30.500000
v -47.362837 27.429814 30.500000
v -47.255476 27.134841 30.500000
v -47.108107 26.857680 30.500000
v -46.923599 26.603726 30.500000
v -46.705543 26.377922 30.500000
v -46.458183 26.184663 30.500000
v -46.186334 26.027711 30.500000
v -45.895287 25.910121 30.500000
v -45.590707 25.834181 30.500000
v -45.278523 25.801369 30.500000
v -44.964810 25.812324 30.500000
v -44.655674 25.866833 30.500000
v -44.357134 25.963834 30.500000
v -44.074999 26.101441 30.500000
v -43.814760 26.276974 30.500000
v -43.581484 26.487017 30.500000
v -43.379710 26.727481 30.500000
v -43.213367 26.993687 30.500000
v -43.085690 27.280453 30.500000
v -42.999167 27.582197 30.500000
v -42.955480 27.893046 30.500000
v -42.955480 28.206950 30.500000
v -42.999167 28.517799 30.500000
v -43.085690 28.819543 30.500000
v -43.213367 29.106309 30.500000
v -43.379710 29.372515 30.500000
v -43.581484 29.612979 30.500000
v -43.814760 29.823022 30.500000
v -44.074999 29.998555 30.500000
v -44.357134 30.136162 30.500000
v -44.655674 30.233163 30.500000
v -44.964810 30.287672 30.500000
v -45.278523 30.298627 30.500000
v -45.590707 30.265815 30.500000
v -45.895287 30.189875 30.500000
v -46.186334 30.072285 30.500000
v -46.458183 29.915333 30.500000
v -46.705543 29.722074 30.500000
v -46.923599 29.496270 30.500000
v -47.108107 29.242316 30.500000
v -47.255476 28.965155 30.500000
v -47.362837 28.670182 30.500000
v -47.428102 28.363137 30.500000
v -47.449999 60.349998 30.500000
v -47.428102 60.036858 30.500000
v -47.362837 59.729814 30.500000
v -47.255476 59.434841 30.500000
v -47.108107 59.157680 30.500000
v -46.923599 58.903726 30.500000
v -46.705543 58.677922 30.500000
v -46.458183 58.484663 30.500000
v -46.186334 58.327711 30.500000
v -45.895287 58.210121 30.500000
v -45.590707 58.134181 30.500000
v -45.278523 58.101369 30.500000
v -44.964810 58.112324 30.500000
v -44.655674 58.166833 30.500000
v -44.357134 58.263834 30.500000
v -44.074999 58.401441 30.500000
v -43.814760 58.576974 30.500000
v -43.581484 58.787017 30.500000
v -43.379710 59.027481 30.500000
v -43.213367 59.293687 30.500000
v -43.085690 59.580453 30.500000
v -42.999167 59.882197 30.500000
v -42.955480 60.193046 30.500000
v -42.955480 60.506950 30.500000
v -42.999167 60.817799 30.500000
v -43.085690 61.119543 30.500000
v -43.213367 61.406309 30.500000
v -43.379710 61.672515 30.500000
v -43.581484 61.912979 30.500000
v -43.814760 62.123022 30.500000
v -44.074999 62.298555 30.500000
v -44.357134 62.436162 30.500000
v -44.655674 62.533163 30.500000
v -44.964810 62.587672 30.500000
v -45.278523 62.598627 30.500000
v -45.590707 62.565815 30.500000
v -45.895287 62.489875 30.500000
v -46.186334 62.372285 30.500000
v -46.458183 62.215333 30.500000
v -46.705543 62.022074 30.500000
v -46.923599 61.796270 30.500000
v -47.108107 61.542316 30.500000
v -47.255476 61.265155 30.500000
v -47.362837 60.970182 30.500000
v -47.428102 60.663137 30.500000
v -15.149999 28.049998 30.500000
v -15.128102 27.736858 30.500000
v -15.062837 27.429814 30.500000
v -14.955476 27.134841 30.500000
v -14.808107 26.857680 30.500000
v -14.623599 26.603726 30.500000
v -14.405543 26.377922 30.500000
v -14.158183 26.184663 30.500000
v -13.886334 26.027711 30.500000
v -13.595287 25.910121 30.500000
v -13.290707 25.834181 30.500000
v -12.978523 25.801369 30.500000
v -12.664810 25.812324 30.500000
v -12.355674 25.866833 30.500000
v -12.057134 25.963834 30.500000
v -11.774999 26.101441 30.500000
v -11.514760 26.276974 30.500000
v -11.281484 26.487017 30.500000
v -11.079710 26.727481 30.500000
v -10.913367 26.993687 30.500000
v -10.785690 27.280453 30.500000
v -10.699167 27.582197 30.500000
v -10.655480 27.893046 30.500000
v -10.655480 28.206950 30.500000
v -10.699167 28.517799 30.500000
v -10.785690 28.819543 30.500000
v -10.913367 29.106309 30.500000
v -11.079710 29.372515 30.500000
v -11.281484 29.612979 30.500000
v -11.514760 29.823022 30.500000
v -11.774999 29.998555 30.500000
v -12.057134 30.136162 30.500000
v -12.355674 30.233163 30.500000
v -12.664810 30.287672 30.500000
v -12.978523 30.298627 30.500000
v -13.290707 30.265815 30.500000
v -13.595287 30.189875 30.500000
v -13.886334 30.072285 30.500000
v -14.158183 29.915333 30.500000
v -14.405543 29.722074 30.500000
v -14.623599 29.496270 30.500000
v -14.808107 29.242316 30.500000
v -14.955476 28.965155 30.500000
v -15.062837 28.670182 30.500000
v -15.128102 28.363137 30.500000
v -47.549999 44.199998 30.500000
v -47.527362 43.285104 30.500000
v -47.459509 42.372449 30.500000
v -47.346604 41.464267 30.500000
v -47.188925 40.562779 30.500000
v -46.986856 39.670192 30.500000
v -46.740893 38.788690 30.500000
v -46.451638 37.920431 30.500000
v -46.119797 37.067539 30.500000
v -45.746184 36.232101 30.500000
v -45.331713 35.416162 30.500000
v -44.877397 34.621718 30.500000
v -44.384350 33.850714 30.500000
v -43.853776 33.105037 30.500000
v -43.286976 32.386510 30.500000
v -42.685335 31.696894 30.500000
v -42.050326 31.037874 30.500000
v -41.383503 30.411065 30.500000
v -40.686497 29.817999 30.500000
v -39.961016 29.260128 30.500000
v -39.208833 28.738818 30.500000
v -38.431790 28.255344 30.500000
v -37.631788 27.810889 30.500000
v -36.810785 27.406541 30.500000
v -35.970790 27.043290 30.500000
v -35.113859 26.722023 30.500000
v -34.242089 26.443529 30.500000
v -33.357612 26.208487 30.500000
v -32.462594 26.017474 30.500000
v -31.559225 25.870956 30.500000
v -30.649716 25.769292 30.500000
v -29.736292 25.712732 30.500000
v -28.821188 25.701413 30.500000
v -27.906644 25.735363 30.500000
v -26.994898 25.814499 30.500000
v -26.088181 25.938628 30.500000
v -25.188713 26.107445 30.500000
v -24.298693 26.320538 30.500000
v -23.420301 26.577385 30.500000
v -22.555686 26.877357 30.500000
v -21.706963 27.219720 30.500000
v -20.876210 27.603638 30.500000
v -20.065459 28.028169 30.500000
v -19.276696 28.492275 30.500000
v -18.511849 28.994821 30.500000
v -17.772790 29.534577 30.500000
v -17.061329 30.110221 30.500000
v -16.379207 30.720345 30.500000
v -15.728092 31.363457 30.500000
v -15.109577 32.037981 30.500000
v -14.525178 32.742268 30.500000
v -13.976323 33.474594 30.500000
v -13.464355 34.233167 30.500000
v -12.990529 35.016130 30.500000
v -12.556002 35.821568 30.500000
v -12.161840 36.647509 30.500000
v -11.809005 37.491932 30.500000
v -11.498362 38.352772 30.500000
v -11.230671 39.227920 30.500000
v -11.006587 40.115236 30.500000
v -10.826658 41.012548 30.500000
v -10.691324 41.917660 30.500000
v -10.600917 42.828357 30.500000
v -10.555659 43.742411 30.500000
v -10.555659 44.657585 30.500000
v -10.600917 45.571639 30.500000
v -10.691324 46.482336 30.500000
v -10.826658 47.387448 30.500000
v -11.006587 48.284760 30.500000
v -11.230671 49.172076 30.500000
v -11.498362 50.047224 30.500000
v -11.809005 50.908064 30.500000
v -12.161840 51.752487 30.500000
v -12.556002 52.578428 30.500000
v -12.990529 53.383866 30.500000
v -13.464355 54.166829 30.500000
v -13.976323 54.925402 30.500000
v -14.525178 55.657728 30.500000
v -15.109577 56.362015 30.500000
v -15.728092 57.036539 30.500000
v -16.379207 57.679650 30.500000
v -17.061329 58.289775 30.500000
v -17.772790 58.865419 30.500000
v -18.511849 59.405175 30.500000
v -19.276696 59.907720 30.500000
v -20.065459 60.371827 30.500000
v -20.876210 60.796358 30.500000
v -21.706963 61.180276 30.500000
v -22.555686 61.522639 30.500000
v -23.420301 61.822611 30.500000
v -24.298693 62.079458 30.500000
v -25.188713 62.292551 30.500000
v -26.088181 62.461368 30.500000
v -26.994898 62.585497 30.500000
v -27.906644 62.664633 30.500000
v -28.821188 62.698583 30.500000
v -29.736292 62.687264 30.500000
v -30.649716 62.630703 30.500000
v -31.559225 62.529040 30.500000
v -32.462594 62.382522 30.500000
v -33.357612 62.191509 30.500000
v -34.242089 61.956467 30.500000
v -35.113859 61.677973 30.500000
v -35.970790 61.356706 30.500000
v -36.810785 60.993455 30.500000
v -37.631788 60.589107 30.500000
v -38.431790 60.144652 30.500000
v -39.208833 59.661178 30.500000
v -39.961016 59.139868 30.500000
v -40.686497 58.581997 30.500000
v -41.383503 57.988931 30.500000
v -42.050326 57.362122 30.500000
v -42.685335 56.703102 30.500000
v -43.286976 56.013486 30.500000
v -43.853776 55.294959 30.500000
v -44.384350 54.549282 30.500000
v -44.877397 53.778278 30.500000
v -45.331713 52.983834 30.500000
v -45.746184 52.167895 30.500000
v -46.119797 51.332457 30.500000
v -46.451638 50.479565 30.500000
v -46.740893 49.611306 30.500000
v -46.986856 48.729804 30.500000
v -47.188925 47.837217 30.500000
v -47.346604 46.935729 30.500000
v -47.459509 46.027547 30.500000
v -47.527362 45.114892 30.500000
v -8.549999 30.199998 32.500001
v -8.549999 30.199998 40.500001
v -1.499705 30.199998 33.449707
v -8.549999 38.199998 32.500001
v -1.499705 38.199998 33.449707
v -8.549999 38.199998 40.500001
v -59.000000 -1.000000 30.500000
v -59.000000 89.000001 30.500000
v -59.000000 89.000001 33.000000
v -59.000000 -1.000000 33.000000
v 1.000000 89.000001 30.500000
v 1.000000 -1.000000 30.500000
v -60.599999 0.000000 30.500000
v -60.599999 88.399998 30.500000
v -60.578611 88.726313 30.500000
v -60.514813 89.047046 30.500000
v -60.409697 89.356707 30.500000
v -60.265062 89.649998 30.500000
v -60.083382 89.921902 30.500000
v -59.867766 90.167765 30.500000
v -59.621902 90.383381 30.500000
v -59.349999 90.565061 30.500000
v -59.056707 90.709697 30.500000
v -58.747046 90.814813 30.500000
v -58.426314 90.878610 30.500000
v -58.099999 90.899998 30.500000
v -0.000000 90.899998 30.500000
v 0.326315 90.878610 30.500000
v 0.647048 90.814813 30.500000
v 0.956709 90.709697 30.500000
v 1.250000 90.565061 30.500000
v 1.521904 90.383381 30.500000
v 1.767767 90.167765 30.500000
v 1.983383 89.921902 30.500000
v 2.165063 89.649998 30.500000
v 2.309699 89.356707 30.500000
v 2.414815 89.047046 30.500000
v 2.478612 88.726313 30.500000
v 2.500000 88.399998 30.500000
v 2.500000 0.000000 30.500000
v 2.478612 -0.326315 30.500000
v 2.414815 -0.647048 30.500000
v 2.309699 -0.956709 30.500000
v 2.165063 -1.250000 30.500000
v 1.983383 -1.521904 30.500000
v 1.767767 -1.767767 30.500000
v 1.521904 -1.983383 30.500000
v 1.250000 -2.165063 30.500000
v 0.956709 -2.309699 30.500000
v 0.647048 -2.414815 30.500000
v 0.326315 -2.478612 30.500000
v -0.000000 -2.500000 30.500000
v -58.099999 -2.500000 30.500000
v -58.426314 -2.478612 30.500000
v -58.747046 -2.414815 30.500000
v -59.056707 -2.309699 30.500000
v -59.349999 -2.165063 30.500000
v -59.621902 -1.983383 30.500000
v -59.867766 -1.767767 30.500000
v -60.083382 -1.521904 30.500000
v -60.265062 -1.250000 30.500000
v -60.409697 -0.956709 30.500000
v -60.514813 -0.647048 30.500000
v -60.578611 -0.326315 30.500000
v 1.000000 89.000001 33.000000
v 1.000000 -1.000000 33.000000
v -1.000000 1.000000 33.000000
v -1.000000 87.000001 33.000000
v -57.000001 87.000001 33.000000
v -57.000001 1.000000 33.000000
v -49.549999 64.699998 42.500000
v -8.549999 64.699998 42.500000
v -8.549999 23.699998 42.500000
v -49.549999 23.699998 42.500000
v -55.599999 2.500000 42.500000
v -2.500000 2.500000 42.500000
v -2.500000 85.899998 42.500000
v -55.599999 85.899998 42.500000
v -49.549999 64.699998 32.500000
v -8.549999 64.699998 32.500000
v -49.549999 23.699998 32.500000
v -58.426314 90.878610 35.833333
v -58.426314 90.878610 41.166667
v -58.747046 90.814813 35.833333
v -58.747046 90.814813 41.166667
v -59.056707 90.709697 35.833333
v -59.056707 90.709697 41.166667
v -59.349999 90.565061 35.833333
v -59.349999 90.565061 41.166667
v -59.621902 90.383381 35.833333
v -59.621902 90.383381 41.166667
v -59.867766 90.167765 35.833333
v -59.867766 90.167765 41.166667
v -60.083382 89.921902 35.833333
v -60.083382 89.921902 41.166667
v -60.265062 89.649998 35.833333
v -60.265062 89.649998 41.166667
v -60.409697 89.356707 35.833333
v -60.409697 89.356707 41.166667
v -60.514813 89.047046 35.833333
v -60.514813 89.047046 41.166667
v -60.578611 88.726313 35.833333
v -60.578611 88.726313 41.166667
v -60.578611 -0.326315 35.833333
v -60.578611 -0.326315 41.166667
v -60.514813 -0.647048 35.833333
v -60.514813 -0.647048 41.166667
v -60.409697 -0.956709 35.833333
v -60.409697 -0.956709 41.166667
v -60.265062 -1.250000 35.833333
v -60.265062 -1.250000 41.166667
v -60.083382 -1.521904 35.833333
v -60.083382 -1.521904 41.166667
v -59.867766 -1.767767 35.833333
v -59.867766 -1.767767 41.166667
v -59.621902 -1.983383 35.833333
v -59.621902 -1.983383 41.166667
v -59.349999 -2.165063 35.833333
v -59.349999 -2.165063 41.166667
v -59.056707 -2.309699 35.833333
v -59.056707 -2.309699 41.166667
v -58.747046 -2.414815 35.833333
v -58.747046 -2.414815 41.166667
v -58.426314 -2.478612 35.833333
v -58.426314 -2.478612 41.166667
v -8.549999 23.699998 32.500000
v -15.149999 28.049998 32.500000
v -15.128102 28.363137 32.500000
v -15.062837 28.670182 32.500000
v -14.955476 28.965155 32.500000
v -14.808107 29.242316 32.500000
v -14.623599 29.496270 32.500000
v -14.405543 29.722074 32.500000
v -14.158183 29.915333 32.500000
v -13.886334 30.072285 32.500000
v -13.595287 30.189875 32.500000
v -13.290707 30.265815 32.500000
v -12.978523 30.298627 32.500000
v -12.664810 30.287672 32.500000
v -12.355674 30.233163 32.500000
v -12.057134 30.136162 32.500000
v -11.774999 29.998555 32.500000
v -11.514760 29.823022 32.500000
v -11.281484 29.612979 32.500000
v -11.079710 29.372515 32.500000
v -10.913367 29.106309 32.500000
v -10.785690 28.819543 32.500000
v -10.699167 28.517799 32.500000
v -10.655480 28.206950 32.500000
v -10.655480 27.893046 32.500000
v -10.699167 27.582197 32.500000
v -10.785690 27.280453 32.500000
v -10.913367 26.993687 32.500000
v -11.079710 26.727481 32.500000
v -11.281484 26.487017 32.500000
v -11.514760 26.276974 32.500000
v -11.774999 26.101441 32.500000
v -12.057134 25.963834 32.500000
v -12.355674 25.866833 32.500000
v -12.664810 25.812324 32.500000
v -12.978523 25.801369 32.500000
v -13.290707 25.834181 32.500000
v -13.595287 25.910121 32.500000
v -13.886334 26.027711 32.500000
v -14.158183 26.184663 32.500000
v -14.405543 26.377922 32.500000
v -14.623599 26.603726 32.500000
v -14.808107 26.857680 32.500000
v -14.955476 27.134841 32.500000
v -15.062837 27.429814 32.500000
v -15.128102 27.736858 32.500000
v -15.149999 60.349998 32.500000
v -15.128102 60.663137 32.500000
v -15.062837 60.970182 32.500000
v -14.955476 61.265155 32.500000
v -14.808107 61.542316 32.500000
v -14.623599 61.796270 32.500000
v -14.405543 62.022074 32.500000
v -14.158183 62.215333 32.500000
v -13.886334 62.372285 32.500000
v -13.595287 62.489875 32.500000
v -13.290707 62.565815 32.500000
v -12.978523 62.598627 32.500000
v -12.664810 62.587672 32.500000
v -12.355674 62.533163 32.500000
v -12.057134 62.436162 32.500000
v -11.774999 62.298555 32.500000
v -11.514760 62.123022 32.500000
v -11.281484 61.912979 32.500000
v -11.079710 61.672515 32.500000
v -10.913367 61.406309 32.500000
v -10.785690 61.119543 32.500000
v -10.699167 60.817799 32.500000
v -10.655480 60.506950 32.500000
v -10.655480 60.193046 32.500000
v -10.699167 59.882197 32.500000
v -10.785690 59.580453 32.500000
v -10.913367 59.293687 32.500000
v -11.079710 59.027481 32.500000
v -11.281484 58.787017 32.500000
v -11.514760 58.576974 32.500000
v -11.774999 58.401441 32.500000
v -12.057134 58.263834 32.500000
v -12.355674 58.166833 32.500000
v -12.664810 58.112324 32.500000
v -12.978523 58.101369 32.500000
v -13.290707 58.134181 32.500000
v -13.595287 58.210121 32.500000
v -13.886334 58.327711 32.500000
v -14.158183 58.484663 32.500000
v -14.405543 58.677922 32.500000
v -14.623599 58.903726 32.500000
v -14.808107 59.157680 32.500000
v -14.955476 59.434841 32.500000
v -15.062837 59.729814 32.500000
v -15.128102 60.036858 32.500000
v -47.549999 44.199998 32.500000
v -47.527362 45.114892 32.500000
v -47.459509 46.027547 32.500000
v -47.346604 46.935729 32.500000
v -47.188925 47.837217 32.500000
v -46.986856 48.729804 32.500000
v -46.740893 49.611306 32.500000
v -46.451638 50.479565 32.500000
v -46.119797 51.332457 32.500000
v -45.746184 52.167895 32.500000
v -45.331713 52.983834 32.500000
v -44.877397 53.778278 32.500000
v -44.384350 54.549282 32.500000
v -43.853776 55.294959 32.500000
v -43.286976 56.013486 32.500000
v -42.685335 56.703102 32.500000
v -42.050326 57.362122 32.500000
v -41.383503 57.988931 32.500000
v -40.686497 58.581997 32.500000
v -39.961016 59.139868 32.500000
v -39.208833 59.661178 32.500000
v -38.431790 60.144652 32.500000
v -37.631788 60.589107 32.500000
v -36.810785 60.993455 32.500000
v -35.970790 61.356706 32.500000
v -35.113859 61.677973 32.500000
v -34.242089 61.956467 32.500000
v -33.357612 62.191509 32.500000
v -32.462594 62.382522 32.500000
v -31.559225 62.529040 32.500000
v -30.649716 62.630703 32.500000
v -29.736292 62.687264 32.500000
v -28.821188 62.698583 32.500000
v -27.906644 62.664633 32.500000
v -26.994898 62.585497 32.500000
v -26.088181 62.461368 32.500000
v -25.188713 62.292551 32.500000
v -24.298693 62.079458 32.500000
v -23.420301 61.822611 32.500000
v -22.555686 61.522639 32.500000
v -21.706963 61.180276 32.500000
v -20.876210 60.796358 32.500000
v -20.065459 60.371827 32.500000
v -19.276696 59.907720 32.500000
v -18.511849 59.405175 32.500000
v -17.772790 58.865419 32.500000
v -17.061329 58.289775 32.500000
v -16.379207 57.679650 32.500000
v -15.728092 57.036539 32.500000
v -15.109577 56.362015 32.500000
v -14.525178 55.657728 32.500000
v -13.976323 54.925402 32.500000
v -13.464355 54.166829 32.500000
v -12.990529 53.383866 32.500000
v -12.556002 52.578428 32.500000
v -12.161840 51.752487 32.500000
v -11.809005 50.908064 32.500000
v -11.498362 50.047224 32.500000
v -11.230671 49.172076 32.500000
v -11.006587 48.284760 32.500000
v -10.826658 47.387448 32.500000
v -10.691324 46.482336 32.500000
v -10.600917 45.571639 32.500000
v -10.555659 44.657585 32.500000
v -10.555659 43.742411 32.500000
v -10.600917 42.828357 32.500000
v -10.691324 41.917660 32.500000
v -10.826658 41.012548 32.500000
v -11.006587 40.115236 32.500000
v -11.230671 39.227920 32.500000
v -11.498362 38.352772 32.500000
v -11.809005 37.491932 32.500000
v -12.161840 36.647509 32.500000
v -12.556002 35.821568 32.500000
v -12.990529 35.016130 32.500000
v -13.464355 34.233167 32.500000
v -13.976323 33.474594 32.500000
v -14.525178 32.742268 32.500000
v -15.109577 32.037981 32.500000
v -15.728092 31.363457 32.500000
v -16.379207 30.720345 32.500000
v -17.061329 30.110221 32.500000
v -17.772790 29.534577 32.500000
v -18.511849 28.994821 32.500000
v -19.276696 28.492275 32.500000
v -20.065459 28.028169 32.500000
v -20.876210 27.603638 32.500000
v -21.706963 27.219720 32.500000
v -22.555686 26.877357 32.500000
v -23.420301 26.577385 32.500000
v -24.298693 26.320538 32.500000
v -25.188713 26.107445 32.500000
v -26.088181 25.938628 32.500000
v -26.994898 25.814499 32.500000
v -27.906644 25.735363 32.500000
v -28.821188 25.701413 32.500000
v -29.736292 25.712732 32.500000
v -30.649716 25.769292 32.500000
v -31.559225 25.870956 32.500000
v -32.462594 26.017474 32.500000
v -33.357612 26.208487 32.500000
v -34.242089 26.443529 32.500000
v -35.113859 26.722023 32.500000
v -35.970790 27.043290 32.500000
v -36.810785 27.406541 32.500000
v -37.631788 27.810889 32.500000
v -38.431790 28.255344 32.500000
v -39.208833 28.738818 32.500000
v -39.961016 29.260128 32.500000
v -40.686497 29.817999 32.500000
v -41.383503 30.411065 32.500000
v -42.050326 31.037874 32.500000
v -42.685335 31.696894 32.500000
v -43.286976 32.386510 32.500000
v -43.853776 33.105037 32.500000
v -44.384350 33.850714 32.500000
v -44.877397 34.621718 32.500000
v -45.331713 35.416162 32.500000
v -45.746184 36.232101 32.500000
v -46.119797 37.067539 32.500000
v -46.451638 37.920431 32.500000
v -46.740893 38.788690 32.500000
v -46.986856 39.670192 32.500000
v -47.188925 40.562779 32.500000
v -47.346604 41.464267 32.500000
v -47.459509 42.372449 32.500000
v -47.527362 43.285104 32.500000
v -47.449999 28.049998 32.500000
v -47.428102 28.363137 32.500000
v -47.362837 28.670182 32.500000
v -47.255476 28.965155 32.500000
v -47.108107 29.242316 32.500000
v -46.923599 29.496270 32.500000
v -46.705543 29.722074 32.500000
v -46.458183 29.915333 32.500000
v -46.186334 30.072285 32.500000
v -45.895287 30.189875 32.500000
v -45.590707 30.265815 32.500000
v -45.278523 30.298627 32.500000
v -44.964810 30.287672 32.500000
v -44.655674 30.233163 32.500000
v -44.357134 30.136162 32.500000
v -44.074999 29.998555 32.500000
v -43.814760 29.823022 32.500000
v -43.581484 29.612979 32.500000
v -43.379710 29.372515 32.500000
v -43.213367 29.106309 32.500000
v -43.085690 28.819543 32.500000
v -42.999167 28.517799 32.500000
v -42.955480 28.206950 32.500000
v -42.955480 27.893046 32.500000
v -42.999167 27.582197 32.500000
v -43.085690 27.280453 32.500000
v -43.213367 26.993687 32.500000
v -43.379710 26.727481 32.500000
v -43.581484 26.487017 32.500000
v -43.814760 26.276974 32.500000
v -44.074999 26.101441 32.500000
v -44.357134 25.963834 32.500000
v -44.655674 25.866833 32.500000
v -44.964810 25.812324 32.500000
v -45.278523 25.801369 32.500000
v -45.590707 25.834181 32.500000
v -45.895287 25.910121 32.500000
v -46.186334 26.027711 32.500000
v -46.458183 26.184663 32.500000
v -46.705543 26.377922 32.500000
v -46.923599 26.603726 32.500000
v -47.108107 26.857680 32.500000
v -47.255476 27.134841 32.500000
v -47.362837 27.429814 32.500000
v -47.428102 27.736858 32.500000
v -47.449999 60.349998 32.500000
v -47.428102 60.663137 32.500000
v -47.362837 60.970182 32.500000
v -47.255476 61.265155 32.500000
v -47.108107 61.542316 32.500000
v -46.923599 61.796270 32.500000
v -46.705543 62.022074 32.500000
v -46.458183 62.215333 32.500000
v -46.186334 62.372285 32.500000
v -45.895287 62.489875 32.500000
v -45.590707 62.565815 32.500000
v -45.278523 62.598627 32.500000
v -44.964810 62.587672 32.500000
v -44.655674 62.533163 32.500000
v -44.357134 62.436162 32.500000
v -44.074999 62.298555 32.500000
v -43.814760 62.123022 32.500000
v -43.581484 61.912979 32.500000
v -43.379710 61.672515 32.500000
v -43.213367 61.406309 32.500000
v -43.085690 61.119543 32.500000
v -42.999167 60.817799 32.500000
v -42.955480 60.506950 32.500000
v -42.955480 60.193046 32.500000
v -42.999167 59.882197 32.500000
v -43.085690 59.580453 32.500000
v -43.213367 59.293687 32.500000
v -43.379710 59.027481 32.500000
v -43.581484 58.787017 32.500000
v -43.814760 58.576974 32.500000
v -44.074999 58.401441 32.500000
v -44.357134 58.263834 32.500000
v -44.655674 58.166833 32.500000
v -44.964810 58.112324 32.500000
v -45.278523 58.101369 32.500000
v -45.590707 58.134181 32.500000
v -45.895287 58.210121 32.500000
v -46.186334 58.327711 32.500000
v -46.458183 58.484663 32.500000
v -46.705543 58.677922 32.500000
v -46.923599 58.903726 32.500000
v -47.108107 59.157680 32.500000
v -47.255476 59.434841 32.500000
v -47.362837 59.729814 32.500000
v -47.428102 60.036858 32.500000
v -55.599999 85.899998 46.500000
v -55.599999 2.500000 46.500000
v -2.500000 2.500000 46.500000
v 0.326315 -2.478612 35.833333
v 0.326315 -2.478612 41.166667
v 0.647048 -2.414815 35.833333
v 0.647048 -2.414815 41.166667
v 0.956709 -2.309699 35.833333
v 0.956709 -2.309699 41.166667
v 1.250000 -2.165063 35.833333
v 1.250000 -2.165063 41.166667
v 1.521904 -1.983383 35.833333
v 1.521904 -1.983383 41.166667
v 1.767767 -1.767767 35.833333
v 1.767767 -1.767767 41.166667
v 1.983383 -1.521904 35.833333
v 1.983383 -1.521904 41.166667
v 2.165063 -1.250000 35.833333
v 2.165063 -1.250000 41.166667
v 2.309699 -0.956709 35.833333
v 2.309699 -0.956709 41.166667
v 2.414815 -0.647048 35.833333
v 2.414815 -0.647048 41.166667
v 2.478612 -0.326315 35.833333
v 2.478612 -0.326315 41.166667
v -2.500000 85.899998 46.500000
v 2.478612 88.726313 35.833333
v 2.478612 88.726313 41.166667
v 2.414815 89.047046 35.833333
v 2.414815 89.047046 41.166667
v 2.309699 89.356707 35.833333
v 2.309699 89.356707 41.166667
v 2.165063 89.649998 35.833333
v 2.165063 89.649998 41.166667
v 1.983383 89.921902 35.833333
v 1.983383 89.921902 41.166667
v 1.767767 90.167765 35.833333
v 1.767767 90.167765 41.166667
v 1.521904 90.383381 35.833333
v 1.521904 90.383381 41.166667
v 1.250000 90.565061 35.833333
v 1.250000 90.565061 41.166667
v 0.956709 90.709697 35.833333
v 0.956709 90.709697 41.166667
v 0.647048 90.814813 35.833333
v 0.647048 90.814813 41.166667
v 0.326315 90.878610 35.833333
v 0.326315 90.878610 41.166667
vt -0.000000 -0.117810 0.000000
vt 0.230000 -0.117810 0.000000
vt -0.000000 -0.091630 0.000000
vt 0.230000 -0.091630 0.000000
vt -0.000000 -0.065450 0.000000
vt 0.230000 -0.065450 0.000000
vt -0.000000 -0.039270 0.000000
vt 0.230000 -0.039270 0.000000
vt 0.000000 -0.013090 0.000000
vt 0.230000 -0.013090 0.000000
vt 0.000000 0.013090 0.000000
vt 0.230000 0.013090 0.000000
vt -0.000000 0.039270 0.000000
vt 0.230000 0.039270 0.000000
vt 0.000000 0.065450 0.000000
vt 0.230000 0.065450 0.000000
vt -0.000000 0.091630 0.000000
vt 0.230000 0.091630 0.000000
vt -0.000000 0.117810 0.000000
vt 0.230000 0.117810 0.000000
vt -2.977721 -4.356047 0.000000
vt -2.820000 -4.320000 0.000000
vt -2.980000 -4.330000 0.000000
vt -2.820000 4.320000 0.000000
vt -2.980000 4.330000 0.000000
vt -2.977721 4.356047 0.000000
vt -2.970954 4.381303 0.000000
vt -2.959904 4.405000 0.000000
vt -2.944907 4.426418 0.000000
vt -2.926418 4.444907 0.000000
vt -2.905000 4.459904 0.000000
vt -2.881303 4.470954 0.000000
vt -2.856047 4.477721 0.000000
vt -2.830000 4.480000 0.000000
vt 2.820000 4.320000 0.000000
vt 2.830000 4.480000 0.000000
vt 2.856047 4.477721 0.000000
vt 2.881303 4.470954 0.000000
vt 2.905000 4.459904 0.000000
vt 2.926418 4.444907 0.000000
vt 2.944907 4.426418 0.000000
vt 2.959904 4.405000 0.000000
vt 2.970954 4.381303 0.000000
vt 2.977721 4.356047 0.000000
vt 2.980000 4.330000 0.000000
vt 2.980000 -4.330000 0.000000
vt 2.820000 -4.320000 0.000000
vt 2.977721 -4.356047 0.000000
vt 2.970954 -4.381303 0.000000
vt 2.959904 -4.405000 0.000000
vt 2.944907 -4.426418 0.000000
vt 2.926418 -4.444907 0.000000
vt 2.905000 -4.459904 0.000000
vt 2.881303 -4.470954 0.000000
vt 2.856047 -4.477721 0.000000
vt 2.830000 -4.480000 0.000000
vt -2.830000 -4.480000 0.000000
vt -2.856047 -4.477721 0.000000
vt -2.881303 -4.470954 0.000000
vt -2.905000 -4.459904 0.000000
vt -2.926418 -4.444907 0.000000
vt -2.944907 -4.426418 0.000000
vt -2.959904 -4.405000 0.000000
vt -2.970954 -4.381303 0.000000
vt -0.230000 0.170000 0.000000
vt -0.000000 0.170000 0.000000
vt -0.230000 5.830000 0.000000
vt -0.000000 5.830000 0.000000
vt -0.000000 0.117810 0.000000
vt -0.230000 0.117810 0.000000
vt -0.000000 0.091630 0.000000
vt -0.230000 0.091630 0.000000
vt -0.000000 0.065450 0.000000
vt -0.230000 0.065450 0.000000
vt -0.000000 0.039270 0.000000
vt -0.230000 0.039270 0.000000
vt -0.000000 0.013090 0.000000
vt -0.230000 0.013090 0.000000
vt -0.000000 -0.013090 0.000000
vt -0.230000 -0.013090 0.000000
vt -0.000000 -0.039270 0.000000
vt -0.230000 -0.039270 0.000000
vt -0.000000 -0.065450 0.000000
vt -0.230000 -0.065450 0.000000
vt -0.000000 -0.091630 0.000000
vt -0.230000 -0.091630 0.000000
vt -0.000000 -0.117810 0.000000
vt -0.230000 -0.117810 0.000000
vt -0.000000 -0.117810 0.000000
vt 0.230000 -0.117810 0.000000
vt -0.000000 -0.091630 0.000000
vt 0.230000 -0.091630 0.000000
vt -0.000000 -0.065450 0.000000
vt 0.230000 -0.065450 0.000000
vt -0.000000 -0.039270 0.000000
vt 0.230000 -0.039270 0.000000
vt -0.000000 -0.013090 0.000000
vt 0.230000 -0.013090 0.000000
vt -0.000000 0.013090 0.000000
vt 0.230000 0.013090 0.000000
vt -0.000000 0.039270 0.000000
vt 0.230000 0.039270 0.000000
vt -0.000000 0.065450 0.000000
vt 0.230000 0.065450 0.000000
vt -0.000000 0.091630 0.000000
vt 0.230000 0.091630 0.000000
vt -0.000000 0.117810 0.000000
vt 0.230000 0.117810 0.000000
vt -0.000000 -5.830000 0.000000
vt 0.230000 -5.830000 0.000000
vt -0.000000 -0.170000 0.000000
vt 0.230000 -0.170000 0.000000
vt -0.000000 0.117810 0.000000
vt -0.230000 0.117810 0.000000
vt -0.000000 0.091630 0.000000
vt -0.230000 0.091630 0.000000
vt -0.000000 0.065450 0.000000
vt -0.230000 0.065450 0.000000
vt -0.000000 0.039270 0.000000
vt -0.230000 0.039270 0.000000
vt -0.000000 0.013090 0.000000
vt -0.230000 0.013090 0.000000
vt -0.000000 -0.013090 0.000000
vt -0.230000 -0.013090 0.000000
vt -0.000000 -0.039270 0.000000
vt -0.230000 -0.039270 0.000000
vt -0.000000 -0.065450 0.000000
vt -0.230000 -0.065450 0.000000
vt -0.000000 -0.091630 0.000000
vt -0.230000 -0.091630 0.000000
vt -0.000000 -0.117810 0.000000
vt -0.230000 -0.117810 0.000000
vt -0.230000 0.170000 0.000000
vt -0.000000 0.170000 0.000000
vt -0.230000 8.830000 0.000000
vt -0.000000 8.830000 0.000000
vt -0.230000 -0.020000 0.000000
vt -0.000000 -0.020000 0.000000
vt -0.230000 8.620000 0.000000
vt -0.000000 8.620000 0.000000
vt 0.230000 0.020000 0.000000
vt -0.000000 0.020000 0.000000
vt 0.230000 -5.620000 0.000000
vt 0.000000 -5.620000 0.000000
vt -0.000000 -8.830000 0.000000
vt 0.230000 -8.830000 0.000000
vt -0.000000 -0.170000 0.000000
vt 0.230000 -0.170000 0.000000
vt -0.230000 -0.020000 0.000000
vt -0.000000 -0.020000 0.000000
vt -0.230000 5.620000 0.000000
vt -0.000000 5.620000 0.000000
vt 0.230000 0.020000 0.000000
vt -0.000000 0.020000 0.000000
vt 0.230000 -8.620000 0.000000
vt -0.000000 -8.620000 0.000000
vt 3.155000 4.420000 0.000000
vt 2.985000 4.310000 0.000000
vt 3.155000 -4.420000 0.000000
vt 2.985000 -4.350000 0.000000
vt 2.982721 -4.376047 0.000000
vt 3.152861 4.452631 0.000000
vt 2.975954 4.361303 0.000000
vt 2.982721 4.336047 0.000000
vt 3.146481 4.484705 0.000000
vt 3.135970 4.515671 0.000000
vt 3.121506 4.545000 0.000000
vt 2.964904 4.385000 0.000000
vt 3.103338 4.572190 0.000000
vt 2.949907 4.406418 0.000000
vt 2.931418 4.424907 0.000000
vt 2.910000 4.439904 0.000000
vt 3.081777 4.596777 0.000000
vt 3.057190 4.618338 0.000000
vt 3.030000 4.636506 0.000000
vt 3.000671 4.650970 0.000000
vt 2.969705 4.661481 0.000000
vt 2.937631 4.667861 0.000000
vt 2.886303 4.450954 0.000000
vt 2.905000 4.670000 0.000000
vt 2.861047 4.457721 0.000000
vt 2.835000 4.460000 0.000000
vt -2.825000 4.460000 0.000000
vt -2.905000 4.670000 0.000000
vt -2.851047 4.457721 0.000000
vt -2.876303 4.450954 0.000000
vt -2.900000 4.439904 0.000000
vt -2.937631 4.667861 0.000000
vt -2.969705 4.661481 0.000000
vt -2.921418 4.424907 0.000000
vt -3.000671 4.650970 0.000000
vt -2.939907 4.406418 0.000000
vt -3.030000 4.636506 0.000000
vt -3.057190 4.618338 0.000000
vt -2.954904 4.385000 0.000000
vt -3.081777 4.596777 0.000000
vt -3.103338 4.572190 0.000000
vt -2.965954 4.361303 0.000000
vt -3.121506 4.545000 0.000000
vt -3.135970 4.515671 0.000000
vt -3.146481 4.484705 0.000000
vt -3.152861 4.452631 0.000000
vt -3.155000 4.420000 0.000000
vt -3.155000 -4.420000 0.000000
vt -2.975000 4.310000 0.000000
vt -2.972721 4.336047 0.000000
vt -3.152861 -4.452631 0.000000
vt -2.972721 -4.376047 0.000000
vt -2.975000 -4.350000 0.000000
vt -3.146481 -4.484705 0.000000
vt -3.135970 -4.515671 0.000000
vt -2.965954 -4.401303 0.000000
vt -2.954904 -4.425000 0.000000
vt -2.939907 -4.446418 0.000000
vt -2.921418 -4.464907 0.000000
vt -2.900000 -4.479904 0.000000
vt -2.876303 -4.490954 0.000000
vt -2.851047 -4.497721 0.000000
vt -2.825000 -4.500000 0.000000
vt -3.121506 -4.545000 0.000000
vt -3.103338 -4.572190 0.000000
vt -3.081777 -4.596777 0.000000
vt -3.057190 -4.618338 0.000000
vt -3.030000 -4.636506 0.000000
vt -3.000671 -4.650970 0.000000
vt -2.969705 -4.661481 0.000000
vt -2.937631 -4.667861 0.000000
vt -2.905000 -4.670000 0.000000
vt 2.905000 -4.670000 0.000000
vt 2.835000 -4.500000 0.000000
vt 2.861047 -4.497721 0.000000
vt 2.886303 -4.490954 0.000000
vt 2.910000 -4.479904 0.000000
vt 2.937631 -4.667861 0.000000
vt 2.969705 -4.661481 0.000000
vt 2.931418 -4.464907 0.000000
vt 3.000671 -4.650970 0.000000
vt 2.949907 -4.446418 0.000000
vt 3.030000 -4.636506 0.000000
vt 3.057190 -4.618338 0.000000
vt 2.964904 -4.425000 0.000000
vt 3.081777 -4.596777 0.000000
vt 3.103338 -4.572190 0.000000
vt 2.975954 -4.401303 0.000000
vt 3.121506 -4.545000 0.000000
vt 3.135970 -4.515671 0.000000
vt 3.146481 -4.484705 0.000000
vt 3.152861 -4.452631 0.000000
vt 2.805000 4.320000 0.000000
vt 2.755029 0.600000 0.000000
vt 2.805000 -4.280000 0.000000
vt 1.839452 -1.630695 0.000000
vt 1.835083 -1.661780 0.000000
vt -2.795000 4.320000 0.000000
vt 0.022881 1.849859 0.000000
vt 0.114336 1.846464 0.000000
vt 0.205510 1.838550 0.000000
vt -2.795000 -4.280000 0.000000
vt -1.850000 0.000000 0.000000
vt -1.847736 0.091489 0.000000
vt -1.840951 0.182755 0.000000
vt 0.022881 -1.849858 0.000000
vt -0.068629 -1.848726 0.000000
vt -0.159972 -1.843070 0.000000
vt 2.755029 1.400000 0.000000
vt 1.797029 1.747252 0.000000
vt 1.813663 1.720631 0.000000
vt 2.050000 0.600000 0.000000
vt 1.849434 -0.045759 0.000000
vt 1.844908 -0.137164 0.000000
vt 1.835868 -0.228234 0.000000
vt 2.050000 1.400000 0.000000
vt 1.688816 0.755249 0.000000
vt 1.724099 0.670807 0.000000
vt 1.755164 0.584723 0.000000
vt 1.826431 1.691955 0.000000
vt 1.835083 1.661780 0.000000
vt 1.392190 -1.583686 0.000000
vt 1.198867 -1.408978 0.000000
vt 1.390000 -1.615000 0.000000
vt 1.127721 -1.466542 0.000000
vt 1.392190 -1.646314 0.000000
vt 1.398716 -1.677018 0.000000
vt 1.053815 -1.520518 0.000000
vt 1.409452 -1.706516 0.000000
vt 0.977330 -1.570772 0.000000
vt 1.424189 -1.734232 0.000000
vt 0.898454 -1.617183 0.000000
vt 1.442640 -1.759627 0.000000
vt 0.817379 -1.659636 0.000000
vt 1.464446 -1.782207 0.000000
vt 0.734304 -1.698028 0.000000
vt 1.489182 -1.801533 0.000000
vt 0.649431 -1.732264 0.000000
vt 1.516367 -1.817229 0.000000
vt 0.562970 -1.762261 0.000000
vt 0.475131 -1.787946 0.000000
vt 0.386129 -1.809255 0.000000
vt 1.267079 -1.347965 0.000000
vt 1.398716 -1.552981 0.000000
vt 1.409452 -1.523484 0.000000
vt 1.332191 -1.283654 0.000000
vt 1.424189 -1.495768 0.000000
vt 1.442640 -1.470373 0.000000
vt 1.464446 -1.447792 0.000000
vt 1.394042 -1.216202 0.000000
vt 1.489182 -1.428466 0.000000
vt 1.516367 -1.412771 0.000000
vt 1.452482 -1.145773 0.000000
vt 1.545471 -1.401012 0.000000
vt 1.575929 -1.393418 0.000000
vt 1.507368 -1.072540 0.000000
vt 1.607148 -1.390137 0.000000
vt 1.558564 -0.996683 0.000000
vt 1.638519 -1.391232 0.000000
vt 1.669432 -1.396683 0.000000
vt 1.605947 -0.918387 0.000000
vt 1.699287 -1.406384 0.000000
vt 1.727500 -1.420144 0.000000
vt 1.649400 -0.837843 0.000000
vt 1.753524 -1.437697 0.000000
vt 1.688816 -0.755249 0.000000
vt 1.776852 -1.458702 0.000000
vt 1.797029 -1.482748 0.000000
vt 1.724099 -0.670806 0.000000
vt 1.813663 -1.509369 0.000000
vt 1.755164 -0.584723 0.000000
vt 1.781933 -0.497208 0.000000
vt 1.826431 -1.538045 0.000000
vt 1.804341 -0.408476 0.000000
vt 1.822334 -0.318745 0.000000
vt 1.835083 -1.568220 0.000000
vt 1.839452 -1.599305 0.000000
vt 1.826431 -1.691954 0.000000
vt 1.813663 -1.720631 0.000000
vt 1.797029 -1.747252 0.000000
vt 1.776852 -1.771298 0.000000
vt 1.753524 -1.792302 0.000000
vt 1.727500 -1.809856 0.000000
vt 1.699287 -1.823616 0.000000
vt 1.669432 -1.833316 0.000000
vt 1.638519 -1.838767 0.000000
vt 1.607148 -1.839863 0.000000
vt 1.575929 -1.836582 0.000000
vt 1.545471 -1.828988 0.000000
vt -1.837810 1.583686 0.000000
vt -1.840000 1.615000 0.000000
vt -1.837810 1.646314 0.000000
vt -1.831284 1.677019 0.000000
vt -1.820548 1.706516 0.000000
vt -1.805811 1.734232 0.000000
vt -1.787360 1.759627 0.000000
vt -1.765554 1.782208 0.000000
vt -1.740818 1.801534 0.000000
vt -1.713633 1.817229 0.000000
vt -1.684529 1.828988 0.000000
vt -1.654071 1.836582 0.000000
vt -1.622852 1.839863 0.000000
vt -1.591481 1.838768 0.000000
vt -1.560568 1.833317 0.000000
vt -1.530713 1.823616 0.000000
vt -0.606386 1.747798 0.000000
vt -1.502500 1.809856 0.000000
vt -0.692079 1.715671 0.000000
vt -1.476476 1.792303 0.000000
vt -0.776079 1.679346 0.000000
vt -1.453148 1.771298 0.000000
vt -0.858179 1.638911 0.000000
vt -1.432971 1.747252 0.000000
vt -0.938179 1.594465 0.000000
vt -1.416337 1.720631 0.000000
vt -1.015883 1.546118 0.000000
vt -1.403569 1.691955 0.000000
vt -1.091102 1.493987 0.000000
vt -1.394917 1.661780 0.000000
vt -1.163650 1.438200 0.000000
vt -1.390548 1.630695 0.000000
vt -1.390548 1.599305 0.000000
vt -1.233350 1.378893 0.000000
vt -1.394917 1.568220 0.000000
vt -1.403569 1.538046 0.000000
vt -1.300033 1.316212 0.000000
vt -1.416337 1.509369 0.000000
vt -1.432971 1.482748 0.000000
vt -1.363534 1.250311 0.000000
vt -1.453148 1.458702 0.000000
vt -1.476476 1.437698 0.000000
vt -1.423698 1.181349 0.000000
vt -1.502500 1.420144 0.000000
vt -1.530713 1.406384 0.000000
vt -1.480378 1.109496 0.000000
vt -1.560568 1.396684 0.000000
vt -1.591481 1.391233 0.000000
vt -1.533435 1.034928 0.000000
vt -1.622852 1.390137 0.000000
vt -1.654071 1.393418 0.000000
vt -1.582740 0.957828 0.000000
vt -1.684529 1.401012 0.000000
vt -1.713633 1.412771 0.000000
vt -1.628171 0.878384 0.000000
vt -1.740818 1.428467 0.000000
vt -1.669618 0.796790 0.000000
vt -1.765554 1.447793 0.000000
vt -1.706980 0.713246 0.000000
vt -1.787360 1.470373 0.000000
vt -1.805811 1.495768 0.000000
vt -1.740164 0.627957 0.000000
vt -1.820548 1.523484 0.000000
vt -1.769089 0.541131 0.000000
vt -1.793686 0.452981 0.000000
vt -1.831284 1.552982 0.000000
vt -1.813893 0.363722 0.000000
vt -1.829660 0.273573 0.000000
vt -1.837810 -1.646314 0.000000
vt -1.840000 -1.615000 0.000000
vt -1.837810 -1.583686 0.000000
vt -1.840951 -0.182755 0.000000
vt -1.829660 -0.273573 0.000000
vt -1.813893 -0.363722 0.000000
vt -1.831284 -1.552981 0.000000
vt -1.793686 -0.452981 0.000000
vt -1.820548 -1.523484 0.000000
vt -1.769089 -0.541131 0.000000
vt -1.740164 -0.627957 0.000000
vt -1.805811 -1.495768 0.000000
vt -1.706980 -0.713246 0.000000
vt -1.787360 -1.470373 0.000000
vt -1.765554 -1.447792 0.000000
vt -1.669618 -0.796790 0.000000
vt -1.740818 -1.428466 0.000000
vt -1.628171 -0.878384 0.000000
vt -1.713633 -1.412771 0.000000
vt -1.582740 -0.957828 0.000000
vt -1.684529 -1.401012 0.000000
vt -1.654071 -1.393418 0.000000
vt -1.533435 -1.034928 0.000000
vt -1.622852 -1.390137 0.000000
vt -1.591481 -1.391232 0.000000
vt -1.480378 -1.109496 0.000000
vt -1.560568 -1.396683 0.000000
vt -1.530713 -1.406384 0.000000
vt -1.423698 -1.181349 0.000000
vt -1.502500 -1.420144 0.000000
vt -1.476476 -1.437697 0.000000
vt -1.363534 -1.250310 0.000000
vt -1.453148 -1.458702 0.000000
vt -1.432971 -1.482748 0.000000
vt -1.300033 -1.316212 0.000000
vt -1.416337 -1.509369 0.000000
vt -1.403569 -1.538045 0.000000
vt -1.233350 -1.378893 0.000000
vt -1.394917 -1.568220 0.000000
vt -1.390548 -1.599305 0.000000
vt -1.163650 -1.438200 0.000000
vt -1.390548 -1.630695 0.000000
vt -1.394917 -1.661780 0.000000
vt -1.091102 -1.493987 0.000000
vt -1.403569 -1.691954 0.000000
vt -1.015883 -1.546118 0.000000
vt -1.416337 -1.720631 0.000000
vt -0.938179 -1.594465 0.000000
vt -1.432971 -1.747252 0.000000
vt -0.858179 -1.638911 0.000000
vt -1.453148 -1.771298 0.000000
vt -0.776079 -1.679346 0.000000
vt -1.476476 -1.792302 0.000000
vt -0.692079 -1.715671 0.000000
vt -1.502500 -1.809856 0.000000
vt -0.606386 -1.747797 0.000000
vt -1.530713 -1.823616 0.000000
vt -1.560568 -1.833316 0.000000
vt -1.591481 -1.838767 0.000000
vt -1.622852 -1.839863 0.000000
vt -1.654071 -1.836582 0.000000
vt -1.684529 -1.828988 0.000000
vt -1.713633 -1.817229 0.000000
vt -1.740818 -1.801533 0.000000
vt -1.765554 -1.782207 0.000000
vt -1.787360 -1.759627 0.000000
vt -1.805811 -1.734232 0.000000
vt -1.820548 -1.706516 0.000000
vt -1.831284 -1.677018 0.000000
vt 1.392190 1.646314 0.000000
vt 1.127721 1.466542 0.000000
vt 1.390000 1.615000 0.000000
vt 1.198867 1.408978 0.000000
vt 1.392190 1.583686 0.000000
vt 1.267079 1.347965 0.000000
vt 1.398716 1.552982 0.000000
vt 1.409452 1.523484 0.000000
vt 1.332191 1.283654 0.000000
vt 1.424189 1.495768 0.000000
vt 1.442640 1.470373 0.000000
vt 1.464446 1.447793 0.000000
vt 1.394042 1.216202 0.000000
vt 1.489182 1.428467 0.000000
vt 1.516367 1.412771 0.000000
vt 1.452482 1.145773 0.000000
vt 1.545471 1.401012 0.000000
vt 1.575929 1.393418 0.000000
vt 1.507368 1.072540 0.000000
vt 1.607148 1.390137 0.000000
vt 1.558564 0.996683 0.000000
vt 1.638519 1.391233 0.000000
vt 1.669432 1.396684 0.000000
vt 1.605947 0.918387 0.000000
vt 1.699287 1.406384 0.000000
vt 1.727500 1.420144 0.000000
vt 1.649400 0.837843 0.000000
vt 1.753524 1.437698 0.000000
vt 1.776852 1.458702 0.000000
vt 1.797029 1.482748 0.000000
vt 1.813663 1.509369 0.000000
vt 1.826431 1.538046 0.000000
vt 1.835083 1.568220 0.000000
vt 1.839452 1.599305 0.000000
vt 1.839452 1.630695 0.000000
vt 1.398716 1.677019 0.000000
vt 1.053815 1.520518 0.000000
vt 1.409452 1.706516 0.000000
vt 0.977330 1.570772 0.000000
vt 1.424189 1.734232 0.000000
vt 0.898454 1.617183 0.000000
vt 1.442640 1.759627 0.000000
vt 0.817379 1.659636 0.000000
vt 1.464446 1.782208 0.000000
vt 0.734304 1.698028 0.000000
vt 1.489182 1.801534 0.000000
vt 0.649431 1.732264 0.000000
vt 1.516367 1.817229 0.000000
vt 0.562970 1.762261 0.000000
vt 0.475131 1.787946 0.000000
vt 0.386129 1.809255 0.000000
vt 0.296182 1.826137 0.000000
vt 1.545471 1.828988 0.000000
vt 1.575929 1.836582 0.000000
vt 1.607148 1.839863 0.000000
vt 1.638519 1.838768 0.000000
vt 1.669432 1.833317 0.000000
vt 1.699287 1.823616 0.000000
vt 1.727500 1.809856 0.000000
vt 1.753524 1.792303 0.000000
vt 1.776852 1.771298 0.000000
vt -0.519209 1.775647 0.000000
vt -0.430761 1.799151 0.000000
vt -0.341260 1.818253 0.000000
vt -0.250923 1.832904 0.000000
vt -0.159972 1.843071 0.000000
vt -0.068629 1.848727 0.000000
vt 1.781933 0.497208 0.000000
vt 1.804341 0.408476 0.000000
vt 1.822334 0.318745 0.000000
vt 1.835868 0.228234 0.000000
vt 1.844908 0.137164 0.000000
vt 1.849434 0.045759 0.000000
vt 0.296182 -1.826137 0.000000
vt 0.205510 -1.838550 0.000000
vt 0.114336 -1.846463 0.000000
vt -0.250923 -1.832904 0.000000
vt -0.341260 -1.818252 0.000000
vt -0.430761 -1.799151 0.000000
vt -0.519209 -1.775647 0.000000
vt -1.847736 -0.091489 0.000000
vt -1.000000 -0.000000 0.000000
vt -0.800000 0.000000 0.000000
vt -1.000000 0.705029 0.000000
vt -0.705029 0.705029 0.000000
vt -0.000000 0.000000 0.000000
vt -0.000000 1.000000 0.000000
vt -0.800000 1.000000 0.000000
vt -0.000000 0.800000 0.000000
vt -0.800000 0.800000 0.000000
vt 0.200000 0.000000 0.000000
vt 0.200000 0.705029 0.000000
vt -0.000000 0.000000 0.000000
vt -0.094971 0.705029 0.000000
vt -0.800000 0.000000 0.000000
vt 2.970000 0.005029 0.000000
vt 3.770000 0.005029 0.000000
vt 2.970000 0.300000 0.000000
vt 3.770000 0.300000 0.000000
vt -1.860000 0.110000 0.000000
vt -2.110000 0.110000 0.000000
vt -1.860000 -8.890000 0.000000
vt -2.110000 -8.890000 0.000000
vt -2.995000 -4.480000 0.000000
vt 2.905000 -4.670000 0.000000
vt 3.005000 -4.480000 0.000000
vt 2.937631 -4.667861 0.000000
vt 2.969705 -4.661481 0.000000
vt -2.995000 4.520000 0.000000
vt -3.155000 4.420000 0.000000
vt -3.155000 -4.420000 0.000000
vt -3.152861 -4.452631 0.000000
vt 3.005000 4.520000 0.000000
vt 2.905000 4.670000 0.000000
vt -2.905000 4.670000 0.000000
vt -2.937631 4.667861 0.000000
vt 3.155000 4.420000 0.000000
vt 3.152861 4.452631 0.000000
vt 3.146481 4.484705 0.000000
vt -3.146481 -4.484705 0.000000
vt -3.135970 -4.515671 0.000000
vt -3.121506 -4.545000 0.000000
vt -3.103338 -4.572190 0.000000
vt -3.081777 -4.596777 0.000000
vt -3.057190 -4.618338 0.000000
vt -3.030000 -4.636506 0.000000
vt -3.000671 -4.650970 0.000000
vt -2.969705 -4.661481 0.000000
vt -2.937631 -4.667861 0.000000
vt -2.905000 -4.670000 0.000000
vt 3.000671 -4.650970 0.000000
vt 3.030000 -4.636506 0.000000
vt 3.057190 -4.618338 0.000000
vt 3.081777 -4.596777 0.000000
vt 3.103338 -4.572190 0.000000
vt 3.121506 -4.545000 0.000000
vt 3.135970 -4.515671 0.000000
vt 3.146481 -4.484705 0.000000
vt 3.152861 -4.452631 0.000000
vt 3.155000 -4.420000 0.000000
vt 3.135970 4.515671 0.000000
vt 3.121506 4.545000 0.000000
vt 3.103338 4.572190 0.000000
vt 3.081777 4.596777 0.000000
vt 3.057190 4.618338 0.000000
vt 3.030000 4.636506 0.000000
vt 3.000671 4.650970 0.000000
vt 2.969705 4.661481 0.000000
vt 2.937631 4.667861 0.000000
vt -2.969705 4.661481 0.000000
vt -3.000671 4.650970 0.000000
vt -3.030000 4.636506 0.000000
vt -3.057190 4.618338 0.000000
vt -3.081777 4.596777 0.000000
vt -3.103338 4.572190 0.000000
vt -3.121506 4.545000 0.000000
vt -3.135970 4.515671 0.000000
vt -3.146481 4.484705 0.000000
vt -3.152861 4.452631 0.000000
vt -2.110000 -5.890000 0.000000
vt -1.860000 -5.890000 0.000000
vt -2.110000 0.110000 0.000000
vt -1.860000 0.110000 0.000000
vt 1.860000 -0.110000 0.000000
vt 2.110000 -0.110000 0.000000
vt 1.860000 8.890000 0.000000
vt 2.110000 8.890000 0.000000
vt 1.860000 -0.110000 0.000000
vt 2.110000 -0.110000 0.000000
vt 1.860000 5.890000 0.000000
vt 2.110000 5.890000 0.000000
vt -2.110000 -8.610000 0.000000
vt -1.860000 -8.610000 0.000000
vt -2.110000 -0.010000 0.000000
vt -1.860000 -0.010000 0.000000
vt 2.110000 5.610000 0.000000
vt 1.860000 5.610000 0.000000
vt 2.110000 0.010000 0.000000
vt 1.860000 0.010000 0.000000
vt -1.860000 -0.010000 0.000000
vt -2.110000 -0.010000 0.000000
vt -1.860000 -5.610000 0.000000
vt -2.110000 -5.610000 0.000000
vt 1.860000 0.010000 0.000000
vt 2.110000 0.010000 0.000000
vt 1.860000 8.610000 0.000000
vt 2.110000 8.610000 0.000000
vt 2.800000 4.300000 0.000000
vt 3.000000 4.500000 0.000000
vt -2.800000 4.300000 0.000000
vt -3.000000 4.500000 0.000000
vt -3.000000 -4.500000 0.000000
vt 3.000000 -4.500000 0.000000
vt 2.800000 -4.300000 0.000000
vt -2.800000 -4.300000 0.000000
vt 2.050000 2.050000 0.000000
vt 2.655000 4.170000 0.000000
vt -2.050000 2.050000 0.000000
vt -2.655000 4.170000 0.000000
vt -2.655000 -4.170000 0.000000
vt 2.655000 -4.170000 0.000000
vt 2.050000 -2.050000 0.000000
vt -2.050000 -2.050000 0.000000
vt -1.200000 -0.050000 0.000000
vt -0.200000 -0.050000 0.000000
vt -1.200000 4.050000 0.000000
vt -0.200000 4.050000 0.000000
vt -1.200000 -0.050000 0.000000
vt -0.200000 -0.050000 0.000000
vt -1.200000 4.050000 0.000000
vt -0.200000 4.050000 0.000000
vt 0.250000 0.000000 0.000000
vt 6.060000 0.000000 0.000000
vt 0.250000 1.600000 0.000000
vt 6.060000 1.600000 0.000000
vt 0.250000 0.000000 0.000000
vt 6.060000 0.000000 0.000000
vt 0.250000 1.600000 0.000000
vt 6.060000 1.600000 0.000000
vt -0.000000 -0.163625 0.000000
vt -0.533333 -0.163625 0.000000
vt -0.000000 -0.196350 0.000000
vt -1.066667 -0.163625 0.000000
vt -1.600000 -0.196350 0.000000
vt -1.600000 -0.163625 0.000000
vt -1.600000 -0.130900 0.000000
vt -1.066667 -0.130900 0.000000
vt -1.600000 -0.098175 0.000000
vt -1.066667 -0.098175 0.000000
vt -1.600000 -0.065450 0.000000
vt -1.066667 -0.065450 0.000000
vt -1.600000 -0.032725 0.000000
vt -1.066667 -0.032725 0.000000
vt -1.600000 0.000000 0.000000
vt -1.066667 0.000000 0.000000
vt -1.600000 0.032725 0.000000
vt -1.066667 0.032725 0.000000
vt -1.600000 0.065450 0.000000
vt -1.066667 0.065450 0.000000
vt -1.600000 0.098175 0.000000
vt -1.066667 0.098175 0.000000
vt -1.600000 0.130900 0.000000
vt -1.066667 0.130900 0.000000
vt -1.600000 0.163625 0.000000
vt -1.066667 0.163625 0.000000
vt -1.600000 0.196350 0.000000
vt -0.533333 0.163625 0.000000
vt -0.000000 0.196350 0.000000
vt -0.000000 0.163625 0.000000
vt -0.000000 0.130900 0.000000
vt -0.533333 0.130900 0.000000
vt -0.000000 0.098175 0.000000
vt -0.533333 0.098175 0.000000
vt -0.000000 0.065450 0.000000
vt -0.533333 0.065450 0.000000
vt -0.000000 0.032725 0.000000
vt -0.533333 0.032725 0.000000
vt -0.000000 0.000000 0.000000
vt -0.533333 0.000000 0.000000
vt -0.000000 -0.032725 0.000000
vt -0.533333 -0.032725 0.000000
vt -0.000000 -0.065450 0.000000
vt -0.533333 -0.065450 0.000000
vt -0.000000 -0.098175 0.000000
vt -0.533333 -0.098175 0.000000
vt -0.000000 -0.130900 0.000000
vt -0.533333 -0.130900 0.000000
vt 0.250000 0.000000 0.000000
vt 9.090000 0.000000 0.000000
vt 0.250000 1.600000 0.000000
vt 9.090000 1.600000 0.000000
vt -0.000000 0.163625 0.000000
vt 0.533333 0.163625 0.000000
vt -0.000000 0.196350 0.000000
vt 1.066667 0.163625 0.000000
vt 1.600000 0.196350 0.000000
vt 1.600000 0.163625 0.000000
vt 1.600000 0.130900 0.000000
vt 1.066667 0.130900 0.000000
vt 1.600000 0.098175 0.000000
vt 1.066667 0.098175 0.000000
vt 1.600000 0.065450 0.000000
vt 1.066667 0.065450 0.000000
vt 1.600000 0.032725 0.000000
vt 1.066667 0.032725 0.000000
vt 1.600000 -0.000000 0.000000
vt 1.066667 -0.000000 0.000000
vt 1.600000 -0.032725 0.000000
vt 1.066667 -0.032725 0.000000
vt 1.600000 -0.065450 0.000000
vt 1.066667 -0.065450 0.000000
vt 1.600000 -0.098175 0.000000
vt 1.066667 -0.098175 0.000000
vt 1.600000 -0.130900 0.000000
vt 1.066667 -0.130900 0.000000
vt 1.600000 -0.163625 0.000000
vt 1.066667 -0.163625 0.000000
vt 1.600000 -0.196350 0.000000
vt 0.533333 -0.163625 0.000000
vt -0.000000 -0.196350 0.000000
vt -0.000000 -0.163625 0.000000
vt -0.000000 -0.130900 0.000000
vt 0.533333 -0.130900 0.000000
vt -0.000000 -0.098175 0.000000
vt 0.533333 -0.098175 0.000000
vt -0.000000 -0.065450 0.000000
vt 0.533333 -0.065450 0.000000
vt -0.000000 -0.032725 0.000000
vt 0.533333 -0.032725 0.000000
vt -0.000000 -0.000000 0.000000
vt 0.533333 -0.000000 0.000000
vt -0.000000 0.032725 0.000000
vt 0.533333 0.032725 0.000000
vt -0.000000 0.065450 0.000000
vt 0.533333 0.065450 0.000000
vt -0.000000 0.098175 0.000000
vt 0.533333 0.098175 0.000000
vt -0.000000 0.130900 0.000000
vt 0.533333 0.130900 0.000000
vt 2.050000 -0.600000 0.000000
vt 1.649400 -0.837843 0.000000
vt 2.050000 -1.400000 0.000000
vt 1.605947 -0.918387 0.000000
vt 1.727500 -1.420144 0.000000
vt 1.699286 -1.406384 0.000000
vt 1.558564 -0.996683 0.000000
vt 1.669432 -1.396683 0.000000
vt 1.507368 -1.072540 0.000000
vt 1.638519 -1.391233 0.000000
vt 1.607148 -1.390137 0.000000
vt 1.452482 -1.145773 0.000000
vt 1.575929 -1.393418 0.000000
vt 1.545471 -1.401012 0.000000
vt 1.394042 -1.216202 0.000000
vt 1.516366 -1.412771 0.000000
vt 1.489182 -1.428467 0.000000
vt 1.332191 -1.283654 0.000000
vt 1.464446 -1.447792 0.000000
vt 1.442640 -1.470373 0.000000
vt 1.267079 -1.347965 0.000000
vt 1.424189 -1.495768 0.000000
vt 1.409452 -1.523484 0.000000
vt 1.198867 -1.408978 0.000000
vt 1.398716 -1.552982 0.000000
vt 1.392190 -1.583686 0.000000
vt 1.127721 -1.466542 0.000000
vt 1.390000 -1.615000 0.000000
vt 1.053815 -1.520518 0.000000
vt 1.392190 -1.646314 0.000000
vt 1.398716 -1.677018 0.000000
vt 0.977330 -1.570772 0.000000
vt 1.409452 -1.706516 0.000000
vt 1.424189 -1.734232 0.000000
vt 0.898454 -1.617183 0.000000
vt 1.442640 -1.759627 0.000000
vt 0.817379 -1.659636 0.000000
vt 1.464446 -1.782208 0.000000
vt 0.734304 -1.698028 0.000000
vt 1.489182 -1.801533 0.000000
vt 0.649431 -1.732264 0.000000
vt 1.516366 -1.817229 0.000000
vt 0.562970 -1.762261 0.000000
vt 1.545471 -1.828988 0.000000
vt 0.475131 -1.787946 0.000000
vt 0.386129 -1.809255 0.000000
vt 2.050000 2.050000 0.000000
vt 1.835867 0.228234 0.000000
vt 1.844908 0.137164 0.000000
vt 1.849434 0.045759 0.000000
vt -2.050000 2.050000 0.000000
vt 0.022881 1.849858 0.000000
vt 0.114335 1.846463 0.000000
vt 0.205510 1.838550 0.000000
vt -2.050000 -2.050000 0.000000
vt -1.850000 0.000000 0.000000
vt -1.847736 0.091489 0.000000
vt -1.840951 0.182755 0.000000
vt 2.050000 -2.050000 0.000000
vt 0.022881 -1.849858 0.000000
vt -0.068629 -1.848727 0.000000
vt -0.159972 -1.843071 0.000000
vt 1.835083 -1.661780 0.000000
vt 1.826431 -1.691955 0.000000
vt 1.813663 -1.720631 0.000000
vt 1.753524 -1.437698 0.000000
vt 1.776851 -1.458702 0.000000
vt 1.797029 -1.482748 0.000000
vt 1.813663 -1.509369 0.000000
vt 1.826431 -1.538045 0.000000
vt 1.835083 -1.568220 0.000000
vt 1.839452 -1.599305 0.000000
vt 1.839452 -1.630695 0.000000
vt 1.797029 -1.747252 0.000000
vt 1.776851 -1.771298 0.000000
vt 1.753524 -1.792302 0.000000
vt 1.727500 -1.809856 0.000000
vt 1.699286 -1.823616 0.000000
vt 1.669432 -1.833317 0.000000
vt 1.638519 -1.838767 0.000000
vt 1.607148 -1.839863 0.000000
vt 1.575929 -1.836582 0.000000
vt 0.296182 -1.826137 0.000000
vt 1.392190 1.646314 0.000000
vt 1.053815 1.520518 0.000000
vt 1.390000 1.615000 0.000000
vt 1.127721 1.466542 0.000000
vt 1.392190 1.583686 0.000000
vt 1.198867 1.408978 0.000000
vt 1.398716 1.552982 0.000000
vt 1.409452 1.523484 0.000000
vt 1.267079 1.347965 0.000000
vt 1.424189 1.495768 0.000000
vt 1.442640 1.470373 0.000000
vt 1.332191 1.283654 0.000000
vt 1.464446 1.447792 0.000000
vt 1.489182 1.428467 0.000000
vt 1.394042 1.216202 0.000000
vt 1.516366 1.412771 0.000000
vt 1.545471 1.401012 0.000000
vt 1.452482 1.145773 0.000000
vt 1.575929 1.393418 0.000000
vt 1.607148 1.390137 0.000000
vt 1.507368 1.072540 0.000000
vt 1.638519 1.391233 0.000000
vt 1.669432 1.396683 0.000000
vt 1.558564 0.996683 0.000000
vt 1.699286 1.406384 0.000000
vt 1.605947 0.918387 0.000000
vt 1.727500 1.420144 0.000000
vt 1.753524 1.437698 0.000000
vt 1.649400 0.837843 0.000000
vt 1.776851 1.458702 0.000000
vt 1.688816 0.755249 0.000000
vt 1.797029 1.482748 0.000000
vt 1.724099 0.670807 0.000000
vt 1.813663 1.509369 0.000000
vt 1.755164 0.584723 0.000000
vt 1.826431 1.538045 0.000000
vt 1.781933 0.497208 0.000000
vt 1.804341 0.408476 0.000000
vt 1.398716 1.677018 0.000000
vt 0.977330 1.570772 0.000000
vt 1.409452 1.706516 0.000000
vt 1.424189 1.734232 0.000000
vt 0.898454 1.617183 0.000000
vt 1.442640 1.759627 0.000000
vt 0.817379 1.659636 0.000000
vt 1.464446 1.782208 0.000000
vt 0.734304 1.698028 0.000000
vt 1.489182 1.801533 0.000000
vt 0.649431 1.732264 0.000000
vt 1.516366 1.817229 0.000000
vt 0.562970 1.762261 0.000000
vt 1.545471 1.828988 0.000000
vt 0.475131 1.787946 0.000000
vt 0.386129 1.809255 0.000000
vt 0.296182 1.826137 0.000000
vt 1.575929 1.836582 0.000000
vt 1.607148 1.839863 0.000000
vt 1.638519 1.838767 0.000000
vt 1.669432 1.833317 0.000000
vt 1.699286 1.823616 0.000000
vt 1.727500 1.809856 0.000000
vt 1.753524 1.792302 0.000000
vt 1.776851 1.771298 0.000000
vt 1.797029 1.747252 0.000000
vt 1.813663 1.720631 0.000000
vt 1.826431 1.691955 0.000000
vt 1.835083 1.661780 0.000000
vt 1.839452 1.630695 0.000000
vt 1.839452 1.599305 0.000000
vt 1.835083 1.568220 0.000000
vt 1.822334 0.318745 0.000000
vt -1.829661 0.273573 0.000000
vt -1.813893 0.363722 0.000000
vt -1.793686 0.452981 0.000000
vt -1.769089 0.541131 0.000000
vt -1.820548 1.523484 0.000000
vt -1.831284 1.552982 0.000000
vt -1.837810 1.583686 0.000000
vt -1.840000 1.615000 0.000000
vt -1.740164 0.627957 0.000000
vt -1.805811 1.495768 0.000000
vt -1.706980 0.713246 0.000000
vt -1.787360 1.470373 0.000000
vt -1.669619 0.796790 0.000000
vt -1.765554 1.447792 0.000000
vt -1.628171 0.878384 0.000000
vt -1.740818 1.428467 0.000000
vt -1.582740 0.957828 0.000000
vt -1.713634 1.412771 0.000000
vt -1.684529 1.401012 0.000000
vt -1.533435 1.034928 0.000000
vt -1.654071 1.393418 0.000000
vt -1.480378 1.109496 0.000000
vt -1.622852 1.390137 0.000000
vt -1.591481 1.391233 0.000000
vt -1.423698 1.181349 0.000000
vt -1.560568 1.396683 0.000000
vt -1.530714 1.406384 0.000000
vt -1.363534 1.250310 0.000000
vt -1.502500 1.420144 0.000000
vt -1.476476 1.437698 0.000000
vt -1.300033 1.316212 0.000000
vt -1.453149 1.458702 0.000000
vt -1.432971 1.482748 0.000000
vt -1.233350 1.378893 0.000000
vt -1.416337 1.509369 0.000000
vt -1.403569 1.538045 0.000000
vt -1.163650 1.438200 0.000000
vt -1.394917 1.568220 0.000000
vt -1.390548 1.599305 0.000000
vt -1.091102 1.493987 0.000000
vt -1.390548 1.630695 0.000000
vt -1.394917 1.661780 0.000000
vt -1.015883 1.546118 0.000000
vt -1.403569 1.691955 0.000000
vt -0.938179 1.594465 0.000000
vt -1.416337 1.720631 0.000000
vt -1.432971 1.747252 0.000000
vt -0.858179 1.638911 0.000000
vt -1.453149 1.771298 0.000000
vt -0.776079 1.679346 0.000000
vt -1.476476 1.792302 0.000000
vt -0.692079 1.715671 0.000000
vt -1.502500 1.809856 0.000000
vt -0.606386 1.747797 0.000000
vt -1.530714 1.823616 0.000000
vt -0.519209 1.775647 0.000000
vt -0.430761 1.799151 0.000000
vt -0.341260 1.818252 0.000000
vt -1.560568 1.833317 0.000000
vt -0.250923 1.832904 0.000000
vt -0.159972 1.843071 0.000000
vt -0.068629 1.848727 0.000000
vt 1.849434 -0.045759 0.000000
vt 1.844908 -0.137164 0.000000
vt 1.835867 -0.228234 0.000000
vt 1.822334 -0.318745 0.000000
vt 1.804341 -0.408476 0.000000
vt 1.781933 -0.497208 0.000000
vt 1.755164 -0.584723 0.000000
vt 1.724099 -0.670807 0.000000
vt 1.688816 -0.755249 0.000000
vt 0.205510 -1.838550 0.000000
vt 0.114335 -1.846463 0.000000
vt -0.250923 -1.832904 0.000000
vt -0.341260 -1.818252 0.000000
vt -0.430761 -1.799151 0.000000
vt -0.519209 -1.775647 0.000000
vt -1.530714 -1.823616 0.000000
vt -1.560568 -1.833317 0.000000
vt -1.591481 -1.838767 0.000000
vt -1.622852 -1.839863 0.000000
vt -0.606386 -1.747797 0.000000
vt -1.502500 -1.809856 0.000000
vt -0.692079 -1.715671 0.000000
vt -1.476476 -1.792302 0.000000
vt -0.776079 -1.679346 0.000000
vt -1.453149 -1.771298 0.000000
vt -0.858179 -1.638911 0.000000
vt -1.432971 -1.747252 0.000000
vt -0.938179 -1.594465 0.000000
vt -1.416337 -1.720631 0.000000
vt -1.403569 -1.691955 0.000000
vt -1.015883 -1.546118 0.000000
vt -1.394917 -1.661780 0.000000
vt -1.091102 -1.493987 0.000000
vt -1.390548 -1.630695 0.000000
vt -1.390548 -1.599305 0.000000
vt -1.163650 -1.438200 0.000000
vt -1.394917 -1.568220 0.000000
vt -1.403569 -1.538045 0.000000
vt -1.233350 -1.378893 0.000000
vt -1.416337 -1.509369 0.000000
vt -1.432971 -1.482748 0.000000
vt -1.300033 -1.316212 0.000000
vt -1.453149 -1.458702 0.000000
vt -1.476476 -1.437698 0.000000
vt -1.363534 -1.250310 0.000000
vt -1.502500 -1.420144 0.000000
vt -1.530714 -1.406384 0.000000
vt -1.423698 -1.181349 0.000000
vt -1.560568 -1.396683 0.000000
vt -1.591481 -1.391233 0.000000
vt -1.480378 -1.109496 0.000000
vt -1.622852 -1.390137 0.000000
vt -1.654071 -1.393418 0.000000
vt -1.533435 -1.034928 0.000000
vt -1.684529 -1.401012 0.000000
vt -1.582740 -0.957828 0.000000
vt -1.713634 -1.412771 0.000000
vt -1.740818 -1.428467 0.000000
vt -1.628171 -0.878384 0.000000
vt -1.765554 -1.447792 0.000000
vt -1.669619 -0.796790 0.000000
vt -1.787360 -1.470373 0.000000
vt -1.706980 -0.713246 0.000000
vt -1.805811 -1.495768 0.000000
vt -1.740164 -0.627957 0.000000
vt -1.820548 -1.523484 0.000000
vt -1.769089 -0.541131 0.000000
vt -1.793686 -0.452981 0.000000
vt -1.813893 -0.363722 0.000000
vt -1.831284 -1.552982 0.000000
vt -1.829661 -0.273573 0.000000
vt -1.840951 -0.182755 0.000000
vt -1.847736 -0.091489 0.000000
vt -1.837810 -1.646314 0.000000
vt -1.840000 -1.615000 0.000000
vt -1.837810 -1.583686 0.000000
vt -1.654071 -1.836582 0.000000
vt -1.684529 -1.828988 0.000000
vt -1.713634 -1.817229 0.000000
vt -1.740818 -1.801533 0.000000
vt -1.765554 -1.782208 0.000000
vt -1.787360 -1.759627 0.000000
vt -1.805811 -1.734232 0.000000
vt -1.820548 -1.706516 0.000000
vt -1.831284 -1.677018 0.000000
vt -1.837810 1.646314 0.000000
vt -1.831284 1.677018 0.000000
vt -1.820548 1.706516 0.000000
vt -1.805811 1.734232 0.000000
vt -1.787360 1.759627 0.000000
vt -1.765554 1.782208 0.000000
vt -1.740818 1.801533 0.000000
vt -1.713634 1.817229 0.000000
vt -1.684529 1.828988 0.000000
vt -1.654071 1.836582 0.000000
vt -1.622852 1.839863 0.000000
vt -1.591481 1.838767 0.000000
vt -0.000000 0.675442 0.000000
vt 0.200000 0.675442 0.000000
vt 0.000000 0.706858 0.000000
vt 0.200000 0.706858 0.000000
vt 0.000000 -0.706858 0.000000
vt 0.200000 -0.706858 0.000000
vt -0.000000 -0.675442 0.000000
vt 0.200000 -0.675442 0.000000
vt 0.200000 -0.644026 0.000000
vt -0.000000 0.644026 0.000000
vt 0.200000 0.644026 0.000000
vt -0.000000 0.612611 0.000000
vt 0.200000 0.612611 0.000000
vt 0.000000 0.581195 0.000000
vt 0.200000 0.581195 0.000000
vt 0.000000 0.549779 0.000000
vt 0.200000 0.549779 0.000000
vt -0.000000 0.518363 0.000000
vt 0.200000 0.518363 0.000000
vt 0.000000 0.486947 0.000000
vt 0.200000 0.486947 0.000000
vt 0.000000 0.455531 0.000000
vt 0.200000 0.455531 0.000000
vt 0.000000 0.424115 0.000000
vt 0.200000 0.424115 0.000000
vt 0.000000 0.392699 0.000000
vt 0.200000 0.392699 0.000000
vt 0.000000 0.361283 0.000000
vt 0.200000 0.361283 0.000000
vt -0.000000 0.329867 0.000000
vt 0.200000 0.329867 0.000000
vt -0.000000 0.298451 0.000000
vt 0.200000 0.298451 0.000000
vt -0.000000 0.267035 0.000000
vt 0.200000 0.267035 0.000000
vt 0.000000 0.235619 0.000000
vt 0.200000 0.235619 0.000000
vt -0.000000 0.204204 0.000000
vt 0.200000 0.204204 0.000000
vt -0.000000 0.172788 0.000000
vt 0.200000 0.172788 0.000000
vt 0.000000 0.141372 0.000000
vt 0.200000 0.141372 0.000000
vt 0.000000 0.109956 0.000000
vt 0.200000 0.109956 0.000000
vt 0.000000 0.078540 0.000000
vt 0.200000 0.078540 0.000000
vt -0.000000 0.047124 0.000000
vt 0.200000 0.047124 0.000000
vt 0.000000 0.015708 0.000000
vt 0.200000 0.015708 0.000000
vt 0.000000 -0.015708 0.000000
vt 0.200000 -0.015708 0.000000
vt -0.000000 -0.047124 0.000000
vt 0.200000 -0.047124 0.000000
vt 0.000000 -0.078540 0.000000
vt 0.200000 -0.078540 0.000000
vt 0.000000 -0.109956 0.000000
vt 0.200000 -0.109956 0.000000
vt 0.000000 -0.141372 0.000000
vt 0.200000 -0.141372 0.000000
vt -0.000000 -0.172788 0.000000
vt 0.200000 -0.172788 0.000000
vt -0.000000 -0.204204 0.000000
vt 0.200000 -0.204204 0.000000
vt -0.000000 -0.235619 0.000000
vt 0.200000 -0.235619 0.000000
vt -0.000000 -0.267035 0.000000
vt 0.200000 -0.267035 0.000000
vt 0.000000 -0.298451 0.000000
vt 0.200000 -0.298451 0.000000
vt -0.000000 -0.329867 0.000000
vt 0.200000 -0.329867 0.000000
vt 0.000000 -0.361283 0.000000
vt 0.200000 -0.361283 0.000000
vt 0.000000 -0.392699 0.000000
vt 0.200000 -0.392699 0.000000
vt 0.000000 -0.424115 0.000000
vt 0.200000 -0.424115 0.000000
vt 0.000000 -0.455531 0.000000
vt 0.200000 -0.455531 0.000000
vt 0.000000 -0.486947 0.000000
vt 0.200000 -0.486947 0.000000
vt -0.000000 -0.518363 0.000000
vt 0.200000 -0.518363 0.000000
vt 0.000000 -0.549779 0.000000
vt 0.200000 -0.549779 0.000000
vt 0.000000 -0.581195 0.000000
vt 0.200000 -0.581195 0.000000
vt 0.000000 -0.612611 0.000000
vt 0.200000 -0.612611 0.000000
vt -0.000000 -0.644026 0.000000
vt -0.000000 0.675442 0.000000
vt 0.200000 0.675442 0.000000
vt 0.000000 0.706858 0.000000
vt 0.200000 0.706858 0.000000
vt 0.000000 -0.706858 0.000000
vt 0.200000 -0.706858 0.000000
vt -0.000000 -0.675442 0.000000
vt 0.200000 -0.675442 0.000000
vt 0.200000 -0.644026 0.000000
vt -0.000000 0.644026 0.000000
vt 0.200000 0.644026 0.000000
vt 0.000000 0.612611 0.000000
vt 0.200000 0.612611 0.000000
vt 0.000000 0.581195 0.000000
vt 0.200000 0.581195 0.000000
vt 0.000000 0.549779 0.000000
vt 0.200000 0.549779 0.000000
vt 0.000000 0.518363 0.000000
vt 0.200000 0.518363 0.000000
vt -0.000000 0.486947 0.000000
vt 0.200000 0.486947 0.000000
vt 0.000000 0.455531 0.000000
vt 0.200000 0.455531 0.000000
vt 0.000000 0.424115 0.000000
vt 0.200000 0.424115 0.000000
vt -0.000000 0.392699 0.000000
vt 0.200000 0.392699 0.000000
vt 0.000000 0.361283 0.000000
vt 0.200000 0.361283 0.000000
vt -0.000000 0.329867 0.000000
vt 0.200000 0.329867 0.000000
vt 0.000000 0.298451 0.000000
vt 0.200000 0.298451 0.000000
vt 0.000000 0.267035 0.000000
vt 0.200000 0.267035 0.000000
vt -0.000000 0.235619 0.000000
vt 0.200000 0.235619 0.000000
vt 0.000000 0.204204 0.000000
vt 0.200000 0.204204 0.000000
vt 0.000000 0.172788 0.000000
vt 0.200000 0.172788 0.000000
vt -0.000000 0.141372 0.000000
vt 0.200000 0.141372 0.000000
vt 0.000000 0.109956 0.000000
vt 0.200000 0.109956 0.000000
vt 0.000000 0.078540 0.000000
vt 0.200000 0.078540 0.000000
vt -0.000000 0.047124 0.000000
vt 0.200000 0.047124 0.000000
vt -0.000000 0.015708 0.000000
vt 0.200000 0.015708 0.000000
vt -0.000000 -0.015708 0.000000
vt 0.200000 -0.015708 0.000000
vt 0.000000 -0.047124 0.000000
vt 0.200000 -0.047124 0.000000
vt 0.000000 -0.078540 0.000000
vt 0.200000 -0.078540 0.000000
vt 0.000000 -0.109956 0.000000
vt 0.200000 -0.109956 0.000000
vt -0.000000 -0.141372 0.000000
vt 0.200000 -0.141372 0.000000
vt 0.000000 -0.172788 0.000000
vt 0.200000 -0.172788 0.000000
vt 0.000000 -0.204204 0.000000
vt 0.200000 -0.204204 0.000000
vt -0.000000 -0.235619 0.000000
vt 0.200000 -0.235619 0.000000
vt 0.000000 -0.267035 0.000000
vt 0.200000 -0.267035 0.000000
vt 0.000000 -0.298451 0.000000
vt 0.200000 -0.298451 0.000000
vt -0.000000 -0.329867 0.000000
vt 0.200000 -0.329867 0.000000
vt 0.000000 -0.361283 0.000000
vt 0.200000 -0.361283 0.000000
vt -0.000000 -0.392699 0.000000
vt 0.200000 -0.392699 0.000000
vt 0.000000 -0.424115 0.000000
vt 0.200000 -0.424115 0.000000
vt 0.000000 -0.455531 0.000000
vt 0.200000 -0.455531 0.000000
vt -0.000000 -0.486947 0.000000
vt 0.200000 -0.486947 0.000000
vt 0.000000 -0.518363 0.000000
vt 0.200000 -0.518363 0.000000
vt 0.000000 -0.549779 0.000000
vt 0.200000 -0.549779 0.000000
vt 0.000000 -0.581195 0.000000
vt 0.200000 -0.581195 0.000000
vt -0.000000 -0.612611 0.000000
vt 0.200000 -0.612611 0.000000
vt -0.000000 -0.644026 0.000000
vt -0.000000 5.720420 0.000000
vt 0.200000 5.720420 0.000000
vt -0.000000 5.811946 0.000000
vt 0.200000 5.811946 0.000000
vt -0.000000 -5.811946 0.000000
vt 0.200000 -5.811946 0.000000
vt -0.000000 -5.720420 0.000000
vt 0.200000 -5.720420 0.000000
vt -0.000000 -5.628893 0.000000
vt 0.200000 -5.628893 0.000000
vt 0.000000 -5.537366 0.000000
vt 0.200000 -5.537366 0.000000
vt 0.000000 -5.445840 0.000000
vt 0.200000 -5.445840 0.000000
vt -0.000000 -5.354313 0.000000
vt 0.200000 -5.354313 0.000000
vt 0.000000 -5.262786 0.000000
vt 0.200000 -5.262786 0.000000
vt -0.000000 -5.171259 0.000000
vt 0.200000 -5.171259 0.000000
vt -0.000000 -5.079733 0.000000
vt 0.200000 -5.079733 0.000000
vt 0.000000 -4.988206 0.000000
vt 0.200000 -4.988206 0.000000
vt -0.000000 -4.896679 0.000000
vt 0.200000 -4.896679 0.000000
vt 0.000000 -4.805153 0.000000
vt 0.200000 -4.805153 0.000000
vt 0.000000 -4.713626 0.000000
vt 0.200000 -4.713626 0.000000
vt -0.000000 -4.622099 0.000000
vt 0.200000 -4.622099 0.000000
vt 0.000000 -4.530572 0.000000
vt 0.200000 -4.530572 0.000000
vt -0.000000 -4.439046 0.000000
vt 0.200000 -4.439046 0.000000
vt -0.000000 -4.347519 0.000000
vt 0.200000 -4.347519 0.000000
vt 0.000000 -4.255992 0.000000
vt 0.200000 -4.255992 0.000000
vt -0.000000 -4.164466 0.000000
vt 0.200000 -4.164466 0.000000
vt 0.000000 -4.072939 0.000000
vt 0.200000 -4.072939 0.000000
vt 0.000000 -3.981412 0.000000
vt 0.200000 -3.981412 0.000000
vt 0.000000 -3.889885 0.000000
vt 0.200000 -3.889885 0.000000
vt 0.000000 -3.798359 0.000000
vt 0.200000 -3.798359 0.000000
vt -0.000000 -3.706832 0.000000
vt 0.200000 -3.706832 0.000000
vt 0.000000 -3.615305 0.000000
vt 0.200000 -3.615305 0.000000
vt 0.000000 -3.523779 0.000000
vt 0.200000 -3.523779 0.000000
vt 0.000000 -3.432252 0.000000
vt 0.200000 -3.432252 0.000000
vt 0.000000 -3.340725 0.000000
vt 0.200000 -3.340725 0.000000
vt 0.000000 -3.249198 0.000000
vt 0.200000 -3.249198 0.000000
vt 0.000000 -3.157672 0.000000
vt 0.200000 -3.157672 0.000000
vt -0.000000 -3.066145 0.000000
vt 0.200000 -3.066145 0.000000
vt 0.000000 -2.974618 0.000000
vt 0.200000 -2.974618 0.000000
vt 0.000000 -2.883092 0.000000
vt 0.200000 -2.883092 0.000000
vt 0.000000 -2.791565 0.000000
vt 0.200000 -2.791565 0.000000
vt 0.000000 -2.700038 0.000000
vt 0.200000 -2.700038 0.000000
vt 0.000000 -2.608511 0.000000
vt 0.200000 -2.608511 0.000000
vt -0.000000 -2.516985 0.000000
vt 0.200000 -2.516985 0.000000
vt 0.000000 -2.425458 0.000000
vt 0.200000 -2.425458 0.000000
vt -0.000000 -2.333931 0.000000
vt 0.200000 -2.333931 0.000000
vt 0.000000 -2.242405 0.000000
vt 0.200000 -2.242405 0.000000
vt 0.000000 -2.150878 0.000000
vt 0.200000 -2.150878 0.000000
vt 0.000000 -2.059351 0.000000
vt 0.200000 -2.059351 0.000000
vt 0.000000 -1.967824 0.000000
vt 0.200000 -1.967824 0.000000
vt -0.000000 -1.876298 0.000000
vt 0.200000 -1.876298 0.000000
vt 0.000000 -1.784771 0.000000
vt 0.200000 -1.784771 0.000000
vt 0.000000 -1.693244 0.000000
vt 0.200000 -1.693244 0.000000
vt 0.000000 -1.601718 0.000000
vt 0.200000 -1.601718 0.000000
vt 0.000000 -1.510191 0.000000
vt 0.200000 -1.510191 0.000000
vt 0.000000 -1.418664 0.000000
vt 0.200000 -1.418664 0.000000
vt 0.000000 -1.327137 0.000000
vt 0.200000 -1.327137 0.000000
vt -0.000000 -1.235611 0.000000
vt 0.200000 -1.235611 0.000000
vt 0.000000 -1.144084 0.000000
vt 0.200000 -1.144084 0.000000
vt -0.000000 -1.052557 0.000000
vt 0.200000 -1.052557 0.000000
vt 0.000000 -0.961031 0.000000
vt 0.200000 -0.961031 0.000000
vt 0.000000 -0.869504 0.000000
vt 0.200000 -0.869504 0.000000
vt -0.000000 -0.777977 0.000000
vt 0.200000 -0.777977 0.000000
vt 0.000000 -0.686450 0.000000
vt 0.200000 -0.686450 0.000000
vt 0.000000 -0.594924 0.000000
vt 0.200000 -0.594924 0.000000
vt 0.000000 -0.503397 0.000000
vt 0.200000 -0.503397 0.000000
vt 0.000000 -0.411870 0.000000
vt 0.200000 -0.411870 0.000000
vt 0.000000 -0.320344 0.000000
vt 0.200000 -0.320344 0.000000
vt 0.000000 -0.228817 0.000000
vt 0.200000 -0.228817 0.000000
vt 0.000000 -0.137290 0.000000
vt 0.200000 -0.137290 0.000000
vt -0.000000 -0.045763 0.000000
vt 0.200000 -0.045763 0.000000
vt -0.000000 0.045763 0.000000
vt 0.200000 0.045763 0.000000
vt 0.000000 0.137290 0.000000
vt 0.200000 0.137290 0.000000
vt 0.000000 0.228817 0.000000
vt 0.200000 0.228817 0.000000
vt 0.000000 0.320344 0.000000
vt 0.200000 0.320344 0.000000
vt 0.000000 0.411870 0.000000
vt 0.200000 0.411870 0.000000
vt 0.000000 0.503397 0.000000
vt 0.200000 0.503397 0.000000
vt 0.000000 0.594924 0.000000
vt 0.200000 0.594924 0.000000
vt 0.000000 0.686450 0.000000
vt 0.200000 0.686450 0.000000
vt -0.000000 0.777977 0.000000
vt 0.200000 0.777977 0.000000
vt 0.000000 0.869504 0.000000
vt 0.200000 0.869504 0.000000
vt 0.000000 0.961031 0.000000
vt 0.200000 0.961031 0.000000
vt -0.000000 1.052557 0.000000
vt 0.200000 1.052557 0.000000
vt 0.000000 1.144084 0.000000
vt 0.200000 1.144084 0.000000
vt 0.000000 1.235611 0.000000
vt 0.200000 1.235611 0.000000
vt 0.000000 1.327137 0.000000
vt 0.200000 1.327137 0.000000
vt 0.000000 1.418664 0.000000
vt 0.200000 1.418664 0.000000
vt -0.000000 1.510191 0.000000
vt 0.200000 1.510191 0.000000
vt 0.000000 1.601718 0.000000
vt 0.200000 1.601718 0.000000
vt 0.000000 1.693244 0.000000
vt 0.200000 1.693244 0.000000
vt 0.000000 1.784771 0.000000
vt 0.200000 1.784771 0.000000
vt 0.000000 1.876298 0.000000
vt 0.200000 1.876298 0.000000
vt 0.000000 1.967824 0.000000
vt 0.200000 1.967824 0.000000
vt 0.000000 2.059351 0.000000
vt 0.200000 2.059351 0.000000
vt 0.000000 2.150878 0.000000
vt 0.200000 2.150878 0.000000
vt 0.000000 2.242405 0.000000
vt 0.200000 2.242405 0.000000
vt -0.000000 2.333931 0.000000
vt 0.200000 2.333931 0.000000
vt 0.000000 2.425458 0.000000
vt 0.200000 2.425458 0.000000
vt 0.000000 2.516985 0.000000
vt 0.200000 2.516985 0.000000
vt 0.000000 2.608511 0.000000
vt 0.200000 2.608511 0.000000
vt -0.000000 2.700038 0.000000
vt 0.200000 2.700038 0.000000
vt -0.000000 2.791565 0.000000
vt 0.200000 2.791565 0.000000
vt 0.000000 2.883092 0.000000
vt 0.200000 2.883092 0.000000
vt 0.000000 2.974618 0.000000
vt 0.200000 2.974618 0.000000
vt -0.000000 3.066145 0.000000
vt 0.200000 3.066145 0.000000
vt 0.000000 3.157672 0.000000
vt 0.200000 3.157672 0.000000
vt 0.000000 3.249198 0.000000
vt 0.200000 3.249198 0.000000
vt 0.000000 3.340725 0.000000
vt 0.200000 3.340725 0.000000
vt 0.000000 3.432252 0.000000
vt 0.200000 3.432252 0.000000
vt 0.000000 3.523779 0.000000
vt 0.200000 3.523779 0.000000
vt 0.000000 3.615305 0.000000
vt 0.200000 3.615305 0.000000
vt 0.000000 3.706832 0.000000
vt 0.200000 3.706832 0.000000
vt 0.000000 3.798359 0.000000
vt 0.200000 3.798359 0.000000
vt 0.000000 3.889885 0.000000
vt 0.200000 3.889885 0.000000
vt -0.000000 3.981412 0.000000
vt 0.200000 3.981412 0.000000
vt 0.000000 4.072939 0.000000
vt 0.200000 4.072939 0.000000
vt -0.000000 4.164466 0.000000
vt 0.200000 4.164466 0.000000
vt 0.000000 4.255992 0.000000
vt 0.200000 4.255992 0.000000
vt -0.000000 4.347519 0.000000
vt 0.200000 4.347519 0.000000
vt -0.000000 4.439046 0.000000
vt 0.200000 4.439046 0.000000
vt -0.000000 4.530572 0.000000
vt 0.200000 4.530572 0.000000
vt -0.000000 4.622099 0.000000
vt 0.200000 4.622099 0.000000
vt -0.000000 4.713626 0.000000
vt 0.200000 4.713626 0.000000
vt -0.000000 4.805153 0.000000
vt 0.200000 4.805153 0.000000
vt 0.000000 4.896679 0.000000
vt 0.200000 4.896679 0.000000
vt 0.000000 4.988206 0.000000
vt 0.200000 4.988206 0.000000
vt -0.000000 5.079733 0.000000
vt 0.200000 5.079733 0.000000
vt -0.000000 5.171259 0.000000
vt 0.200000 5.171259 0.000000
vt 0.000000 5.262786 0.000000
vt 0.200000 5.262786 0.000000
vt 0.000000 5.354313 0.000000
vt 0.200000 5.354313 0.000000
vt 0.000000 5.445840 0.000000
vt 0.200000 5.445840 0.000000
vt 0.000000 5.537366 0.000000
vt 0.200000 5.537366 0.000000
vt 0.000000 5.628893 0.000000
vt 0.200000 5.628893 0.000000
vt 0.000000 0.675442 0.000000
vt 0.200000 0.675442 0.000000
vt 0.000000 0.706858 0.000000
vt 0.200000 0.706858 0.000000
vt 0.000000 -0.706858 0.000000
vt 0.200000 -0.706858 0.000000
vt 0.000000 -0.675442 0.000000
vt 0.200000 -0.675442 0.000000
vt 0.200000 -0.644026 0.000000
vt 0.000000 0.644026 0.000000
vt 0.200000 0.644026 0.000000
vt 0.000000 0.612611 0.000000
vt 0.200000 0.612611 0.000000
vt 0.000000 0.581195 0.000000
vt 0.200000 0.581195 0.000000
vt 0.000000 0.549779 0.000000
vt 0.200000 0.549779 0.000000
vt 0.000000 0.518363 0.000000
vt 0.200000 0.518363 0.000000
vt -0.000000 0.486947 0.000000
vt 0.200000 0.486947 0.000000
vt 0.000000 0.455531 0.000000
vt 0.200000 0.455531 0.000000
vt -0.000000 0.424115 0.000000
vt 0.200000 0.424115 0.000000
vt -0.000000 0.392699 0.000000
vt 0.200000 0.392699 0.000000
vt 0.000000 0.361283 0.000000
vt 0.200000 0.361283 0.000000
vt 0.000000 0.329867 0.000000
vt 0.200000 0.329867 0.000000
vt 0.000000 0.298451 0.000000
vt 0.200000 0.298451 0.000000
vt 0.000000 0.267035 0.000000
vt 0.200000 0.267035 0.000000
vt 0.000000 0.235619 0.000000
vt 0.200000 0.235619 0.000000
vt 0.000000 0.204204 0.000000
vt 0.200000 0.204204 0.000000
vt 0.000000 0.172788 0.000000
vt 0.200000 0.172788 0.000000
vt 0.000000 0.141372 0.000000
vt 0.200000 0.141372 0.000000
vt 0.000000 0.109956 0.000000
vt 0.200000 0.109956 0.000000
vt -0.000000 0.078540 0.000000
vt 0.200000 0.078540 0.000000
vt 0.000000 0.047124 0.000000
vt 0.200000 0.047124 0.000000
vt 0.000000 0.015708 0.000000
vt 0.200000 0.015708 0.000000
vt 0.000000 -0.015708 0.000000
vt 0.200000 -0.015708 0.000000
vt 0.000000 -0.047124 0.000000
vt 0.200000 -0.047124 0.000000
vt -0.000000 -0.078540 0.000000
vt 0.200000 -0.078540 0.000000
vt 0.000000 -0.109956 0.000000
vt 0.200000 -0.109956 0.000000
vt 0.000000 -0.141372 0.000000
vt 0.200000 -0.141372 0.000000
vt 0.000000 -0.172788 0.000000
vt 0.200000 -0.172788 0.000000
vt 0.000000 -0.204204 0.000000
vt 0.200000 -0.204204 0.000000
vt -0.000000 -0.235619 0.000000
vt 0.200000 -0.235619 0.000000
vt 0.000000 -0.267035 0.000000
vt 0.200000 -0.267035 0.000000
vt 0.000000 -0.298451 0.000000
vt 0.200000 -0.298451 0.000000
vt 0.000000 -0.329867 0.000000
vt 0.200000 -0.329867 0.000000
vt 0.000000 -0.361283 0.000000
vt 0.200000 -0.361283 0.000000
vt -0.000000 -0.392699 0.000000
vt 0.200000 -0.392699 0.000000
vt -0.000000 -0.424115 0.000000
vt 0.200000 -0.424115 0.000000
vt 0.000000 -0.455531 0.000000
vt 0.200000 -0.455531 0.000000
vt 0.000000 -0.486947 0.000000
vt 0.200000 -0.486947 0.000000
vt 0.000000 -0.518363 0.000000
vt 0.200000 -0.518363 0.000000
vt 0.000000 -0.549779 0.000000
vt 0.200000 -0.549779 0.000000
vt 0.000000 -0.581195 0.000000
vt 0.200000 -0.581195 0.000000
vt -0.000000 -0.612611 0.000000
vt 0.200000 -0.612611 0.000000
vt 0.000000 -0.644026 0.000000
vt 0.000000 0.675442 0.000000
vt 0.200000 0.675442 0.000000
vt 0.000000 0.706858 0.000000
vt 0.200000 0.706858 0.000000
vt 0.000000 -0.706858 0.000000
vt 0.200000 -0.706858 0.000000
vt 0.000000 -0.675442 0.000000
vt 0.200000 -0.675442 0.000000
vt 0.200000 -0.644026 0.000000
vt 0.000000 0.644026 0.000000
vt 0.200000 0.644026 0.000000
vt -0.000000 0.612611 0.000000
vt 0.200000 0.612611 0.000000
vt 0.000000 0.581195 0.000000
vt 0.200000 0.581195 0.000000
vt 0.000000 0.549779 0.000000
vt 0.200000 0.549779 0.000000
vt 0.000000 0.518363 0.000000
vt 0.200000 0.518363 0.000000
vt -0.000000 0.486947 0.000000
vt 0.200000 0.486947 0.000000
vt 0.000000 0.455531 0.000000
vt 0.200000 0.455531 0.000000
vt -0.000000 0.424115 0.000000
vt 0.200000 0.424115 0.000000
vt -0.000000 0.392699 0.000000
vt 0.200000 0.392699 0.000000
vt 0.000000 0.361283 0.000000
vt 0.200000 0.361283 0.000000
vt -0.000000 0.329867 0.000000
vt 0.200000 0.329867 0.000000
vt 0.000000 0.298451 0.000000
vt 0.200000 0.298451 0.000000
vt -0.000000 0.267035 0.000000
vt 0.200000 0.267035 0.000000
vt -0.000000 0.235619 0.000000
vt 0.200000 0.235619 0.000000
vt 0.000000 0.204204 0.000000
vt 0.200000 0.204204 0.000000
vt -0.000000 0.172788 0.000000
vt 0.200000 0.172788 0.000000
vt -0.000000 0.141372 0.000000
vt 0.200000 0.141372 0.000000
vt 0.000000 0.109956 0.000000
vt 0.200000 0.109956 0.000000
vt -0.000000 0.078540 0.000000
vt 0.200000 0.078540 0.000000
vt 0.000000 0.047124 0.000000
vt 0.200000 0.047124 0.000000
vt 0.000000 0.015708 0.000000
vt 0.200000 0.015708 0.000000
vt 0.000000 -0.015708 0.000000
vt 0.200000 -0.015708 0.000000
vt 0.000000 -0.047124 0.000000
vt 0.200000 -0.047124 0.000000
vt -0.000000 -0.078540 0.000000
vt 0.200000 -0.078540 0.000000
vt 0.000000 -0.109956 0.000000
vt 0.200000 -0.109956 0.000000
vt -0.000000 -0.141372 0.000000
vt 0.200000 -0.141372 0.000000
vt 0.000000 -0.172788 0.000000
vt 0.200000 -0.172788 0.000000
vt 0.000000 -0.204204 0.000000
vt 0.200000 -0.204204 0.000000
vt -0.000000 -0.235619 0.000000
vt 0.200000 -0.235619 0.000000
vt -0.000000 -0.267035 0.000000
vt 0.200000 -0.267035 0.000000
vt 0.000000 -0.298451 0.000000
vt 0.200000 -0.298451 0.000000
vt -0.000000 -0.329867 0.000000
vt 0.200000 -0.329867 0.000000
vt 0.000000 -0.361283 0.000000
vt 0.200000 -0.361283 0.000000
vt -0.000000 -0.392699 0.000000
vt 0.200000 -0.392699 0.000000
vt -0.000000 -0.424115 0.000000
vt 0.200000 -0.424115 0.000000
vt 0.000000 -0.455531 0.000000
vt 0.200000 -0.455531 0.000000
vt -0.000000 -0.486947 0.000000
vt 0.200000 -0.486947 0.000000
vt 0.000000 -0.518363 0.000000
vt 0.200000 -0.518363 0.000000
vt 0.000000 -0.549779 0.000000
vt 0.200000 -0.549779 0.000000
vt 0.000000 -0.581195 0.000000
vt 0.200000 -0.581195 0.000000
vt -0.000000 -0.612611 0.000000
vt 0.200000 -0.612611 0.000000
vt 0.000000 -0.644026 0.000000
vt 1.200000 0.050000 0.000000
vt 0.200000 0.050000 0.000000
vt 1.200000 -4.050000 0.000000
vt 0.200000 -4.050000 0.000000
vt -8.340000 0.200000 0.000000
vt -0.000000 0.200000 0.000000
vt -8.340000 0.600000 0.000000
vt -0.000000 0.600000 0.000000
vt -5.310000 0.200000 0.000000
vt -0.000000 0.200000 0.000000
vt -5.310000 0.600000 0.000000
vt -0.000000 0.600000 0.000000
vt 1.200000 0.050000 0.000000
vt 1.000000 -2.600000 0.000000
vt 1.200000 -4.050000 0.000000
vt 1.000000 -3.400000 0.000000
vt 0.200000 -4.050000 0.000000
vt 0.200000 -3.400000 0.000000
vt 0.200000 0.050000 0.000000
vt 0.200000 -2.600000 0.000000
vt -0.431377 -0.600000 0.000000
vt 0.565685 -0.600000 0.000000
vt -0.431377 0.200000 0.000000
vt 0.565685 0.200000 0.000000
vt -0.000000 -0.163625 0.000000
vt -0.533333 -0.163625 0.000000
vt -0.000000 -0.196350 0.000000
vt -1.066667 -0.163625 0.000000
vt -1.600000 -0.196350 0.000000
vt -1.600000 -0.163625 0.000000
vt -1.600000 -0.130900 0.000000
vt -1.066667 -0.130900 0.000000
vt -1.600000 -0.098175 0.000000
vt -1.066667 -0.098175 0.000000
vt -1.600000 -0.065450 0.000000
vt -1.066667 -0.065450 0.000000
vt -1.600000 -0.032725 0.000000
vt -1.066667 -0.032725 0.000000
vt -1.600000 0.000000 0.000000
vt -1.066667 0.000000 0.000000
vt -1.600000 0.032725 0.000000
vt -1.066667 0.032725 0.000000
vt -1.600000 0.065450 0.000000
vt -1.066667 0.065450 0.000000
vt -1.600000 0.098175 0.000000
vt -1.066667 0.098175 0.000000
vt -1.600000 0.130900 0.000000
vt -1.066667 0.130900 0.000000
vt -1.600000 0.163625 0.000000
vt -1.066667 0.163625 0.000000
vt -1.600000 0.196350 0.000000
vt -0.533333 0.163625 0.000000
vt -0.000000 0.196350 0.000000
vt -0.000000 0.163625 0.000000
vt -0.000000 0.130900 0.000000
vt -0.533333 0.130900 0.000000
vt -0.000000 0.098175 0.000000
vt -0.533333 0.098175 0.000000
vt -0.000000 0.065450 0.000000
vt -0.533333 0.065450 0.000000
vt -0.000000 0.032725 0.000000
vt -0.533333 0.032725 0.000000
vt -0.000000 0.000000 0.000000
vt -0.533333 0.000000 0.000000
vt -0.000000 -0.032725 0.000000
vt -0.533333 -0.032725 0.000000
vt -0.000000 -0.065450 0.000000
vt -0.533333 -0.065450 0.000000
vt -0.000000 -0.098175 0.000000
vt -0.533333 -0.098175 0.000000
vt -0.000000 -0.130900 0.000000
vt -0.533333 -0.130900 0.000000
vt -5.310000 0.200000 0.000000
vt -0.000000 0.200000 0.000000
vt -5.310000 0.600000 0.000000
vt -0.000000 0.600000 0.000000
vt -8.340000 0.200000 0.000000
vt -0.000000 0.200000 0.000000
vt -8.340000 0.600000 0.000000
vt -0.000000 0.600000 0.000000
vt 0.250000 0.000000 0.000000
vt 9.090000 0.000000 0.000000
vt 0.250000 1.600000 0.000000
vt 9.090000 1.600000 0.000000
vt -0.000000 -0.163625 0.000000
vt -0.533333 -0.163625 0.000000
vt -0.000000 -0.196350 0.000000
vt -1.066667 -0.163625 0.000000
vt -1.600000 -0.196350 0.000000
vt -1.600000 -0.163625 0.000000
vt -1.600000 -0.130900 0.000000
vt -1.066667 -0.130900 0.000000
vt -1.600000 -0.098175 0.000000
vt -1.066667 -0.098175 0.000000
vt -1.600000 -0.065450 0.000000
vt -1.066667 -0.065450 0.000000
vt -1.600000 -0.032725 0.000000
vt -1.066667 -0.032725 0.000000
vt -1.600000 -0.000000 0.000000
vt -1.066667 -0.000000 0.000000
vt -1.600000 0.032725 0.000000
vt -1.066667 0.032725 0.000000
vt -1.600000 0.065450 0.000000
vt -1.066667 0.065450 0.000000
vt -1.600000 0.098175 0.000000
vt -1.066667 0.098175 0.000000
vt -1.600000 0.130900 0.000000
vt -1.066667 0.130900 0.000000
vt -1.600000 0.163625 0.000000
vt -1.066667 0.163625 0.000000
vt -1.600000 0.196350 0.000000
vt -0.533333 0.163625 0.000000
vt -0.000000 0.196350 0.000000
vt -0.000000 0.163625 0.000000
vt -0.000000 0.130900 0.000000
vt -0.533333 0.130900 0.000000
vt -0.000000 0.098175 0.000000
vt -0.533333 0.098175 0.000000
vt -0.000000 0.065450 0.000000
vt -0.533333 0.065450 0.000000
vt -0.000000 0.032725 0.000000
vt -0.533333 0.032725 0.000000
vt -0.000000 -0.000000 0.000000
vt -0.533333 -0.000000 0.000000
vt -0.000000 -0.032725 0.000000
vt -0.533333 -0.032725 0.000000
vt -0.000000 -0.065450 0.000000
vt -0.533333 -0.065450 0.000000
vt -0.000000 -0.098175 0.000000
vt -0.533333 -0.098175 0.000000
vt -0.000000 -0.130900 0.000000
vt -0.533333 -0.130900 0.000000
vt -2.815000 -4.340000 0.000000
vt 2.825000 -4.340000 0.000000
vt 2.655000 -4.170000 0.000000
vt 2.825000 4.300000 0.000000
vt 2.655000 4.170000 0.000000
vt -2.815000 4.300000 0.000000
vt -2.655000 4.170000 0.000000
vt -2.655000 -4.170000 0.000000
vn 0.000000 -0.100000 0.000000
vn 0.000000 -0.100000 0.000000
vn -0.017365 -0.098481 0.000000
vn -0.017365 -0.098481 0.000000
vn -0.034202 -0.093969 0.000000
vn -0.034202 -0.093969 0.000000
vn -0.050000 -0.086603 0.000000
vn -0.050000 -0.086603 0.000000
vn -0.064279 -0.076604 0.000000
vn -0.064279 -0.076604 0.000000
vn -0.076604 -0.064279 0.000000
vn -0.076604 -0.064279 0.000000
vn -0.086603 -0.050000 0.000000
vn -0.086603 -0.050000 0.000000
vn -0.093969 -0.034202 0.000000
vn -0.093969 -0.034202 0.000000
vn -0.098481 -0.017365 0.000000
vn -0.098481 -0.017365 0.000000
vn -0.100000 0.000000 -0.000000
vn -0.100000 0.000000 -0.000000
vn 0.000000 0.000000 0.100000
vn 0.000000 0.000000 0.100000
vn 0.000000 0.000000 0.100000
vn 0.000000 0.000000 0.100000
vn 0.000000 0.000000 0.100000
vn 0.000000 0.000000 0.100000
vn 0.000000 0.000000 0.100000
vn 0.000000 0.000000 0.100000
vn 0.000000 0.000000 0.100000
vn 0.000000 0.000000 0.100000
vn 0.000000 0.000000 0.100000
vn 0.000000 0.000000 0.100000
vn 0.000000 0.000000 0.100000
vn 0.000000 0.000000 0.100000
vn 0.000000 0.000000 0.100000
vn 0.000000 0.000000 0.100000
vn 0.000000 0.000000 0.100000
vn 0.000000 0.000000 0.100000
vn 0.000000 0.000000 0.100000
vn 0.000000 0.000000 0.100000
vn 0.000000 0.000000 0.100000
vn 0.000000 0.000000 0.100000
vn 0.000000 0.000000 0.100000
vn 0.000000 0.000000 0.100000
vn 0.000000 0.000000 0.100000
vn 0.000000 0.000000 0.100000
vn 0.000000 0.000000 0.100000
vn 0.000000 0.000000 0.100000
vn 0.000000 0.000000 0.100000
vn 0.000000 0.000000 0.100000
vn 0.000000 0.000000 0.100000
vn 0.000000 0.000000 0.100000
vn 0.000000 0.000000 0.100000
vn 0.000000 0.000000 0.100000
vn 0.000000 0.000000 0.100000
vn 0.000000 0.000000 0.100000
vn 0.000000 0.000000 0.100000
vn 0.000000 0.000000 0.100000
vn 0.000000 0.000000 0.100000
vn 0.000000 0.000000 0.100000
vn 0.000000 0.000000 0.100000
vn 0.000000 0.000000 0.100000
vn 0.000000 0.000000 0.100000
vn 0.000000 0.000000 0.100000
vn 0.000000 -0.100000 0.000000
vn 0.000000 -0.100000 0.000000
vn 0.100000 0.000000 0.000000
vn 0.100000 0.000000 0.000000
vn 0.098481 -0.017365 0.000000
vn 0.098481 -0.017365 0.000000
vn 0.093969 -0.034202 0.000000
vn 0.093969 -0.034202 0.000000
vn 0.086603 -0.050000 0.000000
vn 0.086603 -0.050000 0.000000
vn 0.076604 -0.064279 0.000000
vn 0.076604 -0.064279 0.000000
vn 0.064279 -0.076604 0.000000
vn 0.064279 -0.076604 0.000000
vn 0.050000 -0.086603 0.000000
vn 0.050000 -0.086603 0.000000
vn 0.034202 -0.093969 0.000000
vn 0.034202 -0.093969 0.000000
vn 0.017365 -0.098481 0.000000
vn 0.017365 -0.098481 0.000000
vn -0.100000 0.000000 -0.000000
vn -0.100000 0.000000 -0.000000
vn -0.098481 0.017365 -0.000000
vn -0.098481 0.017365 -0.000000
vn -0.093969 0.034202 -0.000000
vn -0.093969 0.034202 -0.000000
vn -0.086603 0.050000 -0.000000
vn -0.086603 0.050000 -0.000000
vn -0.076604 0.064279 -0.000000
vn -0.076604 0.064279 -0.000000
vn -0.064279 0.076604 -0.000000
vn -0.064279 0.076604 -0.000000
vn -0.050000 0.086603 -0.000000
vn -0.050000 0.086603 -0.000000
vn -0.034202 0.093969 -0.000000
vn -0.034202 0.093969 -0.000000
vn -0.017365 0.098481 -0.000000
vn -0.017365 0.098481 -0.000000
vn 0.000000 0.100000 0.000000
vn 0.000000 0.100000 0.000000
vn -0.000000 0.100000 -0.000000
vn -0.000000 0.100000 -0.000000
vn 0.017365 0.098481 0.000000
vn 0.017365 0.098481 0.000000
vn 0.034202 0.093969 0.000000
vn 0.034202 0.093969 0.000000
vn 0.050000 0.086603 0.000000
vn 0.050000 0.086603 0.000000
vn 0.064279 0.076604 0.000000
vn 0.064279 0.076604 0.000000
vn 0.076604 0.064279 0.000000
vn 0.076604 0.064279 0.000000
vn 0.086603 0.050000 0.000000
vn 0.086603 0.050000 0.000000
vn 0.093969 0.034202 0.000000
vn 0.093969 0.034202 0.000000
vn 0.098481 0.017365 0.000000
vn 0.098481 0.017365 0.000000
vn 0.100000 0.000000 0.000000
vn 0.100000 0.000000 0.000000
vn 0.100000 0.000000 0.000000
vn 0.100000 0.000000 0.000000
vn 0.100000 0.000000 0.000000
vn 0.100000 0.000000 0.000000
vn -0.000000 0.100000 -0.000000
vn -0.000000 0.100000 -0.000000
vn -0.000000 0.100000 -0.000000
vn -0.000000 0.100000 -0.000000
vn 0.000000 -0.100000 0.000000
vn 0.000000 -0.100000 0.000000
vn 0.000000 -0.100000 0.000000
vn 0.000000 -0.100000 0.000000
vn -0.100000 0.000000 0.000000
vn -0.100000 0.000000 0.000000
vn -0.100000 0.000000 0.000000
vn -0.100000 0.000000 0.000000
vn 0.000000 0.000000 0.100000
vn 0.000000 0.000000 0.100000
vn 0.000000 0.000000 0.100000
vn 0.000000 0.000000 0.100000
vn 0.000000 0.000000 0.100000
vn 0.000000 0.000000 0.100000
vn 0.000000 0.000000 0.100000
vn 0.000000 0.000000 0.100000
vn 0.000000 0.000000 0.100000
vn 0.000000 0.000000 0.100000
vn 0.000000 0.000000 0.100000
vn 0.000000 0.000000 0.100000
vn 0.000000 0.000000 0.100000
vn 0.000000 0.000000 0.100000
vn 0.000000 0.000000 0.100000
vn 0.000000 0.000000 0.100000
vn 0.000000 0.000000 0.100000
vn 0.000000 0.000000 0.100000
vn 0.000000 0.000000 0.100000
vn 0.000000 0.000000 0.100000
vn 0.000000 0.000000 0.100000
vn 0.000000 0.000000 0.100000
vn 0.000000 0.000000 0.100000
vn 0.000000 0.000000 0.100000
vn 0.000000 0.000000 0.100000
vn 0.000000 0.000000 0.100000
vn 0.000000 0.000000 0.100000
vn 0.000000 0.000000 0.100000
vn 0.000000 0.000000 0.100000
vn 0.000000 0.000000 0.100000
vn 0.000000 0.000000 0.100000
vn 0.000000 0.000000 0.100000
vn 0.000000 0.000000 0.100000
vn 0.000000 0.000000 0.100000
vn 0.000000 0.000000 0.100000
vn 0.000000 0.000000 0.100000
vn 0.000000 0.000000 0.100000
vn 0.000000 0.000000 0.100000
vn 0.000000 0.000000 0.100000
vn 0.000000 0.000000 0.100000
vn 0.000000 0.000000 0.100000
vn 0.000000 0.000000 0.100000
vn 0.000000 0.000000 0.100000
vn 0.000000 0.000000 0.100000
vn 0.000000 0.000000 0.100000
vn 0.000000 0.000000 0.100000
vn 0.000000 0.000000 0.100000
vn 0.000000 0.000000 0.100000
vn 0.000000 0.000000 0.100000
vn 0.000000 0.000000 0.100000
vn 0.000000 0.000000 0.100000
vn 0.000000 0.000000 0.100000
vn 0.000000 0.000000 0.100000
vn 0.000000 0.000000 0.100000
vn 0.000000 0.000000 0.100000
vn 0.000000 0.000000 0.100000
vn 0.000000 0.000000 0.100000
vn 0.000000 0.000000 0.100000
vn 0.000000 0.000000 0.100000
vn 0.000000 0.000000 0.100000
vn 0.000000 0.000000 0.100000
vn 0.000000 0.000000 0.100000
vn 0.000000 0.000000 0.100000
vn 0.000000 0.000000 0.100000
vn 0.000000 0.000000 0.100000
vn 0.000000 0.000000 0.100000
vn 0.000000 0.000000 0.100000
vn 0.000000 0.000000 0.100000
vn 0.000000 0.000000 0.100000
vn 0.000000 0.000000 0.100000
vn 0.000000 0.000000 0.100000
vn 0.000000 0.000000 0.100000
vn 0.000000 0.000000 0.100000
vn 0.000000 0.000000 0.100000
vn 0.000000 0.000000 0.100000
vn 0.000000 0.000000 0.100000
vn 0.000000 0.000000 0.100000
vn 0.000000 0.000000 0.100000
vn 0.000000 0.000000 0.100000
vn 0.000000 0.000000 0.100000
vn 0.000000 0.000000 0.100000
vn 0.000000 0.000000 0.100000
vn 0.000000 0.000000 0.100000
vn 0.000000 0.000000 0.100000
vn 0.000000 0.000000 0.100000
vn 0.000000 0.000000 0.100000
vn 0.000000 0.000000 0.100000
vn 0.000000 0.000000 0.100000
vn 0.000000 0.000000 0.100000
vn 0.000000 0.000000 0.100000
vn 0.000000 0.000000 0.100000
vn 0.000000 0.000000 0.100000
vn 0.000000 0.000000 -0.100000
vn 0.000000 0.000000 -0.100000
vn 0.000000 0.000000 -0.100000
vn 0.000000 0.000000 -0.100000
vn 0.000000 0.000000 -0.100000
vn 0.000000 0.000000 -0.100000
vn 0.000000 0.000000 -0.100000
vn 0.000000 0.000000 -0.100000
vn 0.000000 0.000000 -0.100000
vn 0.000000 0.000000 -0.100000
vn 0.000000 0.000000 -0.100000
vn 0.000000 0.000000 -0.100000
vn 0.000000 0.000000 -0.100000
vn 0.000000 0.000000 -0.100000
vn 0.000000 0.000000 -0.100000
vn 0.000000 0.000000 -0.100000
vn 0.000000 0.000000 -0.100000
vn 0.000000 0.000000 -0.100000
vn 0.000000 0.000000 -0.100000
vn 0.000000 0.000000 -0.100000
vn 0.000000 0.000000 -0.100000
vn 0.000000 0.000000 -0.100000
vn 0.000000 0.000000 -0.100000
vn 0.000000 0.000000 -0.100000
vn 0.000000 0.000000 -0.100000
vn 0.000000 0.000000 -0.100000
vn 0.000000 0.000000 -0.100000
vn 0.000000 0.000000 -0.100000
vn 0.000000 0.000000 -0.100000
vn 0.000000 0.000000 -0.100000
vn 0.000000 0.000000 -0.100000
vn 0.000000 0.000000 -0.100000
vn 0.000000 0.000000 -0.100000
vn 0.000000 0.000000 -0.100000
vn 0.000000 0.000000 -0.100000
vn 0.000000 0.000000 -0.100000
vn 0.000000 0.000000 -0.100000
vn 0.000000 0.000000 -0.100000
vn 0.000000 0.000000 -0.100000
vn 0.000000 0.000000 -0.100000
vn 0.000000 0.000000 -0.100000
vn 0.000000 0.000000 -0.100000
vn 0.000000 0.000000 -0.100000
vn 0.000000 0.000000 -0.100000
vn 0.000000 0.000000 -0.100000
vn 0.000000 0.000000 -0.100000
vn 0.000000 0.000000 -0.100000
vn 0.000000 0.000000 -0.100000
vn 0.000000 0.000000 -0.100000
vn 0.000000 0.000000 -0.100000
vn 0.000000 0.000000 -0.100000
vn 0.000000 0.000000 -0.100000
vn 0.000000 0.000000 -0.100000
vn 0.000000 0.000000 -0.100000
vn 0.000000 0.000000 -0.100000
vn 0.000000 0.000000 -0.100000
vn 0.000000 0.000000 -0.100000
vn 0.000000 0.000000 -0.100000
vn 0.000000 0.000000 -0.100000
vn 0.000000 0.000000 -0.100000
vn 0.000000 0.000000 -0.100000
vn 0.000000 0.000000 -0.100000
vn 0.000000 0.000000 -0.100000
vn 0.000000 0.000000 -0.100000
vn 0.000000 0.000000 -0.100000
vn 0.000000 0.000000 -0.100000
vn 0.000000 0.000000 -0.100000
vn 0.000000 0.000000 -0.100000
vn 0.000000 0.000000 -0.100000
vn 0.000000 0.000000 -0.100000
vn 0.000000 0.000000 -0.100000
vn 0.000000 0.000000 -0.100000
vn 0.000000 0.000000 -0.100000
vn 0.000000 0.000000 -0.100000
vn 0.000000 0.000000 -0.100000
vn 0.000000 0.000000 -0.100000
vn 0.000000 0.000000 -0.100000
vn 0.000000 0.000000 -0.100000
vn 0.000000 0.000000 -0.100000
vn 0.000000 0.000000 -0.100000
vn 0.000000 0.000000 -0.100000
vn 0.000000 0.000000 -0.100000
vn 0.000000 0.000000 -0.100000
vn 0.000000 0.000000 -0.100000
vn 0.000000 0.000000 -0.100000
vn 0.000000 0.000000 -0.100000
vn 0.000000 0.000000 -0.100000
vn 0.000000 0.000000 -0.100000
vn 0.000000 0.000000 -0.100000
vn 0.000000 0.000000 -0.100000
vn 0.000000 0.000000 -0.100000
vn 0.000000 0.000000 -0.100000
vn 0.000000 0.000000 -0.100000
vn 0.000000 0.000000 -0.100000
vn 0.000000 0.000000 -0.100000
vn 0.000000 0.000000 -0.100000
vn 0.000000 0.000000 -0.100000
vn 0.000000 0.000000 -0.100000
vn 0.000000 0.000000 -0.100000
vn 0.000000 0.000000 -0.100000
vn 0.000000 0.000000 -0.100000
vn 0.000000 0.000000 -0.100000
vn 0.000000 0.000000 -0.100000
vn 0.000000 0.000000 -0.100000
vn 0.000000 0.000000 -0.100000
vn 0.000000 0.000000 -0.100000
vn 0.000000 0.000000 -0.100000
vn 0.000000 0.000000 -0.100000
vn 0.000000 0.000000 -0.100000
vn 0.000000 0.000000 -0.100000
vn 0.000000 0.000000 -0.100000
vn 0.000000 0.000000 -0.100000
vn 0.000000 0.000000 -0.100000
vn 0.000000 0.000000 -0.100000
vn 0.000000 0.000000 -0.100000
vn 0.000000 0.000000 -0.100000
vn 0.000000 0.000000 -0.100000
vn 0.000000 0.000000 -0.100000
vn 0.000000 0.000000 -0.100000
vn 0.000000 0.000000 -0.100000
vn 0.000000 0.000000 -0.100000
vn 0.000000 0.000000 -0.100000
vn 0.000000 0.000000 -0.100000
vn 0.000000 0.000000 -0.100000
vn 0.000000 0.000000 -0.100000
vn 0.000000 0.000000 -0.100000
vn 0.000000 0.000000 -0.100000
vn 0.000000 0.000000 -0.100000
vn 0.000000 0.000000 -0.100000
vn 0.000000 0.000000 -0.100000
vn 0.000000 0.000000 -0.100000
vn 0.000000 0.000000 -0.100000
vn 0.000000 0.000000 -0.100000
vn 0.000000 0.000000 -0.100000
vn 0.000000 0.000000 -0.100000
vn 0.000000 0.000000 -0.100000
vn 0.000000 0.000000 -0.100000
vn 0.000000 0.000000 -0.100000
vn 0.000000 0.000000 -0.100000
vn 0.000000 0.000000 -0.100000
vn 0.000000 0.000000 -0.100000
vn 0.000000 0.000000 -0.100000
vn 0.000000 0.000000 -0.100000
vn 0.000000 0.000000 -0.100000
vn 0.000000 0.000000 -0.100000
vn 0.000000 0.000000 -0.100000
vn 0.000000 0.000000 -0.100000
vn 0.000000 0.000000 -0.100000
vn 0.000000 0.000000 -0.100000
vn 0.000000 0.000000 -0.100000
vn 0.000000 0.000000 -0.100000
vn 0.000000 0.000000 -0.100000
vn 0.000000 0.000000 -0.100000
vn 0.000000 0.000000 -0.100000
vn 0.000000 0.000000 -0.100000
vn 0.000000 0.000000 -0.100000
vn 0.000000 0.000000 -0.100000
vn 0.000000 0.000000 -0.100000
vn 0.000000 0.000000 -0.100000
vn 0.000000 0.000000 -0.100000
vn 0.000000 0.000000 -0.100000
vn 0.000000 0.000000 -0.100000
vn 0.000000 0.000000 -0.100000
vn 0.000000 0.000000 -0.100000
vn 0.000000 0.000000 -0.100000
vn 0.000000 0.000000 -0.100000
vn 0.000000 0.000000 -0.100000
vn 0.000000 0.000000 -0.100000
vn 0.000000 0.000000 -0.100000
vn 0.000000 0.000000 -0.100000
vn 0.000000 0.000000 -0.100000
vn 0.000000 0.000000 -0.100000
vn 0.000000 0.000000 -0.100000
vn 0.000000 0.000000 -0.100000
vn 0.000000 0.000000 -0.100000
vn 0.000000 0.000000 -0.100000
vn 0.000000 0.000000 -0.100000
vn 0.000000 0.000000 -0.100000
vn 0.000000 0.000000 -0.100000
vn 0.000000 0.000000 -0.100000
vn 0.000000 0.000000 -0.100000
vn 0.000000 0.000000 -0.100000
vn 0.000000 0.000000 -0.100000
vn 0.000000 0.000000 -0.100000
vn 0.000000 0.000000 -0.100000
vn 0.000000 0.000000 -0.100000
vn 0.000000 0.000000 -0.100000
vn 0.000000 0.000000 -0.100000
vn 0.000000 0.000000 -0.100000
vn 0.000000 0.000000 -0.100000
vn 0.000000 0.000000 -0.100000
vn 0.000000 0.000000 -0.100000
vn 0.000000 0.000000 -0.100000
vn 0.000000 0.000000 -0.100000
vn 0.000000 0.000000 -0.100000
vn 0.000000 0.000000 -0.100000
vn 0.000000 0.000000 -0.100000
vn 0.000000 0.000000 -0.100000
vn 0.000000 0.000000 -0.100000
vn 0.000000 0.000000 -0.100000
vn 0.000000 0.000000 -0.100000
vn 0.000000 0.000000 -0.100000
vn 0.000000 0.000000 -0.100000
vn 0.000000 0.000000 -0.100000
vn 0.000000 0.000000 -0.100000
vn 0.000000 0.000000 -0.100000
vn 0.000000 0.000000 -0.100000
vn 0.000000 0.000000 -0.100000
vn 0.000000 0.000000 -0.100000
vn 0.000000 0.000000 -0.100000
vn 0.000000 0.000000 -0.100000
vn 0.000000 0.000000 -0.100000
vn 0.000000 0.000000 -0.100000
vn 0.000000 0.000000 -0.100000
vn 0.000000 0.000000 -0.100000
vn 0.000000 0.000000 -0.100000
vn 0.000000 0.000000 -0.100000
vn 0.000000 0.000000 -0.100000
vn 0.000000 0.000000 -0.100000
vn 0.000000 0.000000 -0.100000
vn 0.000000 0.000000 -0.100000
vn 0.000000 0.000000 -0.100000
vn 0.000000 0.000000 -0.100000
vn 0.000000 0.000000 -0.100000
vn 0.000000 0.000000 -0.100000
vn 0.000000 0.000000 -0.100000
vn 0.000000 0.000000 -0.100000
vn 0.000000 0.000000 -0.100000
vn 0.000000 0.000000 -0.100000
vn 0.000000 0.000000 -0.100000
vn 0.000000 0.000000 -0.100000
vn 0.000000 0.000000 -0.100000
vn 0.000000 0.000000 -0.100000
vn 0.000000 0.000000 -0.100000
vn 0.000000 0.000000 -0.100000
vn 0.000000 0.000000 -0.100000
vn 0.000000 0.000000 -0.100000
vn 0.000000 0.000000 -0.100000
vn 0.000000 0.000000 -0.100000
vn 0.000000 0.000000 -0.100000
vn 0.000000 0.000000 -0.100000
vn 0.000000 0.000000 -0.100000
vn 0.000000 0.000000 -0.100000
vn 0.000000 0.000000 -0.100000
vn 0.000000 0.000000 -0.100000
vn 0.000000 0.000000 -0.100000
vn 0.000000 0.000000 -0.100000
vn 0.000000 0.000000 -0.100000
vn 0.000000 0.000000 -0.100000
vn 0.000000 0.000000 -0.100000
vn 0.000000 0.000000 -0.100000
vn 0.000000 0.000000 -0.100000
vn 0.000000 0.000000 -0.100000
vn 0.000000 0.000000 -0.100000
vn 0.000000 0.000000 -0.100000
vn 0.000000 0.000000 -0.100000
vn 0.000000 0.000000 -0.100000
vn 0.000000 0.000000 -0.100000
vn 0.000000 0.000000 -0.100000
vn 0.000000 0.000000 -0.100000
vn 0.000000 0.000000 -0.100000
vn 0.000000 0.000000 -0.100000
vn 0.000000 0.000000 -0.100000
vn 0.000000 0.000000 -0.100000
vn 0.000000 0.000000 -0.100000
vn 0.000000 0.000000 -0.100000
vn 0.000000 0.000000 -0.100000
vn 0.000000 0.000000 -0.100000
vn 0.000000 0.000000 -0.100000
vn 0.000000 0.000000 -0.100000
vn 0.000000 0.000000 -0.100000
vn 0.000000 0.000000 -0.100000
vn 0.000000 0.000000 -0.100000
vn 0.000000 0.000000 -0.100000
vn 0.000000 0.000000 -0.100000
vn 0.000000 0.000000 -0.100000
vn 0.000000 0.000000 -0.100000
vn 0.000000 0.000000 -0.100000
vn 0.000000 0.000000 -0.100000
vn 0.000000 0.000000 -0.100000
vn 0.000000 0.000000 -0.100000
vn 0.000000 0.000000 -0.100000
vn 0.000000 0.000000 -0.100000
vn 0.000000 0.000000 -0.100000
vn 0.000000 0.000000 -0.100000
vn 0.000000 0.000000 -0.100000
vn 0.000000 0.000000 -0.100000
vn 0.000000 0.000000 -0.100000
vn 0.000000 0.000000 -0.100000
vn 0.000000 0.000000 -0.100000
vn 0.000000 0.000000 -0.100000
vn 0.000000 0.000000 -0.100000
vn 0.000000 0.000000 -0.100000
vn 0.000000 0.000000 -0.100000
vn 0.000000 0.000000 -0.100000
vn 0.000000 0.000000 -0.100000
vn 0.000000 0.000000 -0.100000
vn 0.000000 0.000000 -0.100000
vn 0.000000 0.000000 -0.100000
vn 0.000000 0.000000 -0.100000
vn 0.000000 0.000000 -0.100000
vn 0.000000 0.000000 -0.100000
vn 0.000000 0.000000 -0.100000
vn 0.000000 0.000000 -0.100000
vn 0.000000 0.000000 -0.100000
vn 0.000000 0.000000 -0.100000
vn 0.000000 0.000000 -0.100000
vn 0.000000 0.000000 -0.100000
vn 0.000000 0.000000 -0.100000
vn 0.000000 0.000000 -0.100000
vn 0.000000 0.000000 -0.100000
vn 0.000000 0.000000 -0.100000
vn 0.000000 0.000000 -0.100000
vn 0.000000 0.000000 -0.100000
vn 0.000000 0.000000 -0.100000
vn -0.000000 0.100000 -0.000000
vn -0.000000 0.100000 -0.000000
vn -0.000000 0.100000 -0.000000
vn -0.000000 0.100000 -0.000000
vn -0.000000 0.100000 -0.000000
vn 0.100000 0.000000 0.000000
vn 0.100000 0.000000 0.000000
vn 0.100000 0.000000 0.000000
vn 0.100000 0.000000 0.000000
vn 0.000000 -0.100000 0.000000
vn 0.000000 -0.100000 0.000000
vn 0.000000 -0.100000 0.000000
vn 0.000000 -0.100000 0.000000
vn 0.000000 -0.100000 0.000000
vn -0.100000 0.000000 0.000000
vn -0.100000 0.000000 0.000000
vn -0.100000 0.000000 0.000000
vn -0.100000 0.000000 0.000000
vn 0.100000 0.000000 0.000000
vn 0.100000 0.000000 0.000000
vn 0.100000 0.000000 0.000000
vn 0.100000 0.000000 0.000000
vn 0.000000 0.000000 -0.100000
vn 0.000000 0.000000 -0.100000
vn 0.000000 0.000000 -0.100000
vn 0.000000 0.000000 -0.100000
vn 0.000000 0.000000 -0.100000
vn 0.000000 0.000000 -0.100000
vn 0.000000 0.000000 -0.100000
vn 0.000000 0.000000 -0.100000
vn 0.000000 0.000000 -0.100000
vn 0.000000 0.000000 -0.100000
vn 0.000000 0.000000 -0.100000
vn 0.000000 0.000000 -0.100000
vn 0.000000 0.000000 -0.100000
vn 0.000000 0.000000 -0.100000
vn 0.000000 0.000000 -0.100000
vn 0.000000 0.000000 -0.100000
vn 0.000000 0.000000 -0.100000
vn 0.000000 0.000000 -0.100000
vn 0.000000 0.000000 -0.100000
vn 0.000000 0.000000 -0.100000
vn 0.000000 0.000000 -0.100000
vn 0.000000 0.000000 -0.100000
vn 0.000000 0.000000 -0.100000
vn 0.000000 0.000000 -0.100000
vn 0.000000 0.000000 -0.100000
vn 0.000000 0.000000 -0.100000
vn 0.000000 0.000000 -0.100000
vn 0.000000 0.000000 -0.100000
vn 0.000000 0.000000 -0.100000
vn 0.000000 0.000000 -0.100000
vn 0.000000 0.000000 -0.100000
vn 0.000000 0.000000 -0.100000
vn 0.000000 0.000000 -0.100000
vn 0.000000 0.000000 -0.100000
vn 0.000000 0.000000 -0.100000
vn 0.000000 0.000000 -0.100000
vn 0.000000 0.000000 -0.100000
vn 0.000000 0.000000 -0.100000
vn 0.000000 0.000000 -0.100000
vn 0.000000 0.000000 -0.100000
vn 0.000000 0.000000 -0.100000
vn 0.000000 0.000000 -0.100000
vn 0.000000 0.000000 -0.100000
vn 0.000000 0.000000 -0.100000
vn 0.000000 0.000000 -0.100000
vn 0.000000 0.000000 -0.100000
vn 0.000000 0.000000 -0.100000
vn 0.000000 0.000000 -0.100000
vn 0.000000 0.000000 -0.100000
vn 0.000000 0.000000 -0.100000
vn 0.000000 0.000000 -0.100000
vn 0.000000 0.000000 -0.100000
vn 0.000000 0.000000 -0.100000
vn 0.000000 0.000000 -0.100000
vn 0.000000 0.000000 -0.100000
vn 0.000000 0.000000 -0.100000
vn 0.000000 -0.100000 0.000000
vn 0.000000 -0.100000 0.000000
vn 0.000000 -0.100000 0.000000
vn 0.000000 -0.100000 0.000000
vn -0.100000 0.000000 0.000000
vn -0.100000 0.000000 0.000000
vn -0.100000 0.000000 0.000000
vn -0.100000 0.000000 0.000000
vn -0.000000 0.100000 -0.000000
vn -0.000000 0.100000 -0.000000
vn -0.000000 0.100000 -0.000000
vn -0.000000 0.100000 -0.000000
vn 0.100000 0.000000 0.000000
vn 0.100000 0.000000 0.000000
vn 0.100000 0.000000 0.000000
vn 0.100000 0.000000 0.000000
vn -0.000000 0.100000 -0.000000
vn -0.000000 0.100000 -0.000000
vn -0.000000 0.100000 -0.000000
vn -0.000000 0.100000 -0.000000
vn 0.000000 -0.100000 0.000000
vn 0.000000 -0.100000 0.000000
vn 0.000000 -0.100000 0.000000
vn 0.000000 -0.100000 0.000000
vn -0.100000 0.000000 0.000000
vn -0.100000 0.000000 0.000000
vn -0.100000 0.000000 0.000000
vn -0.100000 0.000000 0.000000
vn 0.000000 0.000000 -0.100000
vn 0.000000 0.000000 -0.100000
vn 0.000000 0.000000 -0.100000
vn 0.000000 0.000000 -0.100000
vn 0.000000 0.000000 -0.100000
vn 0.000000 0.000000 -0.100000
vn 0.000000 0.000000 -0.100000
vn 0.000000 0.000000 -0.100000
vn 0.000000 0.000000 0.100000
vn 0.000000 0.000000 0.100000
vn 0.000000 0.000000 0.100000
vn 0.000000 0.000000 0.100000
vn 0.000000 0.000000 0.100000
vn 0.000000 0.000000 0.100000
vn 0.000000 0.000000 0.100000
vn 0.000000 0.000000 0.100000
vn 0.000000 -0.100000 0.000000
vn 0.000000 -0.100000 0.000000
vn 0.000000 -0.100000 0.000000
vn 0.000000 -0.100000 0.000000
vn 0.100000 0.000000 0.000000
vn 0.100000 0.000000 0.000000
vn 0.100000 0.000000 0.000000
vn 0.100000 0.000000 0.000000
vn 0.000000 -0.100000 0.000000
vn 0.000000 -0.100000 0.000000
vn 0.000000 -0.100000 0.000000
vn 0.000000 -0.100000 0.000000
vn 0.000000 0.100000 0.000000
vn 0.000000 0.100000 0.000000
vn 0.000000 0.100000 0.000000
vn 0.000000 0.100000 0.000000
vn -0.013053 0.099144 -0.000000
vn -0.013053 0.099144 -0.000000
vn -0.013053 0.099144 -0.000000
vn -0.013053 0.099144 -0.000000
vn -0.025882 0.096593 -0.000000
vn -0.025882 0.096593 -0.000000
vn -0.038268 0.092388 -0.000000
vn -0.038268 0.092388 -0.000000
vn -0.050000 0.086603 -0.000000
vn -0.050000 0.086603 -0.000000
vn -0.060876 0.079335 -0.000000
vn -0.060876 0.079335 -0.000000
vn -0.070711 0.070711 -0.000000
vn -0.070711 0.070711 -0.000000
vn -0.079335 0.060876 -0.000000
vn -0.079335 0.060876 -0.000000
vn -0.086603 0.050000 -0.000000
vn -0.086603 0.050000 -0.000000
vn -0.092388 0.038268 -0.000000
vn -0.092388 0.038268 -0.000000
vn -0.096593 0.025882 -0.000000
vn -0.096593 0.025882 -0.000000
vn -0.099144 0.013053 -0.000000
vn -0.099144 0.013053 -0.000000
vn -0.100000 0.000000 0.000000
vn -0.099144 0.013053 -0.000000
vn -0.100000 0.000000 0.000000
vn -0.099144 0.013053 -0.000000
vn -0.096593 0.025882 -0.000000
vn -0.096593 0.025882 -0.000000
vn -0.092388 0.038268 -0.000000
vn -0.092388 0.038268 -0.000000
vn -0.086603 0.050000 -0.000000
vn -0.086603 0.050000 -0.000000
vn -0.079335 0.060876 -0.000000
vn -0.079335 0.060876 -0.000000
vn -0.070711 0.070711 -0.000000
vn -0.070711 0.070711 -0.000000
vn -0.060876 0.079335 -0.000000
vn -0.060876 0.079335 -0.000000
vn -0.050000 0.086603 -0.000000
vn -0.050000 0.086603 -0.000000
vn -0.038268 0.092388 -0.000000
vn -0.038268 0.092388 -0.000000
vn -0.025882 0.096593 -0.000000
vn -0.025882 0.096593 -0.000000
vn -0.100000 0.000000 0.000000
vn -0.100000 0.000000 0.000000
vn -0.099144 -0.013053 0.000000
vn -0.099144 -0.013053 0.000000
vn -0.099144 -0.013053 0.000000
vn -0.099144 -0.013053 0.000000
vn -0.096593 -0.025882 0.000000
vn -0.096593 -0.025882 0.000000
vn -0.092388 -0.038268 0.000000
vn -0.092388 -0.038268 0.000000
vn -0.086603 -0.050000 0.000000
vn -0.086603 -0.050000 0.000000
vn -0.079335 -0.060876 0.000000
vn -0.079335 -0.060876 0.000000
vn -0.070711 -0.070711 0.000000
vn -0.070711 -0.070711 0.000000
vn -0.060876 -0.079335 0.000000
vn -0.060876 -0.079335 0.000000
vn -0.050000 -0.086603 0.000000
vn -0.050000 -0.086603 0.000000
vn -0.038268 -0.092388 0.000000
vn -0.038268 -0.092388 0.000000
vn -0.025882 -0.096593 0.000000
vn -0.025882 -0.096593 0.000000
vn -0.013053 -0.099144 0.000000
vn -0.013053 -0.099144 0.000000
vn -0.013053 -0.099144 0.000000
vn -0.013053 -0.099144 0.000000
vn -0.025882 -0.096593 0.000000
vn -0.025882 -0.096593 0.000000
vn -0.038268 -0.092388 0.000000
vn -0.038268 -0.092388 0.000000
vn -0.050000 -0.086603 0.000000
vn -0.050000 -0.086603 0.000000
vn -0.060876 -0.079335 0.000000
vn -0.060876 -0.079335 0.000000
vn -0.070711 -0.070711 0.000000
vn -0.070711 -0.070711 0.000000
vn -0.079335 -0.060876 0.000000
vn -0.079335 -0.060876 0.000000
vn -0.086603 -0.050000 0.000000
vn -0.086603 -0.050000 0.000000
vn -0.092388 -0.038268 0.000000
vn -0.092388 -0.038268 0.000000
vn -0.096593 -0.025882 0.000000
vn -0.096593 -0.025882 0.000000
vn 0.000000 0.000000 0.100000
vn 0.000000 0.000000 0.100000
vn 0.000000 0.000000 0.100000
vn 0.000000 0.000000 0.100000
vn 0.000000 0.000000 0.100000
vn 0.000000 0.000000 0.100000
vn 0.000000 0.000000 0.100000
vn 0.000000 0.000000 0.100000
vn 0.000000 0.000000 0.100000
vn 0.000000 0.000000 0.100000
vn 0.000000 0.000000 0.100000
vn 0.000000 0.000000 0.100000
vn 0.000000 0.000000 0.100000
vn 0.000000 0.000000 0.100000
vn 0.000000 0.000000 0.100000
vn 0.000000 0.000000 0.100000
vn 0.000000 0.000000 0.100000
vn 0.000000 0.000000 0.100000
vn 0.000000 0.000000 0.100000
vn 0.000000 0.000000 0.100000
vn 0.000000 0.000000 0.100000
vn 0.000000 0.000000 0.100000
vn 0.000000 0.000000 0.100000
vn 0.000000 0.000000 0.100000
vn 0.000000 0.000000 0.100000
vn 0.000000 0.000000 0.100000
vn 0.000000 0.000000 0.100000
vn 0.000000 0.000000 0.100000
vn 0.000000 0.000000 0.100000
vn 0.000000 0.000000 0.100000
vn 0.000000 0.000000 0.100000
vn 0.000000 0.000000 0.100000
vn 0.000000 0.000000 0.100000
vn 0.000000 0.000000 0.100000
vn 0.000000 0.000000 0.100000
vn 0.000000 0.000000 0.100000
vn 0.000000 0.000000 0.100000
vn 0.000000 0.000000 0.100000
vn 0.000000 0.000000 0.100000
vn 0.000000 0.000000 0.100000
vn 0.000000 0.000000 0.100000
vn 0.000000 0.000000 0.100000
vn 0.000000 0.000000 0.100000
vn 0.000000 0.000000 0.100000
vn 0.000000 0.000000 0.100000
vn 0.000000 0.000000 0.100000
vn 0.000000 0.000000 0.100000
vn 0.000000 0.000000 0.100000
vn 0.000000 0.000000 0.100000
vn 0.000000 0.000000 0.100000
vn 0.000000 0.000000 0.100000
vn 0.000000 0.000000 0.100000
vn 0.000000 0.000000 0.100000
vn 0.000000 0.000000 0.100000
vn 0.000000 0.000000 0.100000
vn 0.000000 0.000000 0.100000
vn 0.000000 0.000000 0.100000
vn 0.000000 0.000000 0.100000
vn 0.000000 0.000000 0.100000
vn 0.000000 0.000000 0.100000
vn 0.000000 0.000000 0.100000
vn 0.000000 0.000000 0.100000
vn 0.000000 0.000000 0.100000
vn 0.000000 0.000000 0.100000
vn 0.000000 0.000000 0.100000
vn 0.000000 0.000000 0.100000
vn 0.000000 0.000000 0.100000
vn 0.000000 0.000000 0.100000
vn 0.000000 0.000000 0.100000
vn 0.000000 0.000000 0.100000
vn 0.000000 0.000000 0.100000
vn 0.000000 0.000000 0.100000
vn 0.000000 0.000000 0.100000
vn 0.000000 0.000000 0.100000
vn 0.000000 0.000000 0.100000
vn 0.000000 0.000000 0.100000
vn 0.000000 0.000000 0.100000
vn 0.000000 0.000000 0.100000
vn 0.000000 0.000000 0.100000
vn 0.000000 0.000000 0.100000
vn 0.000000 0.000000 0.100000
vn 0.000000 0.000000 0.100000
vn 0.000000 0.000000 0.100000
vn 0.000000 0.000000 0.100000
vn 0.000000 0.000000 0.100000
vn 0.000000 0.000000 0.100000
vn 0.000000 0.000000 0.100000
vn 0.000000 0.000000 0.100000
vn 0.000000 0.000000 0.100000
vn 0.000000 0.000000 0.100000
vn 0.000000 0.000000 0.100000
vn 0.000000 0.000000 0.100000
vn 0.000000 0.000000 0.100000
vn 0.000000 0.000000 0.100000
vn 0.000000 0.000000 0.100000
vn 0.000000 0.000000 0.100000
vn 0.000000 0.000000 0.100000
vn 0.000000 0.000000 0.100000
vn 0.000000 0.000000 0.100000
vn 0.000000 0.000000 0.100000
vn 0.000000 0.000000 0.100000
vn 0.000000 0.000000 0.100000
vn 0.000000 0.000000 0.100000
vn 0.000000 0.000000 0.100000
vn 0.000000 0.000000 0.100000
vn 0.000000 0.000000 0.100000
vn 0.000000 0.000000 0.100000
vn 0.000000 0.000000 0.100000
vn 0.000000 0.000000 0.100000
vn 0.000000 0.000000 0.100000
vn 0.000000 0.000000 0.100000
vn 0.000000 0.000000 0.100000
vn 0.000000 0.000000 0.100000
vn 0.000000 0.000000 0.100000
vn 0.000000 0.000000 0.100000
vn 0.000000 0.000000 0.100000
vn 0.000000 0.000000 0.100000
vn 0.000000 0.000000 0.100000
vn 0.000000 0.000000 0.100000
vn 0.000000 0.000000 0.100000
vn 0.000000 0.000000 0.100000
vn 0.000000 0.000000 0.100000
vn 0.000000 0.000000 0.100000
vn 0.000000 0.000000 0.100000
vn 0.000000 0.000000 0.100000
vn 0.000000 0.000000 0.100000
vn 0.000000 0.000000 0.100000
vn 0.000000 0.000000 0.100000
vn 0.000000 0.000000 0.100000
vn 0.000000 0.000000 0.100000
vn 0.000000 0.000000 0.100000
vn 0.000000 0.000000 0.100000
vn 0.000000 0.000000 0.100000
vn 0.000000 0.000000 0.100000
vn 0.000000 0.000000 0.100000
vn 0.000000 0.000000 0.100000
vn 0.000000 0.000000 0.100000
vn 0.000000 0.000000 0.100000
vn 0.000000 0.000000 0.100000
vn 0.000000 0.000000 0.100000
vn 0.000000 0.000000 0.100000
vn 0.000000 0.000000 0.100000
vn 0.000000 0.000000 0.100000
vn 0.000000 0.000000 0.100000
vn 0.000000 0.000000 0.100000
vn 0.000000 0.000000 0.100000
vn 0.000000 0.000000 0.100000
vn 0.000000 0.000000 0.100000
vn 0.000000 0.000000 0.100000
vn 0.000000 0.000000 0.100000
vn 0.000000 0.000000 0.100000
vn 0.000000 0.000000 0.100000
vn 0.000000 0.000000 0.100000
vn 0.000000 0.000000 0.100000
vn 0.000000 0.000000 0.100000
vn 0.000000 0.000000 0.100000
vn 0.000000 0.000000 0.100000
vn 0.000000 0.000000 0.100000
vn 0.000000 0.000000 0.100000
vn 0.000000 0.000000 0.100000
vn 0.000000 0.000000 0.100000
vn 0.000000 0.000000 0.100000
vn 0.000000 0.000000 0.100000
vn 0.000000 0.000000 0.100000
vn 0.000000 0.000000 0.100000
vn 0.000000 0.000000 0.100000
vn 0.000000 0.000000 0.100000
vn 0.000000 0.000000 0.100000
vn 0.000000 0.000000 0.100000
vn 0.000000 0.000000 0.100000
vn 0.000000 0.000000 0.100000
vn 0.000000 0.000000 0.100000
vn 0.000000 0.000000 0.100000
vn 0.000000 0.000000 0.100000
vn 0.000000 0.000000 0.100000
vn 0.000000 0.000000 0.100000
vn 0.000000 0.000000 0.100000
vn 0.000000 0.000000 0.100000
vn 0.000000 0.000000 0.100000
vn 0.000000 0.000000 0.100000
vn 0.000000 0.000000 0.100000
vn 0.000000 0.000000 0.100000
vn 0.000000 0.000000 0.100000
vn 0.000000 0.000000 0.100000
vn 0.000000 0.000000 0.100000
vn 0.000000 0.000000 0.100000
vn 0.000000 0.000000 0.100000
vn 0.000000 0.000000 0.100000
vn 0.000000 0.000000 0.100000
vn 0.000000 0.000000 0.100000
vn 0.000000 0.000000 0.100000
vn 0.000000 0.000000 0.100000
vn 0.000000 0.000000 0.100000
vn 0.000000 0.000000 0.100000
vn 0.000000 0.000000 0.100000
vn 0.000000 0.000000 0.100000
vn 0.000000 0.000000 0.100000
vn 0.000000 0.000000 0.100000
vn 0.000000 0.000000 0.100000
vn 0.000000 0.000000 0.100000
vn 0.000000 0.000000 0.100000
vn 0.000000 0.000000 0.100000
vn 0.000000 0.000000 0.100000
vn 0.000000 0.000000 0.100000
vn 0.000000 0.000000 0.100000
vn 0.000000 0.000000 0.100000
vn 0.000000 0.000000 0.100000
vn 0.000000 0.000000 0.100000
vn 0.000000 0.000000 0.100000
vn 0.000000 0.000000 0.100000
vn 0.000000 0.000000 0.100000
vn 0.000000 0.000000 0.100000
vn 0.000000 0.000000 0.100000
vn 0.000000 0.000000 0.100000
vn 0.000000 0.000000 0.100000
vn 0.000000 0.000000 0.100000
vn 0.000000 0.000000 0.100000
vn 0.000000 0.000000 0.100000
vn 0.000000 0.000000 0.100000
vn 0.000000 0.000000 0.100000
vn 0.000000 0.000000 0.100000
vn 0.000000 0.000000 0.100000
vn 0.000000 0.000000 0.100000
vn 0.000000 0.000000 0.100000
vn 0.000000 0.000000 0.100000
vn 0.000000 0.000000 0.100000
vn 0.000000 0.000000 0.100000
vn 0.000000 0.000000 0.100000
vn 0.000000 0.000000 0.100000
vn 0.000000 0.000000 0.100000
vn 0.000000 0.000000 0.100000
vn 0.000000 0.000000 0.100000
vn 0.000000 0.000000 0.100000
vn 0.000000 0.000000 0.100000
vn 0.000000 0.000000 0.100000
vn 0.000000 0.000000 0.100000
vn 0.000000 0.000000 0.100000
vn 0.000000 0.000000 0.100000
vn 0.000000 0.000000 0.100000
vn 0.000000 0.000000 0.100000
vn 0.000000 0.000000 0.100000
vn 0.000000 0.000000 0.100000
vn 0.000000 0.000000 0.100000
vn 0.000000 0.000000 0.100000
vn 0.000000 0.000000 0.100000
vn 0.000000 0.000000 0.100000
vn 0.000000 0.000000 0.100000
vn 0.000000 0.000000 0.100000
vn 0.000000 0.000000 0.100000
vn 0.000000 0.000000 0.100000
vn 0.000000 0.000000 0.100000
vn 0.000000 0.000000 0.100000
vn 0.000000 0.000000 0.100000
vn 0.000000 0.000000 0.100000
vn 0.000000 0.000000 0.100000
vn 0.000000 0.000000 0.100000
vn 0.000000 0.000000 0.100000
vn 0.000000 0.000000 0.100000
vn 0.000000 0.000000 0.100000
vn 0.000000 0.000000 0.100000
vn 0.000000 0.000000 0.100000
vn 0.000000 0.000000 0.100000
vn 0.000000 0.000000 0.100000
vn 0.000000 0.000000 0.100000
vn 0.000000 0.000000 0.100000
vn 0.000000 0.000000 0.100000
vn 0.000000 0.000000 0.100000
vn 0.000000 0.000000 0.100000
vn 0.000000 0.000000 0.100000
vn 0.000000 0.000000 0.100000
vn 0.000000 0.000000 0.100000
vn 0.000000 0.000000 0.100000
vn 0.000000 0.000000 0.100000
vn 0.000000 0.000000 0.100000
vn 0.000000 0.000000 0.100000
vn 0.000000 0.000000 0.100000
vn 0.000000 0.000000 0.100000
vn 0.000000 0.000000 0.100000
vn 0.000000 0.000000 0.100000
vn 0.000000 0.000000 0.100000
vn 0.000000 0.000000 0.100000
vn 0.000000 0.000000 0.100000
vn 0.000000 0.000000 0.100000
vn 0.000000 0.000000 0.100000
vn 0.000000 0.000000 0.100000
vn 0.000000 0.000000 0.100000
vn 0.000000 0.000000 0.100000
vn 0.000000 0.000000 0.100000
vn 0.000000 0.000000 0.100000
vn 0.000000 0.000000 0.100000
vn 0.000000 0.000000 0.100000
vn 0.000000 0.000000 0.100000
vn 0.000000 0.000000 0.100000
vn 0.000000 0.000000 0.100000
vn 0.000000 0.000000 0.100000
vn 0.000000 0.000000 0.100000
vn 0.000000 0.000000 0.100000
vn 0.000000 0.000000 0.100000
vn 0.000000 0.000000 0.100000
vn 0.000000 0.000000 0.100000
vn 0.000000 0.000000 0.100000
vn 0.000000 0.000000 0.100000
vn 0.000000 0.000000 0.100000
vn 0.000000 0.000000 0.100000
vn 0.000000 0.000000 0.100000
vn 0.000000 0.000000 0.100000
vn 0.000000 0.000000 0.100000
vn 0.000000 0.000000 0.100000
vn 0.000000 0.000000 0.100000
vn 0.000000 0.000000 0.100000
vn 0.000000 0.000000 0.100000
vn 0.000000 0.000000 0.100000
vn 0.000000 0.000000 0.100000
vn 0.099027 -0.013917 0.000000
vn 0.099027 -0.013917 0.000000
vn 0.100000 -0.000000 0.000000
vn 0.100000 -0.000000 0.000000
vn 0.099027 0.013917 0.000000
vn 0.099027 0.013917 0.000000
vn 0.096126 0.027564 0.000000
vn 0.096126 -0.027564 0.000000
vn 0.096126 -0.027564 0.000000
vn 0.091355 -0.040674 0.000000
vn 0.091355 -0.040674 0.000000
vn 0.084805 -0.052992 0.000000
vn 0.084805 -0.052992 0.000000
vn 0.076604 -0.064279 0.000000
vn 0.076604 -0.064279 0.000000
vn 0.066913 -0.074314 0.000000
vn 0.066913 -0.074314 0.000000
vn 0.055919 -0.082904 0.000000
vn 0.055919 -0.082904 0.000000
vn 0.043837 -0.089879 0.000000
vn 0.043837 -0.089879 0.000000
vn 0.030902 -0.095106 0.000000
vn 0.030902 -0.095106 0.000000
vn 0.017365 -0.098481 0.000000
vn 0.017365 -0.098481 0.000000
vn 0.003490 -0.099939 0.000000
vn 0.003490 -0.099939 0.000000
vn -0.010453 -0.099452 0.000000
vn -0.010453 -0.099452 0.000000
vn -0.024192 -0.097030 0.000000
vn -0.024192 -0.097030 0.000000
vn -0.037461 -0.092718 0.000000
vn -0.037461 -0.092718 0.000000
vn -0.050000 -0.086603 0.000000
vn -0.050000 -0.086603 0.000000
vn -0.061566 -0.078801 0.000000
vn -0.061566 -0.078801 0.000000
vn -0.071934 -0.069466 0.000000
vn -0.071934 -0.069466 0.000000
vn -0.080902 -0.058779 0.000000
vn -0.080902 -0.058779 0.000000
vn -0.088295 -0.046947 0.000000
vn -0.088295 -0.046947 0.000000
vn -0.093969 -0.034202 0.000000
vn -0.093969 -0.034202 0.000000
vn -0.097815 -0.020791 0.000000
vn -0.097815 -0.020791 0.000000
vn -0.099756 -0.006976 0.000000
vn -0.099756 -0.006976 0.000000
vn -0.099756 0.006976 0.000000
vn -0.099756 0.006976 0.000000
vn -0.097815 0.020791 0.000000
vn -0.097815 0.020791 0.000000
vn -0.093969 0.034202 0.000000
vn -0.093969 0.034202 0.000000
vn -0.088295 0.046947 0.000000
vn -0.088295 0.046947 0.000000
vn -0.080902 0.058779 0.000000
vn -0.080902 0.058779 0.000000
vn -0.071934 0.069466 0.000000
vn -0.071934 0.069466 0.000000
vn -0.061566 0.078801 0.000000
vn -0.061566 0.078801 0.000000
vn -0.050000 0.086603 0.000000
vn -0.050000 0.086603 0.000000
vn -0.037461 0.092718 0.000000
vn -0.037461 0.092718 0.000000
vn -0.024192 0.097030 0.000000
vn -0.024192 0.097030 0.000000
vn -0.010453 0.099452 0.000000
vn -0.010453 0.099452 0.000000
vn 0.003490 0.099939 0.000000
vn 0.003490 0.099939 0.000000
vn 0.017365 0.098481 0.000000
vn 0.017365 0.098481 0.000000
vn 0.030902 0.095106 0.000000
vn 0.030902 0.095106 0.000000
vn 0.043837 0.089879 0.000000
vn 0.043837 0.089879 0.000000
vn 0.055919 0.082904 0.000000
vn 0.055919 0.082904 0.000000
vn 0.066913 0.074314 0.000000
vn 0.066913 0.074314 0.000000
vn 0.076604 0.064279 0.000000
vn 0.076604 0.064279 0.000000
vn 0.084805 0.052992 0.000000
vn 0.084805 0.052992 0.000000
vn 0.091355 0.040674 0.000000
vn 0.091355 0.040674 0.000000
vn 0.096126 0.027564 0.000000
vn 0.099027 -0.013917 0.000000
vn 0.099027 -0.013917 0.000000
vn 0.100000 -0.000000 0.000000
vn 0.100000 -0.000000 0.000000
vn 0.099027 0.013917 0.000000
vn 0.099027 0.013917 0.000000
vn 0.096126 0.027564 0.000000
vn 0.096126 -0.027564 0.000000
vn 0.096126 -0.027564 0.000000
vn 0.091355 -0.040674 0.000000
vn 0.091355 -0.040674 0.000000
vn 0.084805 -0.052992 0.000000
vn 0.084805 -0.052992 0.000000
vn 0.076604 -0.064279 0.000000
vn 0.076604 -0.064279 0.000000
vn 0.066913 -0.074314 0.000000
vn 0.066913 -0.074314 0.000000
vn 0.055919 -0.082904 0.000000
vn 0.055919 -0.082904 0.000000
vn 0.043837 -0.089879 0.000000
vn 0.043837 -0.089879 0.000000
vn 0.030902 -0.095106 0.000000
vn 0.030902 -0.095106 0.000000
vn 0.017365 -0.098481 0.000000
vn 0.017365 -0.098481 0.000000
vn 0.003490 -0.099939 0.000000
vn 0.003490 -0.099939 0.000000
vn -0.010453 -0.099452 0.000000
vn -0.010453 -0.099452 0.000000
vn -0.024192 -0.097030 0.000000
vn -0.024192 -0.097030 0.000000
vn -0.037461 -0.092718 0.000000
vn -0.037461 -0.092718 0.000000
vn -0.050000 -0.086603 0.000000
vn -0.050000 -0.086603 0.000000
vn -0.061566 -0.078801 0.000000
vn -0.061566 -0.078801 0.000000
vn -0.071934 -0.069466 0.000000
vn -0.071934 -0.069466 0.000000
vn -0.080902 -0.058779 0.000000
vn -0.080902 -0.058779 0.000000
vn -0.088295 -0.046947 0.000000
vn -0.088295 -0.046947 0.000000
vn -0.093969 -0.034202 0.000000
vn -0.093969 -0.034202 0.000000
vn -0.097815 -0.020791 0.000000
vn -0.097815 -0.020791 0.000000
vn -0.099756 -0.006976 0.000000
vn -0.099756 -0.006976 0.000000
vn -0.099756 0.006976 0.000000
vn -0.099756 0.006976 0.000000
vn -0.097815 0.020791 0.000000
vn -0.097815 0.020791 0.000000
vn -0.093969 0.034202 0.000000
vn -0.093969 0.034202 0.000000
vn -0.088295 0.046947 0.000000
vn -0.088295 0.046947 0.000000
vn -0.080902 0.058779 0.000000
vn -0.080902 0.058779 0.000000
vn -0.071934 0.069466 0.000000
vn -0.071934 0.069466 0.000000
vn -0.061566 0.078801 0.000000
vn -0.061566 0.078801 0.000000
vn -0.050000 0.086603 0.000000
vn -0.050000 0.086603 0.000000
vn -0.037461 0.092718 0.000000
vn -0.037461 0.092718 0.000000
vn -0.024192 0.097030 0.000000
vn -0.024192 0.097030 0.000000
vn -0.010453 0.099452 0.000000
vn -0.010453 0.099452 0.000000
vn 0.003490 0.099939 0.000000
vn 0.003490 0.099939 0.000000
vn 0.017365 0.098481 0.000000
vn 0.017365 0.098481 0.000000
vn 0.030902 0.095106 0.000000
vn 0.030902 0.095106 0.000000
vn 0.043837 0.089879 0.000000
vn 0.043837 0.089879 0.000000
vn 0.055919 0.082904 0.000000
vn 0.055919 0.082904 0.000000
vn 0.066913 0.074314 0.000000
vn 0.066913 0.074314 0.000000
vn 0.076604 0.064279 0.000000
vn 0.076604 0.064279 0.000000
vn 0.084805 0.052992 0.000000
vn 0.084805 0.052992 0.000000
vn 0.091355 0.040674 0.000000
vn 0.091355 0.040674 0.000000
vn 0.096126 0.027564 0.000000
vn 0.099878 -0.004945 0.000000
vn 0.099878 -0.004945 0.000000
vn 0.100000 -0.000000 0.000000
vn 0.100000 -0.000000 0.000000
vn 0.099878 0.004945 0.000000
vn 0.099878 0.004945 0.000000
vn 0.099511 0.009879 0.000000
vn 0.099511 0.009879 0.000000
vn 0.098901 0.014788 0.000000
vn 0.098901 0.014788 0.000000
vn 0.098048 0.019661 0.000000
vn 0.098048 0.019661 0.000000
vn 0.096956 0.024485 0.000000
vn 0.096956 0.024485 0.000000
vn 0.095626 0.029250 0.000000
vn 0.095626 0.029250 0.000000
vn 0.094063 0.033944 0.000000
vn 0.094063 0.033944 0.000000
vn 0.092269 0.038554 0.000000
vn 0.092269 0.038554 0.000000
vn 0.090250 0.043070 0.000000
vn 0.090250 0.043070 0.000000
vn 0.088009 0.047480 0.000000
vn 0.088009 0.047480 0.000000
vn 0.085554 0.051774 0.000000
vn 0.085554 0.051774 0.000000
vn 0.082888 0.055942 0.000000
vn 0.082888 0.055942 0.000000
vn 0.080020 0.059973 0.000000
vn 0.080020 0.059973 0.000000
vn 0.076957 0.063857 0.000000
vn 0.076957 0.063857 0.000000
vn 0.073705 0.067584 0.000000
vn 0.073705 0.067584 0.000000
vn 0.070272 0.071147 0.000000
vn 0.070272 0.071147 0.000000
vn 0.066668 0.074535 0.000000
vn 0.066668 0.074535 0.000000
vn 0.062900 0.077741 0.000000
vn 0.062900 0.077741 0.000000
vn 0.058978 0.080756 0.000000
vn 0.058978 0.080756 0.000000
vn 0.054913 0.083574 0.000000
vn 0.054913 0.083574 0.000000
vn 0.050712 0.086187 0.000000
vn 0.050712 0.086187 0.000000
vn 0.046388 0.088590 0.000000
vn 0.046388 0.088590 0.000000
vn 0.041950 0.090775 0.000000
vn 0.041950 0.090775 0.000000
vn 0.037410 0.092739 0.000000
vn 0.037410 0.092739 0.000000
vn 0.032778 0.094476 0.000000
vn 0.032778 0.094476 0.000000
vn 0.028065 0.095981 0.000000
vn 0.028065 0.095981 0.000000
vn 0.023284 0.097251 0.000000
vn 0.023284 0.097251 0.000000
vn 0.018446 0.098284 0.000000
vn 0.018446 0.098284 0.000000
vn 0.013563 0.099076 0.000000
vn 0.013563 0.099076 0.000000
vn 0.008647 0.099625 0.000000
vn 0.008647 0.099625 0.000000
vn 0.003710 0.099931 0.000000
vn 0.003710 0.099931 0.000000
vn -0.001237 0.099992 0.000000
vn -0.001237 0.099992 0.000000
vn -0.006180 0.099809 0.000000
vn -0.006180 0.099809 0.000000
vn -0.011109 0.099381 0.000000
vn -0.011109 0.099381 0.000000
vn -0.016010 0.098710 0.000000
vn -0.016010 0.098710 0.000000
vn -0.020872 0.097798 0.000000
vn -0.020872 0.097798 0.000000
vn -0.025683 0.096646 0.000000
vn -0.025683 0.096646 0.000000
vn -0.030431 0.095257 0.000000
vn -0.030431 0.095257 0.000000
vn -0.035104 0.093636 0.000000
vn -0.035104 0.093636 0.000000
vn -0.039692 0.091785 0.000000
vn -0.039692 0.091785 0.000000
vn -0.044183 0.089710 0.000000
vn -0.044183 0.089710 0.000000
vn -0.048565 0.087415 0.000000
vn -0.048565 0.087415 0.000000
vn -0.052829 0.084907 0.000000
vn -0.052829 0.084907 0.000000
vn -0.056963 0.082190 0.000000
vn -0.056963 0.082190 0.000000
vn -0.060958 0.079273 0.000000
vn -0.060958 0.079273 0.000000
vn -0.064804 0.076161 0.000000
vn -0.064804 0.076161 0.000000
vn -0.068491 0.072863 0.000000
vn -0.068491 0.072863 0.000000
vn -0.072010 0.069387 0.000000
vn -0.072010 0.069387 0.000000
vn -0.075354 0.065741 0.000000
vn -0.075354 0.065741 0.000000
vn -0.078513 0.061934 0.000000
vn -0.078513 0.061934 0.000000
vn -0.081479 0.057975 0.000000
vn -0.081479 0.057975 0.000000
vn -0.084247 0.053875 0.000000
vn -0.084247 0.053875 0.000000
vn -0.086808 0.049643 0.000000
vn -0.086808 0.049643 0.000000
vn -0.089157 0.045289 0.000000
vn -0.089157 0.045289 0.000000
vn -0.091287 0.040824 0.000000
vn -0.091287 0.040824 0.000000
vn -0.093195 0.036260 0.000000
vn -0.093195 0.036260 0.000000
vn -0.094874 0.031607 0.000000
vn -0.094874 0.031607 0.000000
vn -0.096321 0.026876 0.000000
vn -0.096321 0.026876 0.000000
vn -0.097532 0.022080 0.000000
vn -0.097532 0.022080 0.000000
vn -0.098505 0.017229 0.000000
vn -0.098505 0.017229 0.000000
vn -0.099236 0.012337 0.000000
vn -0.099236 0.012337 0.000000
vn -0.099725 0.007414 0.000000
vn -0.099725 0.007414 0.000000
vn -0.099969 0.002473 0.000000
vn -0.099969 0.002473 0.000000
vn -0.099969 -0.002473 0.000000
vn -0.099969 -0.002473 0.000000
vn -0.099725 -0.007414 0.000000
vn -0.099725 -0.007414 0.000000
vn -0.099236 -0.012337 0.000000
vn -0.099236 -0.012337 0.000000
vn -0.098505 -0.017229 0.000000
vn -0.098505 -0.017229 0.000000
vn -0.097532 -0.022080 0.000000
vn -0.097532 -0.022080 0.000000
vn -0.096321 -0.026876 0.000000
vn -0.096321 -0.026876 0.000000
vn -0.094874 -0.031607 0.000000
vn -0.094874 -0.031607 0.000000
vn -0.093195 -0.036260 0.000000
vn -0.093195 -0.036260 0.000000
vn -0.091287 -0.040824 0.000000
vn -0.091287 -0.040824 0.000000
vn -0.089157 -0.045289 0.000000
vn -0.089157 -0.045289 0.000000
vn -0.086808 -0.049643 0.000000
vn -0.086808 -0.049643 0.000000
vn -0.084247 -0.053875 0.000000
vn -0.084247 -0.053875 0.000000
vn -0.081479 -0.057975 0.000000
vn -0.081479 -0.057975 0.000000
vn -0.078513 -0.061934 0.000000
vn -0.078513 -0.061934 0.000000
vn -0.075354 -0.065741 0.000000
vn -0.075354 -0.065741 0.000000
vn -0.072010 -0.069387 0.000000
vn -0.072010 -0.069387 0.000000
vn -0.068491 -0.072863 0.000000
vn -0.068491 -0.072863 0.000000
vn -0.064804 -0.076161 0.000000
vn -0.064804 -0.076161 0.000000
vn -0.060958 -0.079273 0.000000
vn -0.060958 -0.079273 0.000000
vn -0.056963 -0.082190 0.000000
vn -0.056963 -0.082190 0.000000
vn -0.052829 -0.084907 0.000000
vn -0.052829 -0.084907 0.000000
vn -0.048565 -0.087415 0.000000
vn -0.048565 -0.087415 0.000000
vn -0.044183 -0.089710 0.000000
vn -0.044183 -0.089710 0.000000
vn -0.039692 -0.091785 0.000000
vn -0.039692 -0.091785 0.000000
vn -0.035104 -0.093636 0.000000
vn -0.035104 -0.093636 0.000000
vn -0.030431 -0.095257 0.000000
vn -0.030431 -0.095257 0.000000
vn -0.025683 -0.096646 0.000000
vn -0.025683 -0.096646 0.000000
vn -0.020872 -0.097798 0.000000
vn -0.020872 -0.097798 0.000000
vn -0.016010 -0.098710 0.000000
vn -0.016010 -0.098710 0.000000
vn -0.011109 -0.099381 0.000000
vn -0.011109 -0.099381 0.000000
vn -0.006180 -0.099809 0.000000
vn -0.006180 -0.099809 0.000000
vn -0.001237 -0.099992 0.000000
vn -0.001237 -0.099992 0.000000
vn 0.003710 -0.099931 0.000000
vn 0.003710 -0.099931 0.000000
vn 0.008647 -0.099625 0.000000
vn 0.008647 -0.099625 0.000000
vn 0.013563 -0.099076 0.000000
vn 0.013563 -0.099076 0.000000
vn 0.018446 -0.098284 0.000000
vn 0.018446 -0.098284 0.000000
vn 0.023284 -0.097251 0.000000
vn 0.023284 -0.097251 0.000000
vn 0.028065 -0.095981 0.000000
vn 0.028065 -0.095981 0.000000
vn 0.032778 -0.094476 0.000000
vn 0.032778 -0.094476 0.000000
vn 0.037410 -0.092739 0.000000
vn 0.037410 -0.092739 0.000000
vn 0.041950 -0.090775 0.000000
vn 0.041950 -0.090775 0.000000
vn 0.046388 -0.088590 0.000000
vn 0.046388 -0.088590 0.000000
vn 0.050712 -0.086187 0.000000
vn 0.050712 -0.086187 0.000000
vn 0.054913 -0.083574 0.000000
vn 0.054913 -0.083574 0.000000
vn 0.058978 -0.080756 0.000000
vn 0.058978 -0.080756 0.000000
vn 0.062900 -0.077741 0.000000
vn 0.062900 -0.077741 0.000000
vn 0.066668 -0.074535 0.000000
vn 0.066668 -0.074535 0.000000
vn 0.070272 -0.071147 0.000000
vn 0.070272 -0.071147 0.000000
vn 0.073705 -0.067584 0.000000
vn 0.073705 -0.067584 0.000000
vn 0.076957 -0.063857 0.000000
vn 0.076957 -0.063857 0.000000
vn 0.080020 -0.059973 0.000000
vn 0.080020 -0.059973 0.000000
vn 0.082888 -0.055942 0.000000
vn 0.082888 -0.055942 0.000000
vn 0.085554 -0.051774 0.000000
vn 0.085554 -0.051774 0.000000
vn 0.088009 -0.047480 0.000000
vn 0.088009 -0.047480 0.000000
vn 0.090250 -0.043070 0.000000
vn 0.090250 -0.043070 0.000000
vn 0.092269 -0.038554 0.000000
vn 0.092269 -0.038554 0.000000
vn 0.094063 -0.033944 0.000000
vn 0.094063 -0.033944 0.000000
vn 0.095626 -0.029250 0.000000
vn 0.095626 -0.029250 0.000000
vn 0.096956 -0.024485 0.000000
vn 0.096956 -0.024485 0.000000
vn 0.098048 -0.019661 0.000000
vn 0.098048 -0.019661 0.000000
vn 0.098901 -0.014788 0.000000
vn 0.098901 -0.014788 0.000000
vn 0.099511 -0.009879 0.000000
vn 0.099511 -0.009879 0.000000
vn 0.099027 -0.013917 0.000000
vn 0.099027 -0.013917 0.000000
vn 0.100000 -0.000000 0.000000
vn 0.100000 -0.000000 0.000000
vn 0.099027 0.013917 0.000000
vn 0.099027 0.013917 0.000000
vn 0.096126 0.027564 0.000000
vn 0.096126 -0.027564 0.000000
vn 0.096126 -0.027564 0.000000
vn 0.091355 -0.040674 0.000000
vn 0.091355 -0.040674 0.000000
vn 0.084805 -0.052992 0.000000
vn 0.084805 -0.052992 0.000000
vn 0.076604 -0.064279 0.000000
vn 0.076604 -0.064279 0.000000
vn 0.066913 -0.074314 0.000000
vn 0.066913 -0.074314 0.000000
vn 0.055919 -0.082904 0.000000
vn 0.055919 -0.082904 0.000000
vn 0.043837 -0.089879 0.000000
vn 0.043837 -0.089879 0.000000
vn 0.030902 -0.095106 0.000000
vn 0.030902 -0.095106 0.000000
vn 0.017365 -0.098481 0.000000
vn 0.017365 -0.098481 0.000000
vn 0.003490 -0.099939 0.000000
vn 0.003490 -0.099939 0.000000
vn -0.010453 -0.099452 0.000000
vn -0.010453 -0.099452 0.000000
vn -0.024192 -0.097030 0.000000
vn -0.024192 -0.097030 0.000000
vn -0.037461 -0.092718 0.000000
vn -0.037461 -0.092718 0.000000
vn -0.050000 -0.086603 0.000000
vn -0.050000 -0.086603 0.000000
vn -0.061566 -0.078801 0.000000
vn -0.061566 -0.078801 0.000000
vn -0.071934 -0.069466 0.000000
vn -0.071934 -0.069466 0.000000
vn -0.080902 -0.058779 0.000000
vn -0.080902 -0.058779 0.000000
vn -0.088295 -0.046947 0.000000
vn -0.088295 -0.046947 0.000000
vn -0.093969 -0.034202 0.000000
vn -0.093969 -0.034202 0.000000
vn -0.097815 -0.020791 0.000000
vn -0.097815 -0.020791 0.000000
vn -0.099756 -0.006976 0.000000
vn -0.099756 -0.006976 0.000000
vn -0.099756 0.006976 0.000000
vn -0.099756 0.006976 0.000000
vn -0.097815 0.020791 0.000000
vn -0.097815 0.020791 0.000000
vn -0.093969 0.034202 0.000000
vn -0.093969 0.034202 0.000000
vn -0.088295 0.046947 0.000000
vn -0.088295 0.046947 0.000000
vn -0.080902 0.058779 0.000000
vn -0.080902 0.058779 0.000000
vn -0.071934 0.069466 0.000000
vn -0.071934 0.069466 0.000000
vn -0.061566 0.078801 0.000000
vn -0.061566 0.078801 0.000000
vn -0.050000 0.086603 0.000000
vn -0.050000 0.086603 0.000000
vn -0.037461 0.092718 0.000000
vn -0.037461 0.092718 0.000000
vn -0.024192 0.097030 0.000000
vn -0.024192 0.097030 0.000000
vn -0.010453 0.099452 0.000000
vn -0.010453 0.099452 0.000000
vn 0.003490 0.099939 0.000000
vn 0.003490 0.099939 0.000000
vn 0.017365 0.098481 0.000000
vn 0.017365 0.098481 0.000000
vn 0.030902 0.095106 0.000000
vn 0.030902 0.095106 0.000000
vn 0.043837 0.089879 0.000000
vn 0.043837 0.089879 0.000000
vn 0.055919 0.082904 0.000000
vn 0.055919 0.082904 0.000000
vn 0.066913 0.074314 0.000000
vn 0.066913 0.074314 0.000000
vn 0.076604 0.064279 0.000000
vn 0.076604 0.064279 0.000000
vn 0.084805 0.052992 0.000000
vn 0.084805 0.052992 0.000000
vn 0.091355 0.040674 0.000000
vn 0.091355 0.040674 0.000000
vn 0.096126 0.027564 0.000000
vn 0.099027 -0.013917 0.000000
vn 0.099027 -0.013917 0.000000
vn 0.100000 -0.000000 0.000000
vn 0.100000 -0.000000 0.000000
vn 0.099027 0.013917 0.000000
vn 0.099027 0.013917 0.000000
vn 0.096126 0.027564 0.000000
vn 0.096126 -0.027564 0.000000
vn 0.096126 -0.027564 0.000000
vn 0.091355 -0.040674 0.000000
vn 0.091355 -0.040674 0.000000
vn 0.084805 -0.052992 0.000000
vn 0.084805 -0.052992 0.000000
vn 0.076604 -0.064279 0.000000
vn 0.076604 -0.064279 0.000000
vn 0.066913 -0.074314 0.000000
vn 0.066913 -0.074314 0.000000
vn 0.055919 -0.082904 0.000000
vn 0.055919 -0.082904 0.000000
vn 0.043837 -0.089879 0.000000
vn 0.043837 -0.089879 0.000000
vn 0.030902 -0.095106 0.000000
vn 0.030902 -0.095106 0.000000
vn 0.017365 -0.098481 0.000000
vn 0.017365 -0.098481 0.000000
vn 0.003490 -0.099939 0.000000
vn 0.003490 -0.099939 0.000000
vn -0.010453 -0.099452 0.000000
vn -0.010453 -0.099452 0.000000
vn -0.024192 -0.097030 0.000000
vn -0.024192 -0.097030 0.000000
vn -0.037461 -0.092718 0.000000
vn -0.037461 -0.092718 0.000000
vn -0.050000 -0.086603 0.000000
vn -0.050000 -0.086603 0.000000
vn -0.061566 -0.078801 0.000000
vn -0.061566 -0.078801 0.000000
vn -0.071934 -0.069466 0.000000
vn -0.071934 -0.069466 0.000000
vn -0.080902 -0.058779 0.000000
vn -0.080902 -0.058779 0.000000
vn -0.088295 -0.046947 0.000000
vn -0.088295 -0.046947 0.000000
vn -0.093969 -0.034202 0.000000
vn -0.093969 -0.034202 0.000000
vn -0.097815 -0.020791 0.000000
vn -0.097815 -0.020791 0.000000
vn -0.099756 -0.006976 0.000000
vn -0.099756 -0.006976 0.000000
vn -0.099756 0.006976 0.000000
vn -0.099756 0.006976 0.000000
vn -0.097815 0.020791 0.000000
vn -0.097815 0.020791 0.000000
vn -0.093969 0.034202 0.000000
vn -0.093969 0.034202 0.000000
vn -0.088295 0.046947 0.000000
vn -0.088295 0.046947 0.000000
vn -0.080902 0.058779 0.000000
vn -0.080902 0.058779 0.000000
vn -0.071934 0.069466 0.000000
vn -0.071934 0.069466 0.000000
vn -0.061566 0.078801 0.000000
vn -0.061566 0.078801 0.000000
vn -0.050000 0.086603 0.000000
vn -0.050000 0.086603 0.000000
vn -0.037461 0.092718 0.000000
vn -0.037461 0.092718 0.000000
vn -0.024192 0.097030 0.000000
vn -0.024192 0.097030 0.000000
vn -0.010453 0.099452 0.000000
vn -0.010453 0.099452 0.000000
vn 0.003490 0.099939 0.000000
vn 0.003490 0.099939 0.000000
vn 0.017365 0.098481 0.000000
vn 0.017365 0.098481 0.000000
vn 0.030902 0.095106 0.000000
vn 0.030902 0.095106 0.000000
vn 0.043837 0.089879 0.000000
vn 0.043837 0.089879 0.000000
vn 0.055919 0.082904 0.000000
vn 0.055919 0.082904 0.000000
vn 0.066913 0.074314 0.000000
vn 0.066913 0.074314 0.000000
vn 0.076604 0.064279 0.000000
vn 0.076604 0.064279 0.000000
vn 0.084805 0.052992 0.000000
vn 0.084805 0.052992 0.000000
vn 0.091355 0.040674 0.000000
vn 0.091355 0.040674 0.000000
vn 0.096126 0.027564 0.000000
vn -0.000000 0.100000 -0.000000
vn -0.000000 0.100000 -0.000000
vn -0.000000 0.100000 -0.000000
vn -0.000000 0.100000 -0.000000
vn 0.100000 0.000000 0.000000
vn 0.100000 0.000000 0.000000
vn 0.100000 0.000000 0.000000
vn 0.100000 0.000000 0.000000
vn 0.000000 0.100000 0.000000
vn 0.000000 0.100000 0.000000
vn 0.000000 0.100000 0.000000
vn 0.000000 0.100000 0.000000
vn -0.100000 0.000000 0.000000
vn -0.100000 0.000000 0.000000
vn -0.100000 0.000000 0.000000
vn -0.100000 0.000000 0.000000
vn -0.100000 0.000000 0.000000
vn -0.100000 0.000000 0.000000
vn -0.100000 0.000000 0.000000
vn -0.100000 0.000000 0.000000
vn -0.070711 0.000000 -0.070711
vn -0.070711 0.000000 -0.070711
vn -0.070711 0.000000 -0.070711
vn -0.070711 0.000000 -0.070711
vn 0.013053 -0.099144 0.000000
vn 0.013053 -0.099144 0.000000
vn 0.013053 -0.099144 0.000000
vn 0.013053 -0.099144 0.000000
vn 0.025882 -0.096593 0.000000
vn 0.025882 -0.096593 0.000000
vn 0.038268 -0.092388 0.000000
vn 0.038268 -0.092388 0.000000
vn 0.050000 -0.086603 0.000000
vn 0.050000 -0.086603 0.000000
vn 0.060876 -0.079335 0.000000
vn 0.060876 -0.079335 0.000000
vn 0.070711 -0.070711 0.000000
vn 0.070711 -0.070711 0.000000
vn 0.079335 -0.060876 0.000000
vn 0.079335 -0.060876 0.000000
vn 0.086603 -0.050000 0.000000
vn 0.086603 -0.050000 0.000000
vn 0.092388 -0.038268 0.000000
vn 0.092388 -0.038268 0.000000
vn 0.096593 -0.025882 0.000000
vn 0.096593 -0.025882 0.000000
vn 0.099144 -0.013053 0.000000
vn 0.099144 -0.013053 0.000000
vn 0.100000 0.000000 0.000000
vn 0.099144 -0.013053 0.000000
vn 0.100000 0.000000 0.000000
vn 0.099144 -0.013053 0.000000
vn 0.096593 -0.025882 0.000000
vn 0.096593 -0.025882 0.000000
vn 0.092388 -0.038268 0.000000
vn 0.092388 -0.038268 0.000000
vn 0.086603 -0.050000 0.000000
vn 0.086603 -0.050000 0.000000
vn 0.079335 -0.060876 0.000000
vn 0.079335 -0.060876 0.000000
vn 0.070711 -0.070711 0.000000
vn 0.070711 -0.070711 0.000000
vn 0.060876 -0.079335 0.000000
vn 0.060876 -0.079335 0.000000
vn 0.050000 -0.086603 0.000000
vn 0.050000 -0.086603 0.000000
vn 0.038268 -0.092388 0.000000
vn 0.038268 -0.092388 0.000000
vn 0.025882 -0.096593 0.000000
vn 0.025882 -0.096593 0.000000
vn 0.000000 -0.100000 0.000000
vn 0.000000 -0.100000 0.000000
vn 0.000000 -0.100000 0.000000
vn 0.000000 -0.100000 0.000000
vn -0.100000 0.000000 0.000000
vn -0.100000 0.000000 0.000000
vn -0.100000 0.000000 0.000000
vn -0.100000 0.000000 0.000000
vn 0.100000 0.000000 0.000000
vn 0.100000 0.000000 0.000000
vn 0.099144 0.013053 0.000000
vn 0.099144 0.013053 0.000000
vn 0.099144 0.013053 0.000000
vn 0.099144 0.013053 0.000000
vn 0.096593 0.025882 0.000000
vn 0.096593 0.025882 0.000000
vn 0.092388 0.038268 0.000000
vn 0.092388 0.038268 0.000000
vn 0.086603 0.050000 0.000000
vn 0.086603 0.050000 0.000000
vn 0.079335 0.060876 0.000000
vn 0.079335 0.060876 0.000000
vn 0.070711 0.070711 0.000000
vn 0.070711 0.070711 0.000000
vn 0.060876 0.079335 0.000000
vn 0.060876 0.079335 0.000000
vn 0.050000 0.086603 0.000000
vn 0.050000 0.086603 0.000000
vn 0.038268 0.092388 0.000000
vn 0.038268 0.092388 0.000000
vn 0.025882 0.096593 0.000000
vn 0.025882 0.096593 0.000000
vn 0.013053 0.099144 0.000000
vn 0.013053 0.099144 0.000000
vn 0.013053 0.099144 0.000000
vn 0.013053 0.099144 0.000000
vn 0.025882 0.096593 0.000000
vn 0.025882 0.096593 0.000000
vn 0.038268 0.092388 0.000000
vn 0.038268 0.092388 0.000000
vn 0.050000 0.086603 0.000000
vn 0.050000 0.086603 0.000000
vn 0.060876 0.079335 0.000000
vn 0.060876 0.079335 0.000000
vn 0.070711 0.070711 0.000000
vn 0.070711 0.070711 0.000000
vn 0.079335 0.060876 0.000000
vn 0.079335 0.060876 0.000000
vn 0.086603 0.050000 0.000000
vn 0.086603 0.050000 0.000000
vn 0.092388 0.038268 0.000000
vn 0.092388 0.038268 0.000000
vn 0.096593 0.025882 0.000000
vn 0.096593 0.025882 0.000000
vn 0.000000 0.000000 0.100000
vn 0.000000 0.000000 0.100000
vn 0.000000 0.000000 0.100000
vn 0.000000 0.000000 0.100000
vn 0.000000 0.000000 0.100000
vn 0.000000 0.000000 0.100000
vn 0.000000 0.000000 0.100000
vn 0.000000 0.000000 0.100000
usemtl Stahl_-_satiniert
f 20/1/1 1/2/2 19/3/3
f 19/3/3 1/2/2 2/4/4
f 19/3/3 2/4/4 18/5/5
f 18/5/5 2/4/4 3/6/6
f 18/5/5 3/6/6 17/7/7
f 17/7/7 3/6/6 4/8/8
f 17/7/7 4/8/8 16/9/9
f 16/9/9 4/8/8 5/10/10
f 16/9/9 5/10/10 15/11/11
f 15/11/11 5/10/10 6/12/12
f 15/11/11 6/12/12 14/13/13
f 14/13/13 6/12/12 7/14/14
f 14/13/13 7/14/14 13/15/15
f 13/15/15 7/14/14 8/16/16
f 13/15/15 8/16/16 12/17/17
f 12/17/17 8/16/16 9/18/18
f 12/17/17 9/18/18 11/19/19
f 11/19/19 9/18/18 10/20/20
f 9/21/21 53/22/22 10/23/23
f 10/23/23 53/22/22 54/24/24
f 10/23/23 54/24/24 50/25/25
f 50/25/25 54/24/24 49/26/26
f 49/26/26 54/24/24 48/27/27
f 48/27/27 54/24/24 47/28/28
f 47/28/28 54/24/24 46/29/29
f 46/29/29 54/24/24 45/30/30
f 45/30/30 54/24/24 44/31/31
f 44/31/31 54/24/24 43/32/32
f 43/32/32 54/24/24 42/33/33
f 42/33/33 54/24/24 41/34/34
f 41/34/34 54/24/24 51/35/35
f 41/34/34 51/35/35 40/36/36
f 40/36/36 51/35/35 39/37/37
f 39/37/37 51/35/35 38/38/38
f 38/38/38 51/35/35 37/39/39
f 37/39/39 51/35/35 36/40/40
f 36/40/40 51/35/35 35/41/41
f 35/41/41 51/35/35 34/42/42
f 34/42/42 51/35/35 33/43/43
f 33/43/43 51/35/35 32/44/44
f 32/44/44 51/35/35 31/45/45
f 31/45/45 51/35/35 30/46/46
f 30/46/46 51/35/35 52/47/47
f 30/46/46 52/47/47 29/48/48
f 29/48/48 52/47/47 28/49/49
f 28/49/49 52/47/47 27/50/50
f 27/50/50 52/47/47 26/51/51
f 26/51/51 52/47/47 25/52/52
f 25/52/52 52/47/47 24/53/53
f 24/53/53 52/47/47 23/54/54
f 23/54/54 52/47/47 22/55/55
f 22/55/55 52/47/47 21/56/56
f 21/56/56 52/47/47 53/22/22
f 21/56/56 53/22/22 1/57/57
f 1/57/57 53/22/22 2/58/58
f 2/58/58 53/22/22 3/59/59
f 3/59/59 53/22/22 4/60/60
f 4/60/60 53/22/22 5/61/61
f 5/61/61 53/22/22 6/62/62
f 6/62/62 53/22/22 7/63/63
f 7/63/63 53/22/22 8/64/64
f 8/64/64 53/22/22 9/21/21
f 1/65/2 20/66/1 21/67/65
f 21/67/65 20/66/1 55/68/66
f 64/69/67 30/70/68 63/71/69
f 63/71/69 30/70/68 29/72/70
f 63/71/69 29/72/70 62/73/71
f 62/73/71 29/72/70 28/74/72
f 62/73/71 28/74/72 61/75/73
f 61/75/73 28/74/72 27/76/74
f 61/75/73 27/76/74 60/77/75
f 60/77/75 27/76/74 26/78/76
f 60/77/75 26/78/76 59/79/77
f 59/79/77 26/78/76 25/80/78
f 59/79/77 25/80/78 58/81/79
f 58/81/79 25/80/78 24/82/80
f 58/81/79 24/82/80 57/83/81
f 57/83/81 24/82/80 23/84/82
f 57/83/81 23/84/82 56/85/83
f 56/85/83 23/84/82 22/86/84
f 56/85/83 22/86/84 55/87/66
f 55/87/66 22/86/84 21/88/65
f 74/89/85 50/90/86 73/91/87
f 73/91/87 50/90/86 49/92/88
f 73/91/87 49/92/88 72/93/89
f 72/93/89 49/92/88 48/94/90
f 72/93/89 48/94/90 71/95/91
f 71/95/91 48/94/90 47/96/92
f 71/95/91 47/96/92 70/97/93
f 70/97/93 47/96/92 46/98/94
f 70/97/93 46/98/94 69/99/95
f 69/99/95 46/98/94 45/100/96
f 69/99/95 45/100/96 68/101/97
f 68/101/97 45/100/96 44/102/98
f 68/101/97 44/102/98 67/103/99
f 67/103/99 44/102/98 43/104/100
f 67/103/99 43/104/100 66/105/101
f 66/105/101 43/104/100 42/106/102
f 66/105/101 42/106/102 65/107/103
f 65/107/103 42/106/102 41/108/104
f 65/109/103 41/110/104 75/111/105
f 75/111/105 41/110/104 40/112/106
f 75/113/105 40/114/106 84/115/107
f 84/115/107 40/114/106 39/116/108
f 84/115/107 39/116/108 83/117/109
f 83/117/109 39/116/108 38/118/110
f 83/117/109 38/118/110 82/119/111
f 82/119/111 38/118/110 37/120/112
f 82/119/111 37/120/112 81/121/113
f 81/121/113 37/120/112 36/122/114
f 81/121/113 36/122/114 80/123/115
f 80/123/115 36/122/114 35/124/116
f 80/123/115 35/124/116 79/125/117
f 79/125/117 35/124/116 34/126/118
f 79/125/117 34/126/118 78/127/119
f 78/127/119 34/126/118 33/128/120
f 78/127/119 33/128/120 77/129/121
f 77/129/121 33/128/120 32/130/122
f 77/129/121 32/130/122 76/131/123
f 76/131/123 32/130/122 31/132/124
f 30/133/68 64/134/67 31/135/124
f 31/135/124 64/134/67 76/136/123
f 53/137/125 85/138/126 54/139/127
f 54/139/127 85/138/126 86/140/128
f 52/141/129 87/142/130 53/143/131
f 53/143/131 87/142/130 85/144/132
f 11/145/19 10/146/20 74/147/85
f 74/147/85 10/146/20 50/148/86
f 54/149/133 86/150/134 51/151/135
f 51/151/135 86/150/134 88/152/136
f 51/153/137 88/154/138 52/155/139
f 52/155/139 88/154/138 87/156/140
f 90/157/141 76/158/142 89/159/143
f 89/159/143 76/158/142 64/160/144
f 89/159/143 64/160/144 63/161/145
f 91/162/146 78/163/147 90/157/141
f 90/157/141 78/163/147 77/164/148
f 90/157/141 77/164/148 76/158/142
f 91/162/146 92/165/149 78/163/147
f 78/163/147 92/165/149 93/166/150
f 78/163/147 93/166/150 94/167/151
f 78/163/147 94/167/151 79/168/152
f 79/168/152 94/167/151 95/169/153
f 79/168/152 95/169/153 80/170/154
f 80/170/154 95/169/153 81/171/155
f 81/171/155 95/169/153 82/172/156
f 82/172/156 95/169/153 96/173/157
f 82/172/156 96/173/157 97/174/158
f 97/174/158 98/175/159 82/172/156
f 82/172/156 98/175/159 99/176/160
f 82/172/156 99/176/160 100/177/161
f 100/177/161 101/178/162 82/172/156
f 82/172/156 101/178/162 83/179/163
f 83/179/163 101/178/162 102/180/164
f 83/179/163 102/180/164 84/181/165
f 84/181/165 102/180/164 75/182/166
f 75/182/166 102/180/164 65/183/167
f 65/183/167 102/180/164 103/184/168
f 65/183/167 103/184/168 66/185/169
f 66/185/169 103/184/168 67/186/170
f 67/186/170 103/184/168 68/187/171
f 68/187/171 103/184/168 104/188/172
f 68/187/171 104/188/172 105/189/173
f 68/187/171 105/189/173 69/190/174
f 69/190/174 105/189/173 106/191/175
f 69/190/174 106/191/175 70/192/176
f 70/192/176 106/191/175 107/193/177
f 70/192/176 107/193/177 108/194/178
f 70/192/176 108/194/178 71/195/179
f 71/195/179 108/194/178 109/196/180
f 71/195/179 109/196/180 110/197/181
f 71/195/179 110/197/181 72/198/182
f 72/198/182 110/197/181 111/199/183
f 72/198/182 111/199/183 112/200/184
f 112/200/184 113/201/185 72/198/182
f 72/198/182 113/201/185 114/202/186
f 72/198/182 114/202/186 115/203/187
f 116/204/188 74/205/189 115/203/187
f 115/203/187 74/205/189 73/206/190
f 115/203/187 73/206/190 72/198/182
f 117/207/191 12/208/192 116/204/188
f 116/204/188 12/208/192 11/209/193
f 116/204/188 11/209/193 74/205/189
f 117/207/191 118/210/194 12/208/192
f 12/208/192 118/210/194 119/211/195
f 12/208/192 119/211/195 13/212/196
f 13/212/196 119/211/195 14/213/197
f 14/213/197 119/211/195 15/214/198
f 15/214/198 119/211/195 16/215/199
f 16/215/199 119/211/195 17/216/200
f 17/216/200 119/211/195 18/217/201
f 18/217/201 119/211/195 19/218/202
f 19/218/202 119/211/195 20/219/203
f 20/219/203 119/211/195 120/220/204
f 20/219/203 120/220/204 121/221/205
f 121/221/205 122/222/206 20/219/203
f 20/219/203 122/222/206 123/223/207
f 20/219/203 123/223/207 124/224/208
f 124/224/208 125/225/209 20/219/203
f 20/219/203 125/225/209 126/226/210
f 20/219/203 126/226/210 127/227/211
f 127/227/211 128/228/212 20/219/203
f 20/219/203 128/228/212 129/229/213
f 20/219/203 129/229/213 55/230/214
f 55/230/214 129/229/213 56/231/215
f 56/231/215 129/229/213 57/232/216
f 57/232/216 129/229/213 58/233/217
f 58/233/217 129/229/213 130/234/218
f 58/233/217 130/234/218 131/235/219
f 58/233/217 131/235/219 59/236/220
f 59/236/220 131/235/219 132/237/221
f 59/236/220 132/237/221 60/238/222
f 60/238/222 132/237/221 133/239/223
f 60/238/222 133/239/223 134/240/224
f 60/238/222 134/240/224 61/241/225
f 61/241/225 134/240/224 135/242/226
f 61/241/225 135/242/226 136/243/227
f 61/241/225 136/243/227 62/244/228
f 62/244/228 136/243/227 137/245/229
f 62/244/228 137/245/229 138/246/230
f 138/246/230 139/247/231 62/244/228
f 62/244/228 139/247/231 63/161/145
f 63/161/145 139/247/231 140/248/232
f 63/161/145 140/248/232 89/159/143
f 142/249/233 146/250/234 141/251/235
f 141/251/235 146/250/234 172/252/236
f 141/251/235 172/252/236 173/253/237
f 143/254/238 361/255/239 142/249/233
f 142/249/233 361/255/239 362/256/240
f 142/249/233 362/256/240 363/257/241
f 144/258/242 329/259/243 143/254/238
f 143/254/238 329/259/243 330/260/244
f 143/254/238 330/260/244 331/261/245
f 141/251/235 424/262/246 144/258/242
f 144/258/242 424/262/246 425/263/247
f 144/258/242 425/263/247 426/264/248
f 146/250/234 142/249/233 145/265/249
f 145/265/249 142/249/233 302/266/250
f 145/265/249 302/266/250 303/267/251
f 147/268/252 393/269/253 146/250/234
f 146/250/234 393/269/253 394/270/254
f 146/250/234 394/270/254 395/271/255
f 148/272/256 384/273/257 147/268/252
f 147/268/252 384/273/257 385/274/258
f 147/268/252 385/274/258 386/275/259
f 145/265/249 303/267/251 148/272/256
f 148/272/256 303/267/251 304/276/260
f 148/272/256 304/276/260 305/277/261
f 150/278/262 410/279/263 149/280/264
f 149/280/264 410/279/263 411/281/265
f 149/280/264 411/281/265 193/282/266
f 193/282/266 411/281/265 192/283/267
f 192/283/267 411/281/265 412/284/268
f 192/283/267 412/284/268 191/285/269
f 191/285/269 412/284/268 413/286/270
f 191/285/269 413/286/270 190/287/271
f 190/287/271 413/286/270 414/288/272
f 190/287/271 414/288/272 189/289/273
f 189/289/273 414/288/272 415/290/274
f 189/289/273 415/290/274 188/291/275
f 188/291/275 415/290/274 416/292/276
f 188/291/275 416/292/276 187/293/277
f 187/293/277 416/292/276 417/294/278
f 187/293/277 417/294/278 186/295/279
f 186/295/279 417/294/278 418/296/280
f 186/295/279 418/296/280 141/251/235
f 141/251/235 418/296/280 419/297/281
f 141/251/235 419/297/281 420/298/282
f 410/279/263 150/278/262 409/299/283
f 409/299/283 150/278/262 151/300/284
f 409/299/283 151/300/284 152/301/285
f 409/299/283 152/301/285 408/302/286
f 408/302/286 152/301/285 153/303/287
f 408/302/286 153/303/287 154/304/288
f 154/304/288 155/305/289 408/302/286
f 408/302/286 155/305/289 407/306/290
f 407/306/290 155/305/289 156/307/291
f 407/306/290 156/307/291 157/308/292
f 407/306/290 157/308/292 406/309/293
f 406/309/293 157/308/292 158/310/294
f 406/309/293 158/310/294 159/311/295
f 406/309/293 159/311/295 405/312/296
f 405/312/296 159/311/295 160/313/297
f 405/312/296 160/313/297 404/314/298
f 404/314/298 160/313/297 161/315/299
f 404/314/298 161/315/299 162/316/300
f 404/314/298 162/316/300 403/317/301
f 403/317/301 162/316/300 163/318/302
f 403/317/301 163/318/302 164/319/303
f 403/317/301 164/319/303 402/320/304
f 402/320/304 164/319/303 165/321/305
f 402/320/304 165/321/305 401/322/306
f 401/322/306 165/321/305 166/323/307
f 401/322/306 166/323/307 167/324/308
f 401/322/306 167/324/308 400/325/309
f 400/325/309 167/324/308 168/326/310
f 400/325/309 168/326/310 399/327/311
f 399/327/311 168/326/310 398/328/312
f 398/328/312 168/326/310 169/329/313
f 398/328/312 169/329/313 397/330/314
f 397/330/314 169/329/313 146/250/234
f 397/330/314 146/250/234 396/331/315
f 396/331/315 146/250/234 395/271/255
f 169/329/313 170/332/316 146/250/234
f 146/250/234 170/332/316 171/333/317
f 146/250/234 171/333/317 172/252/236
f 173/253/237 174/334/318 141/251/235
f 141/251/235 174/334/318 175/335/319
f 141/251/235 175/335/319 176/336/320
f 176/336/320 177/337/321 141/251/235
f 141/251/235 177/337/321 178/338/322
f 141/251/235 178/338/322 179/339/323
f 179/339/323 180/340/324 141/251/235
f 141/251/235 180/340/324 181/341/325
f 141/251/235 181/341/325 182/342/326
f 182/342/326 183/343/327 141/251/235
f 141/251/235 183/343/327 184/344/328
f 141/251/235 184/344/328 185/345/329
f 185/345/329 186/295/279 141/251/235
f 238/346/330 194/347/331 143/254/238
f 143/254/238 194/347/331 195/348/332
f 143/254/238 195/348/332 196/349/333
f 196/349/333 197/350/334 143/254/238
f 143/254/238 197/350/334 198/351/335
f 143/254/238 198/351/335 199/352/336
f 199/352/336 200/353/337 143/254/238
f 143/254/238 200/353/337 201/354/338
f 143/254/238 201/354/338 202/355/339
f 202/355/339 203/356/340 143/254/238
f 143/254/238 203/356/340 204/357/341
f 143/254/238 204/357/341 205/358/342
f 205/358/342 206/359/343 143/254/238
f 143/254/238 206/359/343 207/360/344
f 143/254/238 207/360/344 208/361/345
f 143/254/238 208/361/345 354/362/346
f 354/362/346 208/361/345 209/363/347
f 354/362/346 209/363/347 353/364/348
f 353/364/348 209/363/347 210/365/349
f 353/364/348 210/365/349 352/366/350
f 352/366/350 210/365/349 211/367/351
f 352/366/350 211/367/351 351/368/352
f 351/368/352 211/367/351 212/369/353
f 351/368/352 212/369/353 350/370/354
f 350/370/354 212/369/353 213/371/355
f 350/370/354 213/371/355 349/372/356
f 349/372/356 213/371/355 214/373/357
f 349/372/356 214/373/357 348/374/358
f 348/374/358 214/373/357 215/375/359
f 348/374/358 215/375/359 347/376/360
f 347/376/360 215/375/359 216/377/361
f 347/376/360 216/377/361 217/378/362
f 347/376/360 217/378/362 346/379/363
f 346/379/363 217/378/362 218/380/364
f 346/379/363 218/380/364 219/381/365
f 346/379/363 219/381/365 345/382/366
f 345/382/366 219/381/365 220/383/367
f 345/382/366 220/383/367 221/384/368
f 345/382/366 221/384/368 344/385/369
f 344/385/369 221/384/368 222/386/370
f 344/385/369 222/386/370 223/387/371
f 344/385/369 223/387/371 343/388/372
f 343/388/372 223/387/371 224/389/373
f 343/388/372 224/389/373 225/390/374
f 343/388/372 225/390/374 342/391/375
f 342/391/375 225/390/374 226/392/376
f 342/391/375 226/392/376 227/393/377
f 342/391/375 227/393/377 341/394/378
f 341/394/378 227/393/377 228/395/379
f 341/394/378 228/395/379 229/396/380
f 341/394/378 229/396/380 340/397/381
f 340/397/381 229/396/380 230/398/382
f 340/397/381 230/398/382 231/399/383
f 340/397/381 231/399/383 339/400/384
f 339/400/384 231/399/383 232/401/385
f 339/400/384 232/401/385 338/402/386
f 338/402/386 232/401/385 233/403/387
f 338/402/386 233/403/387 337/404/388
f 337/404/388 233/403/387 234/405/389
f 337/404/388 234/405/389 235/406/390
f 337/404/388 235/406/390 336/407/391
f 336/407/391 235/406/390 236/408/392
f 336/407/391 236/408/392 335/409/393
f 335/409/393 236/408/392 334/410/394
f 334/410/394 236/408/392 237/411/395
f 334/410/394 237/411/395 333/412/396
f 333/412/396 237/411/395 238/346/330
f 333/412/396 238/346/330 332/413/397
f 332/413/397 238/346/330 331/261/245
f 331/261/245 238/346/330 143/254/238
f 283/414/398 239/415/399 144/258/242
f 144/258/242 239/415/399 240/416/400
f 144/258/242 240/416/400 454/417/401
f 454/417/401 240/416/400 453/418/402
f 453/418/402 240/416/400 452/419/403
f 452/419/403 240/416/400 241/420/404
f 452/419/403 241/420/404 451/421/405
f 451/421/405 241/420/404 242/422/406
f 451/421/405 242/422/406 450/423/407
f 450/423/407 242/422/406 449/424/408
f 449/424/408 242/422/406 243/425/409
f 449/424/408 243/425/409 448/426/410
f 448/426/410 243/425/409 244/427/411
f 448/426/410 244/427/411 245/428/412
f 448/426/410 245/428/412 447/429/413
f 447/429/413 245/428/412 246/430/414
f 447/429/413 246/430/414 446/431/415
f 446/431/415 246/430/414 247/432/416
f 446/431/415 247/432/416 445/433/417
f 445/433/417 247/432/416 248/434/418
f 445/433/417 248/434/418 249/435/419
f 445/433/417 249/435/419 444/436/420
f 444/436/420 249/435/419 250/437/421
f 444/436/420 250/437/421 251/438/422
f 444/436/420 251/438/422 443/439/423
f 443/439/423 251/438/422 252/440/424
f 443/439/423 252/440/424 253/441/425
f 443/439/423 253/441/425 442/442/426
f 442/442/426 253/441/425 254/443/427
f 442/442/426 254/443/427 255/444/428
f 442/442/426 255/444/428 441/445/429
f 441/445/429 255/444/428 256/446/430
f 441/445/429 256/446/430 257/447/431
f 441/445/429 257/447/431 440/448/432
f 440/448/432 257/447/431 258/449/433
f 440/448/432 258/449/433 259/450/434
f 440/448/432 259/450/434 439/451/435
f 439/451/435 259/450/434 260/452/436
f 439/451/435 260/452/436 261/453/437
f 439/451/435 261/453/437 438/454/438
f 438/454/438 261/453/437 262/455/439
f 438/454/438 262/455/439 263/456/440
f 438/454/438 263/456/440 437/457/441
f 437/457/441 263/456/440 264/458/442
f 437/457/441 264/458/442 436/459/443
f 436/459/443 264/458/442 265/460/444
f 436/459/443 265/460/444 435/461/445
f 435/461/445 265/460/444 266/462/446
f 435/461/445 266/462/446 434/463/447
f 434/463/447 266/462/446 267/464/448
f 434/463/447 267/464/448 433/465/449
f 433/465/449 267/464/448 268/466/450
f 433/465/449 268/466/450 432/467/451
f 432/467/451 268/466/450 269/468/452
f 432/467/451 269/468/452 431/469/453
f 431/469/453 269/468/452 270/470/454
f 431/469/453 270/470/454 144/258/242
f 144/258/242 270/470/454 271/471/455
f 144/258/242 271/471/455 272/472/456
f 272/472/456 273/473/457 144/258/242
f 144/258/242 273/473/457 274/474/458
f 144/258/242 274/474/458 275/475/459
f 275/475/459 276/476/460 144/258/242
f 144/258/242 276/476/460 277/477/461
f 144/258/242 277/477/461 278/478/462
f 278/478/462 279/479/463 144/258/242
f 144/258/242 279/479/463 280/480/464
f 144/258/242 280/480/464 281/481/465
f 281/481/465 282/482/466 144/258/242
f 144/258/242 282/482/466 283/414/398
f 285/483/467 374/484/468 284/485/469
f 284/485/469 374/484/468 375/486/470
f 284/485/469 375/486/470 328/487/471
f 328/487/471 375/486/470 376/488/472
f 328/487/471 376/488/472 327/489/473
f 327/489/473 376/488/472 326/490/474
f 326/490/474 376/488/472 377/491/475
f 326/490/474 377/491/475 325/492/476
f 325/492/476 377/491/475 324/493/477
f 324/493/477 377/491/475 323/494/478
f 323/494/478 377/491/475 378/495/479
f 323/494/478 378/495/479 322/496/480
f 322/496/480 378/495/479 321/497/481
f 321/497/481 378/495/479 379/498/482
f 321/497/481 379/498/482 320/499/483
f 320/499/483 379/498/482 319/500/484
f 319/500/484 379/498/482 380/501/485
f 319/500/484 380/501/485 318/502/486
f 318/502/486 380/501/485 381/503/487
f 318/502/486 381/503/487 317/504/488
f 317/504/488 381/503/487 316/505/489
f 316/505/489 381/503/487 382/506/490
f 316/505/489 382/506/490 315/507/491
f 315/507/491 382/506/490 314/508/492
f 314/508/492 382/506/490 383/509/493
f 314/508/492 383/509/493 313/510/494
f 313/510/494 383/509/493 148/272/256
f 313/510/494 148/272/256 312/511/495
f 312/511/495 148/272/256 311/512/496
f 311/512/496 148/272/256 310/513/497
f 310/513/497 148/272/256 309/514/498
f 309/514/498 148/272/256 308/515/499
f 308/515/499 148/272/256 307/516/500
f 307/516/500 148/272/256 306/517/501
f 306/517/501 148/272/256 305/277/261
f 285/483/467 286/518/502 374/484/468
f 374/484/468 286/518/502 373/519/503
f 373/519/503 286/518/502 287/520/504
f 373/519/503 287/520/504 372/521/505
f 372/521/505 287/520/504 288/522/506
f 372/521/505 288/522/506 371/523/507
f 371/523/507 288/522/506 289/524/508
f 371/523/507 289/524/508 370/525/509
f 370/525/509 289/524/508 290/526/510
f 370/525/509 290/526/510 369/527/511
f 369/527/511 290/526/510 291/528/512
f 369/527/511 291/528/512 368/529/513
f 368/529/513 291/528/512 292/530/514
f 368/529/513 292/530/514 367/531/515
f 367/531/515 292/530/514 142/249/233
f 367/531/515 142/249/233 366/532/516
f 366/532/516 142/249/233 365/533/517
f 365/533/517 142/249/233 364/534/518
f 364/534/518 142/249/233 363/257/241
f 292/530/514 293/535/519 142/249/233
f 142/249/233 293/535/519 294/536/520
f 142/249/233 294/536/520 295/537/521
f 295/537/521 296/538/522 142/249/233
f 142/249/233 296/538/522 297/539/523
f 142/249/233 297/539/523 298/540/524
f 298/540/524 299/541/525 142/249/233
f 142/249/233 299/541/525 300/542/526
f 142/249/233 300/542/526 301/543/527
f 301/543/527 302/266/250 142/249/233
f 354/362/346 355/544/528 143/254/238
f 143/254/238 355/544/528 356/545/529
f 143/254/238 356/545/529 357/546/530
f 357/546/530 358/547/531 143/254/238
f 143/254/238 358/547/531 359/548/532
f 143/254/238 359/548/532 360/549/533
f 360/549/533 361/255/239 143/254/238
f 383/509/493 384/273/257 148/272/256
f 386/275/259 387/550/534 147/268/252
f 147/268/252 387/550/534 388/551/535
f 147/268/252 388/551/535 389/552/536
f 389/552/536 390/553/537 147/268/252
f 147/268/252 390/553/537 391/554/538
f 147/268/252 391/554/538 392/555/539
f 392/555/539 393/269/253 147/268/252
f 420/298/282 421/556/540 141/251/235
f 141/251/235 421/556/540 422/557/541
f 141/251/235 422/557/541 423/558/542
f 423/558/542 424/262/246 141/251/235
f 426/264/248 427/559/543 144/258/242
f 144/258/242 427/559/543 428/560/544
f 144/258/242 428/560/544 429/561/545
f 429/561/545 430/562/546 144/258/242
f 144/258/242 430/562/546 431/469/453
f 454/417/401 455/563/547 144/258/242
f 144/258/242 455/563/547 329/259/243
f 148/564/548 456/565/549 145/566/550
f 145/566/550 456/565/549 458/567/551
f 458/567/551 456/565/549 457/568/552
f 148/569/553 147/570/554 456/571/555
f 456/571/555 147/570/554 459/572/556
f 147/573/557 146/574/558 459/575/559
f 459/575/559 146/574/558 460/576/560
f 459/575/559 460/576/560 461/577/561
f 458/578/562 460/579/563 145/580/564
f 145/580/564 460/579/563 146/581/565
f 463/582/566 464/583/567 462/584/568
f 462/584/568 464/583/567 465/585/569
f 463/586/570 482/587/571 466/588/572
f 466/588/572 482/587/571 483/589/573
f 466/588/572 483/589/573 484/590/574
f 462/591/575 468/592/576 463/586/570
f 463/586/570 468/592/576 469/593/577
f 463/586/570 469/593/577 470/594/578
f 467/595/579 507/596/580 462/591/575
f 462/591/575 507/596/580 508/597/581
f 462/591/575 508/597/581 509/598/582
f 466/588/572 495/599/583 467/595/579
f 467/595/579 495/599/583 496/600/584
f 467/595/579 496/600/584 497/601/585
f 470/594/578 471/602/586 463/586/570
f 463/586/570 471/602/586 472/603/587
f 463/586/570 472/603/587 473/604/588
f 473/604/588 474/605/589 463/586/570
f 463/586/570 474/605/589 475/606/590
f 463/586/570 475/606/590 476/607/591
f 476/607/591 477/608/592 463/586/570
f 463/586/570 477/608/592 478/609/593
f 463/586/570 478/609/593 479/610/594
f 479/610/594 480/611/595 463/586/570
f 463/586/570 480/611/595 481/612/596
f 463/586/570 481/612/596 482/587/571
f 484/590/574 485/613/597 466/588/572
f 466/588/572 485/613/597 486/614/598
f 466/588/572 486/614/598 487/615/599
f 487/615/599 488/616/600 466/588/572
f 466/588/572 488/616/600 489/617/601
f 466/588/572 489/617/601 490/618/602
f 490/618/602 491/619/603 466/588/572
f 466/588/572 491/619/603 492/620/604
f 466/588/572 492/620/604 493/621/605
f 493/621/605 494/622/606 466/588/572
f 466/588/572 494/622/606 495/599/583
f 497/601/585 498/623/607 467/595/579
f 467/595/579 498/623/607 499/624/608
f 467/595/579 499/624/608 500/625/609
f 500/625/609 501/626/610 467/595/579
f 467/595/579 501/626/610 502/627/611
f 467/595/579 502/627/611 503/628/612
f 503/628/612 504/629/613 467/595/579
f 467/595/579 504/629/613 505/630/614
f 467/595/579 505/630/614 506/631/615
f 506/631/615 507/596/580 467/595/579
f 509/598/582 510/632/616 462/591/575
f 462/591/575 510/632/616 511/633/617
f 462/591/575 511/633/617 512/634/618
f 512/634/618 513/635/619 462/591/575
f 462/591/575 513/635/619 514/636/620
f 462/591/575 514/636/620 515/637/621
f 515/637/621 516/638/622 462/591/575
f 462/591/575 516/638/622 517/639/623
f 462/591/575 517/639/623 518/640/624
f 518/640/624 519/641/625 462/591/575
f 462/591/575 519/641/625 468/592/576
f 464/642/626 463/643/627 520/644/628
f 520/644/628 463/643/627 466/645/629
f 467/646/630 521/647/631 466/648/632
f 466/648/632 521/647/631 520/649/633
f 462/650/634 465/651/635 467/652/636
f 467/652/636 465/651/635 521/653/637
f 522/654/638 142/655/639 523/656/640
f 523/656/640 142/655/639 141/657/641
f 523/658/642 141/659/643 524/660/644
f 524/660/644 141/659/643 144/661/645
f 142/662/646 522/663/647 143/664/648
f 143/664/648 522/663/647 525/665/649
f 143/666/650 525/667/651 144/668/652
f 144/668/652 525/667/651 524/669/653
f 524/670/654 464/671/655 523/672/656
f 523/672/656 464/671/655 520/673/657
f 523/672/656 520/673/657 521/674/658
f 464/671/655 524/670/654 465/675/659
f 465/675/659 524/670/654 525/676/660
f 465/675/659 525/676/660 521/674/658
f 521/674/658 525/676/660 522/677/661
f 521/674/658 522/677/661 523/672/656
f 527/678/662 532/679/663 526/680/664
f 526/680/664 532/679/663 533/681/665
f 526/680/664 533/681/665 530/682/666
f 532/679/663 527/678/662 531/683/667
f 531/683/667 527/678/662 528/684/668
f 531/683/667 528/684/668 529/685/669
f 531/683/667 529/685/669 530/682/666
f 530/682/666 529/685/669 526/680/664
f 526/686/670 534/687/671 527/688/672
f 527/688/672 534/687/671 535/689/673
f 529/690/674 536/691/675 526/692/676
f 526/692/676 536/691/675 534/693/677
f 508/694/678 507/695/679 128/696/680
f 128/696/680 507/695/679 129/697/681
f 482/698/682 481/699/683 102/700/684
f 102/700/684 481/699/683 103/701/685
f 480/702/686 537/703/687 481/704/683
f 481/704/683 537/703/687 538/705/688
f 481/704/683 538/705/688 103/706/685
f 103/706/685 538/705/688 104/707/689
f 104/707/689 538/705/688 105/708/690
f 105/708/690 538/705/688 540/709/691
f 105/708/690 540/709/691 106/710/692
f 106/710/692 540/709/691 542/711/693
f 106/710/692 542/711/693 107/712/694
f 107/712/694 542/711/693 544/713/695
f 107/712/694 544/713/695 108/714/696
f 108/714/696 544/713/695 546/715/697
f 108/714/696 546/715/697 109/716/698
f 109/716/698 546/715/697 548/717/699
f 109/716/698 548/717/699 110/718/700
f 110/718/700 548/717/699 550/719/701
f 110/718/700 550/719/701 111/720/702
f 111/720/702 550/719/701 552/721/703
f 111/720/702 552/721/703 112/722/704
f 112/722/704 552/721/703 554/723/705
f 112/722/704 554/723/705 113/724/706
f 113/724/706 554/723/705 556/725/707
f 113/724/706 556/725/707 114/726/708
f 114/726/708 556/725/707 558/727/709
f 114/726/708 558/727/709 115/728/710
f 115/728/710 558/727/709 557/729/711
f 115/728/710 557/729/711 469/730/712
f 469/730/712 557/729/711 470/731/713
f 470/731/713 557/729/711 471/732/714
f 471/732/714 557/729/711 555/733/715
f 471/732/714 555/733/715 472/734/716
f 472/734/716 555/733/715 553/735/717
f 472/734/716 553/735/717 473/736/718
f 473/736/718 553/735/717 551/737/719
f 473/736/718 551/737/719 474/738/720
f 474/738/720 551/737/719 549/739/721
f 474/738/720 549/739/721 475/740/722
f 475/740/722 549/739/721 547/741/723
f 475/740/722 547/741/723 476/742/724
f 476/742/724 547/741/723 545/743/725
f 476/742/724 545/743/725 477/744/726
f 477/744/726 545/743/725 543/745/727
f 477/744/726 543/745/727 478/746/728
f 478/746/728 543/745/727 541/747/729
f 478/746/728 541/747/729 479/748/730
f 479/748/730 541/747/729 539/749/731
f 479/748/730 539/749/731 480/702/686
f 480/702/686 539/749/731 537/703/687
f 540/709/691 538/705/688 537/703/687
f 540/709/691 537/703/687 539/749/731
f 542/711/693 540/709/691 539/749/731
f 542/711/693 539/749/731 541/747/729
f 544/713/695 542/711/693 541/747/729
f 544/713/695 541/747/729 543/745/727
f 546/715/697 544/713/695 543/745/727
f 546/715/697 543/745/727 545/743/725
f 548/717/699 546/715/697 545/743/725
f 548/717/699 545/743/725 547/741/723
f 550/719/701 548/717/699 547/741/723
f 550/719/701 547/741/723 549/739/721
f 552/721/703 550/719/701 549/739/721
f 552/721/703 549/739/721 551/737/719
f 554/723/705 552/721/703 551/737/719
f 554/723/705 551/737/719 553/735/717
f 556/725/707 554/723/705 553/735/717
f 556/725/707 553/735/717 555/733/715
f 558/727/709 556/725/707 555/733/715
f 558/727/709 555/733/715 557/729/711
f 469/750/712 468/751/732 115/752/710
f 115/752/710 468/751/732 116/753/733
f 519/754/734 559/755/735 468/756/732
f 468/756/732 559/755/735 560/757/736
f 468/756/732 560/757/736 116/758/733
f 116/758/733 560/757/736 117/759/737
f 117/759/737 560/757/736 118/760/738
f 118/760/738 560/757/736 562/761/739
f 118/760/738 562/761/739 119/762/740
f 119/762/740 562/761/739 564/763/741
f 119/762/740 564/763/741 120/764/742
f 120/764/742 564/763/741 566/765/743
f 120/764/742 566/765/743 121/766/744
f 121/766/744 566/765/743 568/767/745
f 121/766/744 568/767/745 122/768/746
f 122/768/746 568/767/745 570/769/747
f 122/768/746 570/769/747 123/770/748
f 123/770/748 570/769/747 572/771/749
f 123/770/748 572/771/749 124/772/750
f 124/772/750 572/771/749 574/773/751
f 124/772/750 574/773/751 125/774/752
f 125/774/752 574/773/751 576/775/753
f 125/774/752 576/775/753 126/776/754
f 126/776/754 576/775/753 578/777/755
f 126/776/754 578/777/755 127/778/756
f 127/778/756 578/777/755 580/779/757
f 127/778/756 580/779/757 128/780/680
f 128/780/680 580/779/757 579/781/758
f 128/780/680 579/781/758 508/782/678
f 508/782/678 579/781/758 509/783/759
f 509/783/759 579/781/758 510/784/760
f 510/784/760 579/781/758 577/785/761
f 510/784/760 577/785/761 511/786/762
f 511/786/762 577/785/761 575/787/763
f 511/786/762 575/787/763 512/788/764
f 512/788/764 575/787/763 573/789/765
f 512/788/764 573/789/765 513/790/766
f 513/790/766 573/789/765 571/791/767
f 513/790/766 571/791/767 514/792/768
f 514/792/768 571/791/767 569/793/769
f 514/792/768 569/793/769 515/794/770
f 515/794/770 569/793/769 567/795/771
f 515/794/770 567/795/771 516/796/772
f 516/796/772 567/795/771 565/797/773
f 516/796/772 565/797/773 517/798/774
f 517/798/774 565/797/773 563/799/775
f 517/798/774 563/799/775 518/800/776
f 518/800/776 563/799/775 561/801/777
f 518/800/776 561/801/777 519/754/734
f 519/754/734 561/801/777 559/755/735
f 562/761/739 560/757/736 559/755/735
f 562/761/739 559/755/735 561/801/777
f 564/763/741 562/761/739 561/801/777
f 564/763/741 561/801/777 563/799/775
f 566/765/743 564/763/741 563/799/775
f 566/765/743 563/799/775 565/797/773
f 568/767/745 566/765/743 565/797/773
f 568/767/745 565/797/773 567/795/771
f 570/769/747 568/767/745 567/795/771
f 570/769/747 567/795/771 569/793/769
f 572/771/749 570/769/747 569/793/769
f 572/771/749 569/793/769 571/791/767
f 574/773/751 572/771/749 571/791/767
f 574/773/751 571/791/767 573/789/765
f 576/775/753 574/773/751 573/789/765
f 576/775/753 573/789/765 575/787/763
f 578/777/755 576/775/753 575/787/763
f 578/777/755 575/787/763 577/785/761
f 580/779/757 578/777/755 577/785/761
f 580/779/757 577/785/761 579/781/758
f 459/802/778 745/803/779 456/804/780
f 456/804/780 745/803/779 746/805/781
f 456/804/780 746/805/781 597/806/782
f 597/806/782 746/805/781 596/807/783
f 596/807/783 746/805/781 747/808/784
f 596/807/783 747/808/784 595/809/785
f 595/809/785 747/808/784 748/810/786
f 595/809/785 748/810/786 594/811/787
f 594/811/787 748/810/786 593/812/788
f 593/812/788 748/810/786 749/813/789
f 593/812/788 749/813/789 592/814/790
f 592/814/790 749/813/789 591/815/791
f 591/815/791 749/813/789 750/816/792
f 591/815/791 750/816/792 590/817/793
f 590/817/793 750/816/792 589/818/794
f 589/818/794 750/816/792 751/819/795
f 589/818/794 751/819/795 588/820/796
f 588/820/796 751/819/795 587/821/797
f 587/821/797 751/819/795 752/822/798
f 587/821/797 752/822/798 586/823/799
f 586/823/799 752/822/798 585/824/800
f 585/824/800 752/822/798 753/825/801
f 585/824/800 753/825/801 584/826/802
f 584/826/802 753/825/801 583/827/803
f 583/827/803 753/825/801 754/828/804
f 583/827/803 754/828/804 582/829/805
f 582/829/805 754/828/804 755/830/806
f 582/829/805 755/830/806 626/831/807
f 626/831/807 755/830/806 625/832/808
f 625/832/808 755/830/806 756/833/809
f 625/832/808 756/833/809 624/834/810
f 624/834/810 756/833/809 623/835/811
f 623/835/811 756/833/809 757/836/812
f 623/835/811 757/836/812 622/837/813
f 622/837/813 757/836/812 758/838/814
f 622/837/813 758/838/814 621/839/815
f 621/839/815 758/838/814 759/840/816
f 621/839/815 759/840/816 620/841/817
f 620/841/817 759/840/816 760/842/818
f 620/841/817 760/842/818 619/843/819
f 619/843/819 760/842/818 761/844/820
f 619/843/819 761/844/820 618/845/821
f 618/845/821 761/844/820 762/846/822
f 618/845/821 762/846/822 763/847/823
f 535/848/824 733/849/825 459/802/778
f 459/802/778 733/849/825 734/850/826
f 459/802/778 734/850/826 735/851/827
f 534/852/828 704/853/829 535/848/824
f 535/848/824 704/853/829 705/854/830
f 535/848/824 705/854/830 706/855/831
f 536/856/832 672/857/833 534/852/828
f 534/852/828 672/857/833 673/858/834
f 534/852/828 673/858/834 674/859/835
f 581/860/836 767/861/837 536/856/832
f 536/856/832 767/861/837 768/862/838
f 536/856/832 768/862/838 769/863/839
f 456/804/780 606/864/840 581/860/836
f 581/860/836 606/864/840 607/865/841
f 581/860/836 607/865/841 608/866/842
f 597/806/782 598/867/843 456/804/780
f 456/804/780 598/867/843 599/868/844
f 456/804/780 599/868/844 600/869/845
f 600/869/845 601/870/846 456/804/780
f 456/804/780 601/870/846 602/871/847
f 456/804/780 602/871/847 603/872/848
f 603/872/848 604/873/849 456/804/780
f 456/804/780 604/873/849 605/874/850
f 456/804/780 605/874/850 606/864/840
f 608/866/842 609/875/851 581/860/836
f 581/860/836 609/875/851 610/876/852
f 581/860/836 610/876/852 611/877/853
f 611/877/853 612/878/854 581/860/836
f 581/860/836 612/878/854 613/879/855
f 581/860/836 613/879/855 614/880/856
f 614/880/856 615/881/857 581/860/836
f 581/860/836 615/881/857 616/882/858
f 581/860/836 616/882/858 617/883/859
f 617/883/859 618/845/821 581/860/836
f 581/860/836 618/845/821 763/847/823
f 581/860/836 763/847/823 764/884/860
f 628/885/861 716/886/862 627/887/863
f 627/887/863 716/886/862 717/888/864
f 627/887/863 717/888/864 671/889/865
f 671/889/865 717/888/864 718/890/866
f 671/889/865 718/890/866 670/891/867
f 670/891/867 718/890/866 669/892/868
f 669/892/868 718/890/866 719/893/869
f 669/892/868 719/893/869 668/894/870
f 668/894/870 719/893/869 667/895/871
f 667/895/871 719/893/869 720/896/872
f 667/895/871 720/896/872 666/897/873
f 666/897/873 720/896/872 665/898/874
f 665/898/874 720/896/872 721/899/875
f 665/898/874 721/899/875 664/900/876
f 664/900/876 721/899/875 663/901/877
f 663/901/877 721/899/875 722/902/878
f 663/901/877 722/902/878 662/903/879
f 662/903/879 722/902/878 661/904/880
f 661/904/880 722/902/878 723/905/881
f 661/904/880 723/905/881 660/906/882
f 660/906/882 723/905/881 659/907/883
f 659/907/883 723/905/881 724/908/884
f 659/907/883 724/908/884 658/909/885
f 658/909/885 724/908/884 725/910/886
f 658/909/885 725/910/886 657/911/887
f 657/911/887 725/910/886 656/912/888
f 656/912/888 725/910/886 726/913/889
f 656/912/888 726/913/889 655/914/890
f 655/914/890 726/913/889 727/915/891
f 655/914/890 727/915/891 654/916/892
f 654/916/892 727/915/891 728/917/893
f 654/916/892 728/917/893 653/918/894
f 653/918/894 728/917/893 729/919/895
f 653/918/894 729/919/895 652/920/896
f 652/920/896 729/919/895 730/921/897
f 652/920/896 730/921/897 731/922/898
f 628/885/861 629/923/899 716/886/862
f 716/886/862 629/923/899 715/924/900
f 715/924/900 629/923/899 630/925/901
f 715/924/900 630/925/901 631/926/902
f 715/924/900 631/926/902 714/927/903
f 714/927/903 631/926/902 632/928/904
f 714/927/903 632/928/904 713/929/905
f 713/929/905 632/928/904 633/930/906
f 713/929/905 633/930/906 712/931/907
f 712/931/907 633/930/906 634/932/908
f 712/931/907 634/932/908 711/933/909
f 711/933/909 634/932/908 635/934/910
f 711/933/909 635/934/910 710/935/911
f 710/935/911 635/934/910 636/936/912
f 710/935/911 636/936/912 709/937/913
f 709/937/913 636/936/912 708/938/914
f 708/938/914 636/936/912 535/848/824
f 708/938/914 535/848/824 707/939/915
f 707/939/915 535/848/824 706/855/831
f 636/936/912 637/940/916 535/848/824
f 535/848/824 637/940/916 638/941/917
f 535/848/824 638/941/917 639/942/918
f 639/942/918 640/943/919 535/848/824
f 535/848/824 640/943/919 641/944/920
f 535/848/824 641/944/920 642/945/921
f 642/945/921 643/946/922 535/848/824
f 535/848/824 643/946/922 644/947/923
f 535/848/824 644/947/923 645/948/924
f 645/948/924 646/949/925 535/848/824
f 535/848/824 646/949/925 647/950/926
f 535/848/824 647/950/926 648/951/927
f 648/951/927 649/952/928 535/848/824
f 535/848/824 649/952/928 650/953/929
f 535/848/824 650/953/929 651/954/930
f 651/954/930 652/920/896 535/848/824
f 535/848/824 652/920/896 731/922/898
f 535/848/824 731/922/898 732/955/931
f 674/859/835 675/956/932 534/852/828
f 534/852/828 675/956/932 676/957/933
f 534/852/828 676/957/933 677/958/934
f 678/959/935 886/960/936 677/958/934
f 677/958/934 886/960/936 887/961/937
f 677/958/934 887/961/937 534/852/828
f 534/852/828 887/961/937 888/962/938
f 534/852/828 888/962/938 844/963/939
f 678/959/935 679/964/940 886/960/936
f 886/960/936 679/964/940 885/965/941
f 885/965/941 679/964/940 680/966/942
f 885/965/941 680/966/942 884/967/943
f 884/967/943 680/966/942 681/968/944
f 884/967/943 681/968/944 883/969/945
f 883/969/945 681/968/944 682/970/946
f 883/969/945 682/970/946 882/971/947
f 882/971/947 682/970/946 683/972/948
f 882/971/947 683/972/948 881/973/949
f 881/973/949 683/972/948 880/974/950
f 880/974/950 683/972/948 684/975/951
f 880/974/950 684/975/951 879/976/952
f 879/976/952 684/975/951 685/977/953
f 879/976/952 685/977/953 878/978/954
f 878/978/954 685/977/953 877/979/955
f 877/979/955 685/977/953 686/980/956
f 877/979/955 686/980/956 876/981/957
f 876/981/957 686/980/956 875/982/958
f 875/982/958 686/980/956 687/983/959
f 875/982/958 687/983/959 874/984/960
f 874/984/960 687/983/959 873/985/961
f 873/985/961 687/983/959 688/986/962
f 873/985/961 688/986/962 872/987/963
f 872/987/963 688/986/962 871/988/964
f 871/988/964 688/986/962 689/989/965
f 871/988/964 689/989/965 870/990/966
f 870/990/966 689/989/965 869/991/967
f 869/991/967 689/989/965 690/992/968
f 869/991/967 690/992/968 868/993/969
f 868/993/969 690/992/968 867/994/970
f 867/994/970 690/992/968 691/995/971
f 867/994/970 691/995/971 866/996/972
f 866/996/972 691/995/971 865/997/973
f 865/997/973 691/995/971 692/998/974
f 865/997/973 692/998/974 864/999/975
f 864/999/975 692/998/974 693/1000/976
f 864/999/975 693/1000/976 863/1001/977
f 863/1001/977 693/1000/976 862/1002/978
f 862/1002/978 693/1000/976 694/1003/979
f 862/1002/978 694/1003/979 861/1004/980
f 861/1004/980 694/1003/979 695/1005/981
f 861/1004/980 695/1005/981 860/1006/982
f 860/1006/982 695/1005/981 696/1007/983
f 860/1006/982 696/1007/983 859/1008/984
f 859/1008/984 696/1007/983 697/1009/985
f 859/1008/984 697/1009/985 858/1010/986
f 858/1010/986 697/1009/985 698/1011/987
f 858/1010/986 698/1011/987 699/1012/988
f 700/1013/989 534/852/828 699/1012/988
f 699/1012/988 534/852/828 857/1014/990
f 699/1012/988 857/1014/990 858/1010/986
f 700/1013/989 701/1015/991 534/852/828
f 534/852/828 701/1015/991 702/1016/992
f 534/852/828 702/1016/992 703/1017/993
f 703/1017/993 704/853/829 534/852/828
f 732/955/931 733/849/825 535/848/824
f 735/851/827 736/1018/994 459/802/778
f 459/802/778 736/1018/994 737/1019/995
f 459/802/778 737/1019/995 738/1020/996
f 738/1020/996 739/1021/997 459/802/778
f 459/802/778 739/1021/997 740/1022/998
f 459/802/778 740/1022/998 741/1023/999
f 741/1023/999 742/1024/1000 459/802/778
f 459/802/778 742/1024/1000 743/1025/1001
f 459/802/778 743/1025/1001 744/1026/1002
f 744/1026/1002 745/803/779 459/802/778
f 764/884/860 765/1027/1003 581/860/836
f 581/860/836 765/1027/1003 766/1028/1004
f 581/860/836 766/1028/1004 767/861/837
f 769/863/839 770/1029/1005 536/856/832
f 536/856/832 770/1029/1005 771/1030/1006
f 536/856/832 771/1030/1006 772/1031/1007
f 773/1032/1008 830/1033/1009 772/1031/1007
f 772/1031/1007 830/1033/1009 831/1034/1010
f 772/1031/1007 831/1034/1010 536/856/832
f 536/856/832 831/1034/1010 832/1035/1011
f 536/856/832 832/1035/1011 833/1036/1012
f 773/1032/1008 774/1037/1013 830/1033/1009
f 830/1033/1009 774/1037/1013 829/1038/1014
f 829/1038/1014 774/1037/1013 775/1039/1015
f 829/1038/1014 775/1039/1015 828/1040/1016
f 828/1040/1016 775/1039/1015 776/1041/1017
f 828/1040/1016 776/1041/1017 827/1042/1018
f 827/1042/1018 776/1041/1017 777/1043/1019
f 827/1042/1018 777/1043/1019 826/1044/1020
f 826/1044/1020 777/1043/1019 778/1045/1021
f 826/1044/1020 778/1045/1021 825/1046/1022
f 825/1046/1022 778/1045/1021 824/1047/1023
f 824/1047/1023 778/1045/1021 779/1048/1024
f 824/1047/1023 779/1048/1024 823/1049/1025
f 823/1049/1025 779/1048/1024 780/1050/1026
f 823/1049/1025 780/1050/1026 822/1051/1027
f 822/1051/1027 780/1050/1026 821/1052/1028
f 821/1052/1028 780/1050/1026 781/1053/1029
f 821/1052/1028 781/1053/1029 820/1054/1030
f 820/1054/1030 781/1053/1029 819/1055/1031
f 819/1055/1031 781/1053/1029 782/1056/1032
f 819/1055/1031 782/1056/1032 818/1057/1033
f 818/1057/1033 782/1056/1032 817/1058/1034
f 817/1058/1034 782/1056/1032 783/1059/1035
f 817/1058/1034 783/1059/1035 816/1060/1036
f 816/1060/1036 783/1059/1035 815/1061/1037
f 815/1061/1037 783/1059/1035 784/1062/1038
f 815/1061/1037 784/1062/1038 814/1063/1039
f 814/1063/1039 784/1062/1038 813/1064/1040
f 813/1064/1040 784/1062/1038 785/1065/1041
f 813/1064/1040 785/1065/1041 812/1066/1042
f 812/1066/1042 785/1065/1041 811/1067/1043
f 811/1067/1043 785/1065/1041 786/1068/1044
f 811/1067/1043 786/1068/1044 810/1069/1045
f 810/1069/1045 786/1068/1044 809/1070/1046
f 809/1070/1046 786/1068/1044 787/1071/1047
f 809/1070/1046 787/1071/1047 808/1072/1048
f 808/1072/1048 787/1071/1047 788/1073/1049
f 808/1072/1048 788/1073/1049 807/1074/1050
f 807/1074/1050 788/1073/1049 806/1075/1051
f 806/1075/1051 788/1073/1049 789/1076/1052
f 806/1075/1051 789/1076/1052 805/1077/1053
f 805/1077/1053 789/1076/1052 790/1078/1054
f 805/1077/1053 790/1078/1054 804/1079/1055
f 804/1079/1055 790/1078/1054 791/1080/1056
f 804/1079/1055 791/1080/1056 803/1081/1057
f 803/1081/1057 791/1080/1056 792/1082/1058
f 803/1081/1057 792/1082/1058 802/1083/1059
f 802/1083/1059 792/1082/1058 793/1084/1060
f 802/1083/1059 793/1084/1060 794/1085/1061
f 795/1086/1062 536/856/832 794/1085/1061
f 794/1085/1061 536/856/832 801/1087/1063
f 794/1085/1061 801/1087/1063 802/1083/1059
f 795/1086/1062 796/1088/1064 536/856/832
f 536/856/832 796/1088/1064 797/1089/1065
f 536/856/832 797/1089/1065 798/1090/1066
f 798/1090/1066 672/857/833 536/856/832
f 843/1091/1067 799/1092/1068 536/856/832
f 536/856/832 799/1092/1068 800/1093/1069
f 536/856/832 800/1093/1069 801/1087/1063
f 833/1036/1012 834/1094/1070 536/856/832
f 536/856/832 834/1094/1070 835/1095/1071
f 536/856/832 835/1095/1071 836/1096/1072
f 836/1096/1072 837/1097/1073 536/856/832
f 536/856/832 837/1097/1073 838/1098/1074
f 536/856/832 838/1098/1074 839/1099/1075
f 839/1099/1075 840/1100/1076 536/856/832
f 536/856/832 840/1100/1076 841/1101/1077
f 536/856/832 841/1101/1077 842/1102/1078
f 842/1102/1078 843/1091/1067 536/856/832
f 844/963/939 845/1103/1079 534/852/828
f 534/852/828 845/1103/1079 846/1104/1080
f 534/852/828 846/1104/1080 847/1105/1081
f 847/1105/1081 848/1106/1082 534/852/828
f 534/852/828 848/1106/1082 849/1107/1083
f 534/852/828 849/1107/1083 850/1108/1084
f 850/1108/1084 851/1109/1085 534/852/828
f 534/852/828 851/1109/1085 852/1110/1086
f 534/852/828 852/1110/1086 853/1111/1087
f 853/1111/1087 854/1112/1088 534/852/828
f 534/852/828 854/1112/1088 855/1113/1089
f 534/852/828 855/1113/1089 856/1114/1090
f 856/1114/1090 857/1014/990 534/852/828
f 328/1115/1091 583/1116/1092 284/1117/1093
f 284/1117/1093 583/1116/1092 582/1118/1094
f 284/1119/1093 582/1120/1094 285/1121/1095
f 285/1121/1095 582/1120/1094 626/1122/1096
f 285/1121/1095 626/1122/1096 625/1123/1097
f 328/1115/1091 327/1124/1098 583/1116/1092
f 583/1116/1092 327/1124/1098 584/1125/1099
f 584/1125/1099 327/1124/1098 326/1126/1100
f 584/1125/1099 326/1126/1100 585/1127/1101
f 585/1127/1101 326/1126/1100 325/1128/1102
f 585/1127/1101 325/1128/1102 586/1129/1103
f 586/1129/1103 325/1128/1102 324/1130/1104
f 586/1129/1103 324/1130/1104 587/1131/1105
f 587/1131/1105 324/1130/1104 323/1132/1106
f 587/1131/1105 323/1132/1106 588/1133/1107
f 588/1133/1107 323/1132/1106 322/1134/1108
f 588/1133/1107 322/1134/1108 589/1135/1109
f 589/1135/1109 322/1134/1108 321/1136/1110
f 589/1135/1109 321/1136/1110 590/1137/1111
f 590/1137/1111 321/1136/1110 320/1138/1112
f 590/1137/1111 320/1138/1112 591/1139/1113
f 591/1139/1113 320/1138/1112 319/1140/1114
f 591/1139/1113 319/1140/1114 592/1141/1115
f 592/1141/1115 319/1140/1114 318/1142/1116
f 592/1141/1115 318/1142/1116 593/1143/1117
f 593/1143/1117 318/1142/1116 317/1144/1118
f 593/1143/1117 317/1144/1118 594/1145/1119
f 594/1145/1119 317/1144/1118 316/1146/1120
f 594/1145/1119 316/1146/1120 595/1147/1121
f 595/1147/1121 316/1146/1120 315/1148/1122
f 595/1147/1121 315/1148/1122 596/1149/1123
f 596/1149/1123 315/1148/1122 314/1150/1124
f 596/1149/1123 314/1150/1124 597/1151/1125
f 597/1151/1125 314/1150/1124 313/1152/1126
f 597/1151/1125 313/1152/1126 598/1153/1127
f 598/1153/1127 313/1152/1126 312/1154/1128
f 598/1153/1127 312/1154/1128 599/1155/1129
f 599/1155/1129 312/1154/1128 311/1156/1130
f 599/1155/1129 311/1156/1130 600/1157/1131
f 600/1157/1131 311/1156/1130 310/1158/1132
f 600/1157/1131 310/1158/1132 601/1159/1133
f 601/1159/1133 310/1158/1132 309/1160/1134
f 601/1159/1133 309/1160/1134 602/1161/1135
f 602/1161/1135 309/1160/1134 308/1162/1136
f 602/1161/1135 308/1162/1136 603/1163/1137
f 603/1163/1137 308/1162/1136 307/1164/1138
f 603/1163/1137 307/1164/1138 604/1165/1139
f 604/1165/1139 307/1164/1138 306/1166/1140
f 604/1165/1139 306/1166/1140 605/1167/1141
f 605/1167/1141 306/1166/1140 305/1168/1142
f 605/1167/1141 305/1168/1142 606/1169/1143
f 606/1169/1143 305/1168/1142 304/1170/1144
f 606/1169/1143 304/1170/1144 607/1171/1145
f 607/1171/1145 304/1170/1144 303/1172/1146
f 607/1171/1145 303/1172/1146 608/1173/1147
f 608/1173/1147 303/1172/1146 302/1174/1148
f 608/1173/1147 302/1174/1148 609/1175/1149
f 609/1175/1149 302/1174/1148 301/1176/1150
f 609/1175/1149 301/1176/1150 610/1177/1151
f 610/1177/1151 301/1176/1150 300/1178/1152
f 610/1177/1151 300/1178/1152 611/1179/1153
f 611/1179/1153 300/1178/1152 299/1180/1154
f 611/1179/1153 299/1180/1154 612/1181/1155
f 612/1181/1155 299/1180/1154 298/1182/1156
f 612/1181/1155 298/1182/1156 613/1183/1157
f 613/1183/1157 298/1182/1156 297/1184/1158
f 613/1183/1157 297/1184/1158 614/1185/1159
f 614/1185/1159 297/1184/1158 296/1186/1160
f 614/1185/1159 296/1186/1160 615/1187/1161
f 615/1187/1161 296/1186/1160 295/1188/1162
f 615/1187/1161 295/1188/1162 616/1189/1163
f 616/1189/1163 295/1188/1162 294/1190/1164
f 616/1189/1163 294/1190/1164 617/1191/1165
f 617/1191/1165 294/1190/1164 293/1192/1166
f 617/1191/1165 293/1192/1166 618/1193/1167
f 618/1193/1167 293/1192/1166 292/1194/1168
f 618/1193/1167 292/1194/1168 619/1195/1169
f 619/1195/1169 292/1194/1168 291/1196/1170
f 619/1195/1169 291/1196/1170 620/1197/1171
f 620/1197/1171 291/1196/1170 290/1198/1172
f 620/1197/1171 290/1198/1172 621/1199/1173
f 621/1199/1173 290/1198/1172 289/1200/1174
f 621/1199/1173 289/1200/1174 622/1201/1175
f 622/1201/1175 289/1200/1174 288/1202/1176
f 622/1201/1175 288/1202/1176 623/1203/1177
f 623/1203/1177 288/1202/1176 287/1204/1178
f 623/1203/1177 287/1204/1178 624/1205/1179
f 624/1205/1179 287/1204/1178 286/1206/1180
f 624/1205/1179 286/1206/1180 625/1123/1097
f 625/1123/1097 286/1206/1180 285/1121/1095
f 193/1207/1181 628/1208/1182 149/1209/1183
f 149/1209/1183 628/1208/1182 627/1210/1184
f 149/1211/1183 627/1212/1184 150/1213/1185
f 150/1213/1185 627/1212/1184 671/1214/1186
f 150/1213/1185 671/1214/1186 670/1215/1187
f 193/1207/1181 192/1216/1188 628/1208/1182
f 628/1208/1182 192/1216/1188 629/1217/1189
f 629/1217/1189 192/1216/1188 191/1218/1190
f 629/1217/1189 191/1218/1190 630/1219/1191
f 630/1219/1191 191/1218/1190 190/1220/1192
f 630/1219/1191 190/1220/1192 631/1221/1193
f 631/1221/1193 190/1220/1192 189/1222/1194
f 631/1221/1193 189/1222/1194 632/1223/1195
f 632/1223/1195 189/1222/1194 188/1224/1196
f 632/1223/1195 188/1224/1196 633/1225/1197
f 633/1225/1197 188/1224/1196 187/1226/1198
f 633/1225/1197 187/1226/1198 634/1227/1199
f 634/1227/1199 187/1226/1198 186/1228/1200
f 634/1227/1199 186/1228/1200 635/1229/1201
f 635/1229/1201 186/1228/1200 185/1230/1202
f 635/1229/1201 185/1230/1202 636/1231/1203
f 636/1231/1203 185/1230/1202 184/1232/1204
f 636/1231/1203 184/1232/1204 637/1233/1205
f 637/1233/1205 184/1232/1204 183/1234/1206
f 637/1233/1205 183/1234/1206 638/1235/1207
f 638/1235/1207 183/1234/1206 182/1236/1208
f 638/1235/1207 182/1236/1208 639/1237/1209
f 639/1237/1209 182/1236/1208 181/1238/1210
f 639/1237/1209 181/1238/1210 640/1239/1211
f 640/1239/1211 181/1238/1210 180/1240/1212
f 640/1239/1211 180/1240/1212 641/1241/1213
f 641/1241/1213 180/1240/1212 179/1242/1214
f 641/1241/1213 179/1242/1214 642/1243/1215
f 642/1243/1215 179/1242/1214 178/1244/1216
f 642/1243/1215 178/1244/1216 643/1245/1217
f 643/1245/1217 178/1244/1216 177/1246/1218
f 643/1245/1217 177/1246/1218 644/1247/1219
f 644/1247/1219 177/1246/1218 176/1248/1220
f 644/1247/1219 176/1248/1220 645/1249/1221
f 645/1249/1221 176/1248/1220 175/1250/1222
f 645/1249/1221 175/1250/1222 646/1251/1223
f 646/1251/1223 175/1250/1222 174/1252/1224
f 646/1251/1223 174/1252/1224 647/1253/1225
f 647/1253/1225 174/1252/1224 173/1254/1226
f 647/1253/1225 173/1254/1226 648/1255/1227
f 648/1255/1227 173/1254/1226 172/1256/1228
f 648/1255/1227 172/1256/1228 649/1257/1229
f 649/1257/1229 172/1256/1228 171/1258/1230
f 649/1257/1229 171/1258/1230 650/1259/1231
f 650/1259/1231 171/1258/1230 170/1260/1232
f 650/1259/1231 170/1260/1232 651/1261/1233
f 651/1261/1233 170/1260/1232 169/1262/1234
f 651/1261/1233 169/1262/1234 652/1263/1235
f 652/1263/1235 169/1262/1234 168/1264/1236
f 652/1263/1235 168/1264/1236 653/1265/1237
f 653/1265/1237 168/1264/1236 167/1266/1238
f 653/1265/1237 167/1266/1238 654/1267/1239
f 654/1267/1239 167/1266/1238 166/1268/1240
f 654/1267/1239 166/1268/1240 655/1269/1241
f 655/1269/1241 166/1268/1240 165/1270/1242
f 655/1269/1241 165/1270/1242 656/1271/1243
f 656/1271/1243 165/1270/1242 164/1272/1244
f 656/1271/1243 164/1272/1244 657/1273/1245
f 657/1273/1245 164/1272/1244 163/1274/1246
f 657/1273/1245 163/1274/1246 658/1275/1247
f 658/1275/1247 163/1274/1246 162/1276/1248
f 658/1275/1247 162/1276/1248 659/1277/1249
f 659/1277/1249 162/1276/1248 161/1278/1250
f 659/1277/1249 161/1278/1250 660/1279/1251
f 660/1279/1251 161/1278/1250 160/1280/1252
f 660/1279/1251 160/1280/1252 661/1281/1253
f 661/1281/1253 160/1280/1252 159/1282/1254
f 661/1281/1253 159/1282/1254 662/1283/1255
f 662/1283/1255 159/1282/1254 158/1284/1256
f 662/1283/1255 158/1284/1256 663/1285/1257
f 663/1285/1257 158/1284/1256 157/1286/1258
f 663/1285/1257 157/1286/1258 664/1287/1259
f 664/1287/1259 157/1286/1258 156/1288/1260
f 664/1287/1259 156/1288/1260 665/1289/1261
f 665/1289/1261 156/1288/1260 155/1290/1262
f 665/1289/1261 155/1290/1262 666/1291/1263
f 666/1291/1263 155/1290/1262 154/1292/1264
f 666/1291/1263 154/1292/1264 667/1293/1265
f 667/1293/1265 154/1292/1264 153/1294/1266
f 667/1293/1265 153/1294/1266 668/1295/1267
f 668/1295/1267 153/1294/1266 152/1296/1268
f 668/1295/1267 152/1296/1268 669/1297/1269
f 669/1297/1269 152/1296/1268 151/1298/1270
f 669/1297/1269 151/1298/1270 670/1215/1187
f 670/1215/1187 151/1298/1270 150/1213/1185
f 455/1299/1271 673/1300/1272 329/1301/1273
f 329/1301/1273 673/1300/1272 672/1302/1274
f 329/1303/1273 672/1304/1274 330/1305/1275
f 330/1305/1275 672/1304/1274 798/1306/1276
f 330/1305/1275 798/1306/1276 331/1307/1277
f 331/1307/1277 798/1306/1276 797/1308/1278
f 331/1307/1277 797/1308/1278 332/1309/1279
f 332/1309/1279 797/1308/1278 796/1310/1280
f 332/1309/1279 796/1310/1280 333/1311/1281
f 333/1311/1281 796/1310/1280 795/1312/1282
f 333/1311/1281 795/1312/1282 334/1313/1283
f 334/1313/1283 795/1312/1282 794/1314/1284
f 334/1313/1283 794/1314/1284 335/1315/1285
f 335/1315/1285 794/1314/1284 793/1316/1286
f 335/1315/1285 793/1316/1286 336/1317/1287
f 336/1317/1287 793/1316/1286 792/1318/1288
f 336/1317/1287 792/1318/1288 337/1319/1289
f 337/1319/1289 792/1318/1288 791/1320/1290
f 337/1319/1289 791/1320/1290 338/1321/1291
f 338/1321/1291 791/1320/1290 790/1322/1292
f 338/1321/1291 790/1322/1292 339/1323/1293
f 339/1323/1293 790/1322/1292 789/1324/1294
f 339/1323/1293 789/1324/1294 340/1325/1295
f 340/1325/1295 789/1324/1294 788/1326/1296
f 340/1325/1295 788/1326/1296 341/1327/1297
f 341/1327/1297 788/1326/1296 787/1328/1298
f 341/1327/1297 787/1328/1298 342/1329/1299
f 342/1329/1299 787/1328/1298 786/1330/1300
f 342/1329/1299 786/1330/1300 343/1331/1301
f 343/1331/1301 786/1330/1300 785/1332/1302
f 343/1331/1301 785/1332/1302 344/1333/1303
f 344/1333/1303 785/1332/1302 784/1334/1304
f 344/1333/1303 784/1334/1304 345/1335/1305
f 345/1335/1305 784/1334/1304 783/1336/1306
f 345/1335/1305 783/1336/1306 346/1337/1307
f 346/1337/1307 783/1336/1306 782/1338/1308
f 346/1337/1307 782/1338/1308 347/1339/1309
f 347/1339/1309 782/1338/1308 781/1340/1310
f 347/1339/1309 781/1340/1310 348/1341/1311
f 348/1341/1311 781/1340/1310 780/1342/1312
f 348/1341/1311 780/1342/1312 349/1343/1313
f 349/1343/1313 780/1342/1312 779/1344/1314
f 349/1343/1313 779/1344/1314 350/1345/1315
f 350/1345/1315 779/1344/1314 778/1346/1316
f 350/1345/1315 778/1346/1316 351/1347/1317
f 351/1347/1317 778/1346/1316 777/1348/1318
f 351/1347/1317 777/1348/1318 352/1349/1319
f 352/1349/1319 777/1348/1318 776/1350/1320
f 352/1349/1319 776/1350/1320 353/1351/1321
f 353/1351/1321 776/1350/1320 775/1352/1322
f 353/1351/1321 775/1352/1322 354/1353/1323
f 354/1353/1323 775/1352/1322 774/1354/1324
f 354/1353/1323 774/1354/1324 355/1355/1325
f 355/1355/1325 774/1354/1324 773/1356/1326
f 355/1355/1325 773/1356/1326 356/1357/1327
f 356/1357/1327 773/1356/1326 772/1358/1328
f 356/1357/1327 772/1358/1328 357/1359/1329
f 357/1359/1329 772/1358/1328 771/1360/1330
f 357/1359/1329 771/1360/1330 358/1361/1331
f 358/1361/1331 771/1360/1330 770/1362/1332
f 358/1361/1331 770/1362/1332 359/1363/1333
f 359/1363/1333 770/1362/1332 769/1364/1334
f 359/1363/1333 769/1364/1334 360/1365/1335
f 360/1365/1335 769/1364/1334 768/1366/1336
f 360/1365/1335 768/1366/1336 361/1367/1337
f 361/1367/1337 768/1366/1336 767/1368/1338
f 361/1367/1337 767/1368/1338 362/1369/1339
f 362/1369/1339 767/1368/1338 766/1370/1340
f 362/1369/1339 766/1370/1340 363/1371/1341
f 363/1371/1341 766/1370/1340 765/1372/1342
f 363/1371/1341 765/1372/1342 364/1373/1343
f 364/1373/1343 765/1372/1342 764/1374/1344
f 364/1373/1343 764/1374/1344 365/1375/1345
f 365/1375/1345 764/1374/1344 763/1376/1346
f 365/1375/1345 763/1376/1346 366/1377/1347
f 366/1377/1347 763/1376/1346 762/1378/1348
f 366/1377/1347 762/1378/1348 367/1379/1349
f 367/1379/1349 762/1378/1348 761/1380/1350
f 367/1379/1349 761/1380/1350 368/1381/1351
f 368/1381/1351 761/1380/1350 760/1382/1352
f 368/1381/1351 760/1382/1352 369/1383/1353
f 369/1383/1353 760/1382/1352 759/1384/1354
f 369/1383/1353 759/1384/1354 370/1385/1355
f 370/1385/1355 759/1384/1354 758/1386/1356
f 370/1385/1355 758/1386/1356 371/1387/1357
f 371/1387/1357 758/1386/1356 757/1388/1358
f 371/1387/1357 757/1388/1358 372/1389/1359
f 372/1389/1359 757/1388/1358 756/1390/1360
f 372/1389/1359 756/1390/1360 373/1391/1361
f 373/1391/1361 756/1390/1360 755/1392/1362
f 373/1391/1361 755/1392/1362 374/1393/1363
f 374/1393/1363 755/1392/1362 754/1394/1364
f 374/1393/1363 754/1394/1364 375/1395/1365
f 375/1395/1365 754/1394/1364 753/1396/1366
f 375/1395/1365 753/1396/1366 376/1397/1367
f 376/1397/1367 753/1396/1366 752/1398/1368
f 376/1397/1367 752/1398/1368 377/1399/1369
f 377/1399/1369 752/1398/1368 751/1400/1370
f 377/1399/1369 751/1400/1370 378/1401/1371
f 378/1401/1371 751/1400/1370 750/1402/1372
f 378/1401/1371 750/1402/1372 379/1403/1373
f 379/1403/1373 750/1402/1372 749/1404/1374
f 379/1403/1373 749/1404/1374 380/1405/1375
f 380/1405/1375 749/1404/1374 748/1406/1376
f 380/1405/1375 748/1406/1376 381/1407/1377
f 381/1407/1377 748/1406/1376 747/1408/1378
f 381/1407/1377 747/1408/1378 382/1409/1379
f 382/1409/1379 747/1408/1378 746/1410/1380
f 382/1409/1379 746/1410/1380 383/1411/1381
f 383/1411/1381 746/1410/1380 745/1412/1382
f 383/1411/1381 745/1412/1382 384/1413/1383
f 384/1413/1383 745/1412/1382 744/1414/1384
f 384/1413/1383 744/1414/1384 385/1415/1385
f 385/1415/1385 744/1414/1384 743/1416/1386
f 385/1415/1385 743/1416/1386 386/1417/1387
f 386/1417/1387 743/1416/1386 742/1418/1388
f 386/1417/1387 742/1418/1388 387/1419/1389
f 387/1419/1389 742/1418/1388 741/1420/1390
f 387/1419/1389 741/1420/1390 388/1421/1391
f 388/1421/1391 741/1420/1390 740/1422/1392
f 388/1421/1391 740/1422/1392 389/1423/1393
f 389/1423/1393 740/1422/1392 739/1424/1394
f 389/1423/1393 739/1424/1394 390/1425/1395
f 390/1425/1395 739/1424/1394 738/1426/1396
f 390/1425/1395 738/1426/1396 391/1427/1397
f 391/1427/1397 738/1426/1396 737/1428/1398
f 391/1427/1397 737/1428/1398 392/1429/1399
f 392/1429/1399 737/1428/1398 736/1430/1400
f 392/1429/1399 736/1430/1400 393/1431/1401
f 393/1431/1401 736/1430/1400 735/1432/1402
f 393/1431/1401 735/1432/1402 394/1433/1403
f 394/1433/1403 735/1432/1402 734/1434/1404
f 394/1433/1403 734/1434/1404 395/1435/1405
f 395/1435/1405 734/1434/1404 733/1436/1406
f 395/1435/1405 733/1436/1406 396/1437/1407
f 396/1437/1407 733/1436/1406 732/1438/1408
f 396/1437/1407 732/1438/1408 397/1439/1409
f 397/1439/1409 732/1438/1408 731/1440/1410
f 397/1439/1409 731/1440/1410 398/1441/1411
f 398/1441/1411 731/1440/1410 730/1442/1412
f 398/1441/1411 730/1442/1412 399/1443/1413
f 399/1443/1413 730/1442/1412 729/1444/1414
f 399/1443/1413 729/1444/1414 400/1445/1415
f 400/1445/1415 729/1444/1414 728/1446/1416
f 400/1445/1415 728/1446/1416 401/1447/1417
f 401/1447/1417 728/1446/1416 727/1448/1418
f 401/1447/1417 727/1448/1418 402/1449/1419
f 402/1449/1419 727/1448/1418 726/1450/1420
f 402/1449/1419 726/1450/1420 403/1451/1421
f 403/1451/1421 726/1450/1420 725/1452/1422
f 403/1451/1421 725/1452/1422 404/1453/1423
f 404/1453/1423 725/1452/1422 724/1454/1424
f 404/1453/1423 724/1454/1424 405/1455/1425
f 405/1455/1425 724/1454/1424 723/1456/1426
f 405/1455/1425 723/1456/1426 406/1457/1427
f 406/1457/1427 723/1456/1426 722/1458/1428
f 406/1457/1427 722/1458/1428 407/1459/1429
f 407/1459/1429 722/1458/1428 721/1460/1430
f 407/1459/1429 721/1460/1430 408/1461/1431
f 408/1461/1431 721/1460/1430 720/1462/1432
f 408/1461/1431 720/1462/1432 409/1463/1433
f 409/1463/1433 720/1462/1432 719/1464/1434
f 409/1463/1433 719/1464/1434 410/1465/1435
f 410/1465/1435 719/1464/1434 718/1466/1436
f 410/1465/1435 718/1466/1436 411/1467/1437
f 411/1467/1437 718/1466/1436 717/1468/1438
f 411/1467/1437 717/1468/1438 412/1469/1439
f 412/1469/1439 717/1468/1438 716/1470/1440
f 412/1469/1439 716/1470/1440 413/1471/1441
f 413/1471/1441 716/1470/1440 715/1472/1442
f 413/1471/1441 715/1472/1442 414/1473/1443
f 414/1473/1443 715/1472/1442 714/1474/1444
f 414/1473/1443 714/1474/1444 415/1475/1445
f 415/1475/1445 714/1474/1444 713/1476/1446
f 415/1475/1445 713/1476/1446 416/1477/1447
f 416/1477/1447 713/1476/1446 712/1478/1448
f 416/1477/1447 712/1478/1448 417/1479/1449
f 417/1479/1449 712/1478/1448 711/1480/1450
f 417/1479/1449 711/1480/1450 418/1481/1451
f 418/1481/1451 711/1480/1450 710/1482/1452
f 418/1481/1451 710/1482/1452 419/1483/1453
f 419/1483/1453 710/1482/1452 709/1484/1454
f 419/1483/1453 709/1484/1454 420/1485/1455
f 420/1485/1455 709/1484/1454 708/1486/1456
f 420/1485/1455 708/1486/1456 421/1487/1457
f 421/1487/1457 708/1486/1456 707/1488/1458
f 421/1487/1457 707/1488/1458 422/1489/1459
f 422/1489/1459 707/1488/1458 706/1490/1460
f 422/1489/1459 706/1490/1460 423/1491/1461
f 423/1491/1461 706/1490/1460 705/1492/1462
f 423/1491/1461 705/1492/1462 424/1493/1463
f 424/1493/1463 705/1492/1462 704/1494/1464
f 424/1493/1463 704/1494/1464 425/1495/1465
f 425/1495/1465 704/1494/1464 703/1496/1466
f 425/1495/1465 703/1496/1466 426/1497/1467
f 426/1497/1467 703/1496/1466 702/1498/1468
f 426/1497/1467 702/1498/1468 427/1499/1469
f 427/1499/1469 702/1498/1468 701/1500/1470
f 427/1499/1469 701/1500/1470 428/1501/1471
f 428/1501/1471 701/1500/1470 700/1502/1472
f 428/1501/1471 700/1502/1472 429/1503/1473
f 429/1503/1473 700/1502/1472 699/1504/1474
f 429/1503/1473 699/1504/1474 430/1505/1475
f 430/1505/1475 699/1504/1474 698/1506/1476
f 430/1505/1475 698/1506/1476 431/1507/1477
f 431/1507/1477 698/1506/1476 697/1508/1478
f 431/1507/1477 697/1508/1478 432/1509/1479
f 432/1509/1479 697/1508/1478 696/1510/1480
f 432/1509/1479 696/1510/1480 433/1511/1481
f 433/1511/1481 696/1510/1480 695/1512/1482
f 433/1511/1481 695/1512/1482 434/1513/1483
f 434/1513/1483 695/1512/1482 694/1514/1484
f 434/1513/1483 694/1514/1484 435/1515/1485
f 435/1515/1485 694/1514/1484 693/1516/1486
f 435/1515/1485 693/1516/1486 436/1517/1487
f 436/1517/1487 693/1516/1486 692/1518/1488
f 436/1517/1487 692/1518/1488 437/1519/1489
f 437/1519/1489 692/1518/1488 691/1520/1490
f 437/1519/1489 691/1520/1490 438/1521/1491
f 438/1521/1491 691/1520/1490 690/1522/1492
f 438/1521/1491 690/1522/1492 439/1523/1493
f 439/1523/1493 690/1522/1492 689/1524/1494
f 439/1523/1493 689/1524/1494 440/1525/1495
f 440/1525/1495 689/1524/1494 688/1526/1496
f 440/1525/1495 688/1526/1496 441/1527/1497
f 441/1527/1497 688/1526/1496 687/1528/1498
f 441/1527/1497 687/1528/1498 442/1529/1499
f 442/1529/1499 687/1528/1498 686/1530/1500
f 442/1529/1499 686/1530/1500 443/1531/1501
f 443/1531/1501 686/1530/1500 685/1532/1502
f 443/1531/1501 685/1532/1502 444/1533/1503
f 444/1533/1503 685/1532/1502 684/1534/1504
f 444/1533/1503 684/1534/1504 445/1535/1505
f 445/1535/1505 684/1534/1504 683/1536/1506
f 445/1535/1505 683/1536/1506 446/1537/1507
f 446/1537/1507 683/1536/1506 682/1538/1508
f 446/1537/1507 682/1538/1508 447/1539/1509
f 447/1539/1509 682/1538/1508 681/1540/1510
f 447/1539/1509 681/1540/1510 448/1541/1511
f 448/1541/1511 681/1540/1510 680/1542/1512
f 448/1541/1511 680/1542/1512 449/1543/1513
f 449/1543/1513 680/1542/1512 679/1544/1514
f 449/1543/1513 679/1544/1514 450/1545/1515
f 450/1545/1515 679/1544/1514 678/1546/1516
f 450/1545/1515 678/1546/1516 451/1547/1517
f 451/1547/1517 678/1546/1516 677/1548/1518
f 451/1547/1517 677/1548/1518 452/1549/1519
f 452/1549/1519 677/1548/1518 676/1550/1520
f 452/1549/1519 676/1550/1520 453/1551/1521
f 453/1551/1521 676/1550/1520 675/1552/1522
f 453/1551/1521 675/1552/1522 454/1553/1523
f 454/1553/1523 675/1552/1522 674/1554/1524
f 454/1553/1523 674/1554/1524 455/1299/1271
f 455/1299/1271 674/1554/1524 673/1300/1272
f 238/1555/1525 800/1556/1526 194/1557/1527
f 194/1557/1527 800/1556/1526 799/1558/1528
f 194/1559/1527 799/1560/1528 195/1561/1529
f 195/1561/1529 799/1560/1528 843/1562/1530
f 195/1561/1529 843/1562/1530 842/1563/1531
f 238/1555/1525 237/1564/1532 800/1556/1526
f 800/1556/1526 237/1564/1532 801/1565/1533
f 801/1565/1533 237/1564/1532 236/1566/1534
f 801/1565/1533 236/1566/1534 802/1567/1535
f 802/1567/1535 236/1566/1534 235/1568/1536
f 802/1567/1535 235/1568/1536 803/1569/1537
f 803/1569/1537 235/1568/1536 234/1570/1538
f 803/1569/1537 234/1570/1538 804/1571/1539
f 804/1571/1539 234/1570/1538 233/1572/1540
f 804/1571/1539 233/1572/1540 805/1573/1541
f 805/1573/1541 233/1572/1540 232/1574/1542
f 805/1573/1541 232/1574/1542 806/1575/1543
f 806/1575/1543 232/1574/1542 231/1576/1544
f 806/1575/1543 231/1576/1544 807/1577/1545
f 807/1577/1545 231/1576/1544 230/1578/1546
f 807/1577/1545 230/1578/1546 808/1579/1547
f 808/1579/1547 230/1578/1546 229/1580/1548
f 808/1579/1547 229/1580/1548 809/1581/1549
f 809/1581/1549 229/1580/1548 228/1582/1550
f 809/1581/1549 228/1582/1550 810/1583/1551
f 810/1583/1551 228/1582/1550 227/1584/1552
f 810/1583/1551 227/1584/1552 811/1585/1553
f 811/1585/1553 227/1584/1552 226/1586/1554
f 811/1585/1553 226/1586/1554 812/1587/1555
f 812/1587/1555 226/1586/1554 225/1588/1556
f 812/1587/1555 225/1588/1556 813/1589/1557
f 813/1589/1557 225/1588/1556 224/1590/1558
f 813/1589/1557 224/1590/1558 814/1591/1559
f 814/1591/1559 224/1590/1558 223/1592/1560
f 814/1591/1559 223/1592/1560 815/1593/1561
f 815/1593/1561 223/1592/1560 222/1594/1562
f 815/1593/1561 222/1594/1562 816/1595/1563
f 816/1595/1563 222/1594/1562 221/1596/1564
f 816/1595/1563 221/1596/1564 817/1597/1565
f 817/1597/1565 221/1596/1564 220/1598/1566
f 817/1597/1565 220/1598/1566 818/1599/1567
f 818/1599/1567 220/1598/1566 219/1600/1568
f 818/1599/1567 219/1600/1568 819/1601/1569
f 819/1601/1569 219/1600/1568 218/1602/1570
f 819/1601/1569 218/1602/1570 820/1603/1571
f 820/1603/1571 218/1602/1570 217/1604/1572
f 820/1603/1571 217/1604/1572 821/1605/1573
f 821/1605/1573 217/1604/1572 216/1606/1574
f 821/1605/1573 216/1606/1574 822/1607/1575
f 822/1607/1575 216/1606/1574 215/1608/1576
f 822/1607/1575 215/1608/1576 823/1609/1577
f 823/1609/1577 215/1608/1576 214/1610/1578
f 823/1609/1577 214/1610/1578 824/1611/1579
f 824/1611/1579 214/1610/1578 213/1612/1580
f 824/1611/1579 213/1612/1580 825/1613/1581
f 825/1613/1581 213/1612/1580 212/1614/1582
f 825/1613/1581 212/1614/1582 826/1615/1583
f 826/1615/1583 212/1614/1582 211/1616/1584
f 826/1615/1583 211/1616/1584 827/1617/1585
f 827/1617/1585 211/1616/1584 210/1618/1586
f 827/1617/1585 210/1618/1586 828/1619/1587
f 828/1619/1587 210/1618/1586 209/1620/1588
f 828/1619/1587 209/1620/1588 829/1621/1589
f 829/1621/1589 209/1620/1588 208/1622/1590
f 829/1621/1589 208/1622/1590 830/1623/1591
f 830/1623/1591 208/1622/1590 207/1624/1592
f 830/1623/1591 207/1624/1592 831/1625/1593
f 831/1625/1593 207/1624/1592 206/1626/1594
f 831/1625/1593 206/1626/1594 832/1627/1595
f 832/1627/1595 206/1626/1594 205/1628/1596
f 832/1627/1595 205/1628/1596 833/1629/1597
f 833/1629/1597 205/1628/1596 204/1630/1598
f 833/1629/1597 204/1630/1598 834/1631/1599
f 834/1631/1599 204/1630/1598 203/1632/1600
f 834/1631/1599 203/1632/1600 835/1633/1601
f 835/1633/1601 203/1632/1600 202/1634/1602
f 835/1633/1601 202/1634/1602 836/1635/1603
f 836/1635/1603 202/1634/1602 201/1636/1604
f 836/1635/1603 201/1636/1604 837/1637/1605
f 837/1637/1605 201/1636/1604 200/1638/1606
f 837/1637/1605 200/1638/1606 838/1639/1607
f 838/1639/1607 200/1638/1606 199/1640/1608
f 838/1639/1607 199/1640/1608 839/1641/1609
f 839/1641/1609 199/1640/1608 198/1642/1610
f 839/1641/1609 198/1642/1610 840/1643/1611
f 840/1643/1611 198/1642/1610 197/1644/1612
f 840/1643/1611 197/1644/1612 841/1645/1613
f 841/1645/1613 197/1644/1612 196/1646/1614
f 841/1645/1613 196/1646/1614 842/1563/1531
f 842/1563/1531 196/1646/1614 195/1561/1529
f 283/1647/1615 845/1648/1616 239/1649/1617
f 239/1649/1617 845/1648/1616 844/1650/1618
f 239/1651/1617 844/1652/1618 240/1653/1619
f 240/1653/1619 844/1652/1618 888/1654/1620
f 240/1653/1619 888/1654/1620 887/1655/1621
f 283/1647/1615 282/1656/1622 845/1648/1616
f 845/1648/1616 282/1656/1622 846/1657/1623
f 846/1657/1623 282/1656/1622 281/1658/1624
f 846/1657/1623 281/1658/1624 847/1659/1625
f 847/1659/1625 281/1658/1624 280/1660/1626
f 847/1659/1625 280/1660/1626 848/1661/1627
f 848/1661/1627 280/1660/1626 279/1662/1628
f 848/1661/1627 279/1662/1628 849/1663/1629
f 849/1663/1629 279/1662/1628 278/1664/1630
f 849/1663/1629 278/1664/1630 850/1665/1631
f 850/1665/1631 278/1664/1630 277/1666/1632
f 850/1665/1631 277/1666/1632 851/1667/1633
f 851/1667/1633 277/1666/1632 276/1668/1634
f 851/1667/1633 276/1668/1634 852/1669/1635
f 852/1669/1635 276/1668/1634 275/1670/1636
f 852/1669/1635 275/1670/1636 853/1671/1637
f 853/1671/1637 275/1670/1636 274/1672/1638
f 853/1671/1637 274/1672/1638 854/1673/1639
f 854/1673/1639 274/1672/1638 273/1674/1640
f 854/1673/1639 273/1674/1640 855/1675/1641
f 855/1675/1641 273/1674/1640 272/1676/1642
f 855/1675/1641 272/1676/1642 856/1677/1643
f 856/1677/1643 272/1676/1642 271/1678/1644
f 856/1677/1643 271/1678/1644 857/1679/1645
f 857/1679/1645 271/1678/1644 270/1680/1646
f 857/1679/1645 270/1680/1646 858/1681/1647
f 858/1681/1647 270/1680/1646 269/1682/1648
f 858/1681/1647 269/1682/1648 859/1683/1649
f 859/1683/1649 269/1682/1648 268/1684/1650
f 859/1683/1649 268/1684/1650 860/1685/1651
f 860/1685/1651 268/1684/1650 267/1686/1652
f 860/1685/1651 267/1686/1652 861/1687/1653
f 861/1687/1653 267/1686/1652 266/1688/1654
f 861/1687/1653 266/1688/1654 862/1689/1655
f 862/1689/1655 266/1688/1654 265/1690/1656
f 862/1689/1655 265/1690/1656 863/1691/1657
f 863/1691/1657 265/1690/1656 264/1692/1658
f 863/1691/1657 264/1692/1658 864/1693/1659
f 864/1693/1659 264/1692/1658 263/1694/1660
f 864/1693/1659 263/1694/1660 865/1695/1661
f 865/1695/1661 263/1694/1660 262/1696/1662
f 865/1695/1661 262/1696/1662 866/1697/1663
f 866/1697/1663 262/1696/1662 261/1698/1664
f 866/1697/1663 261/1698/1664 867/1699/1665
f 867/1699/1665 261/1698/1664 260/1700/1666
f 867/1699/1665 260/1700/1666 868/1701/1667
f 868/1701/1667 260/1700/1666 259/1702/1668
f 868/1701/1667 259/1702/1668 869/1703/1669
f 869/1703/1669 259/1702/1668 258/1704/1670
f 869/1703/1669 258/1704/1670 870/1705/1671
f 870/1705/1671 258/1704/1670 257/1706/1672
f 870/1705/1671 257/1706/1672 871/1707/1673
f 871/1707/1673 257/1706/1672 256/1708/1674
f 871/1707/1673 256/1708/1674 872/1709/1675
f 872/1709/1675 256/1708/1674 255/1710/1676
f 872/1709/1675 255/1710/1676 873/1711/1677
f 873/1711/1677 255/1710/1676 254/1712/1678
f 873/1711/1677 254/1712/1678 874/1713/1679
f 874/1713/1679 254/1712/1678 253/1714/1680
f 874/1713/1679 253/1714/1680 875/1715/1681
f 875/1715/1681 253/1714/1680 252/1716/1682
f 875/1715/1681 252/1716/1682 876/1717/1683
f 876/1717/1683 252/1716/1682 251/1718/1684
f 876/1717/1683 251/1718/1684 877/1719/1685
f 877/1719/1685 251/1718/1684 250/1720/1686
f 877/1719/1685 250/1720/1686 878/1721/1687
f 878/1721/1687 250/1720/1686 249/1722/1688
f 878/1721/1687 249/1722/1688 879/1723/1689
f 879/1723/1689 249/1722/1688 248/1724/1690
f 879/1723/1689 248/1724/1690 880/1725/1691
f 880/1725/1691 248/1724/1690 247/1726/1692
f 880/1725/1691 247/1726/1692 881/1727/1693
f 881/1727/1693 247/1726/1692 246/1728/1694
f 881/1727/1693 246/1728/1694 882/1729/1695
f 882/1729/1695 246/1728/1694 245/1730/1696
f 882/1729/1695 245/1730/1696 883/1731/1697
f 883/1731/1697 245/1730/1696 244/1732/1698
f 883/1731/1697 244/1732/1698 884/1733/1699
f 884/1733/1699 244/1732/1698 243/1734/1700
f 884/1733/1699 243/1734/1700 885/1735/1701
f 885/1735/1701 243/1734/1700 242/1736/1702
f 885/1735/1701 242/1736/1702 886/1737/1703
f 886/1737/1703 242/1736/1702 241/1738/1704
f 886/1737/1703 241/1738/1704 887/1655/1621
f 887/1655/1621 241/1738/1704 240/1653/1619
f 528/1739/1705 581/1740/1706 529/1741/1707
f 529/1741/1707 581/1740/1706 536/1742/1708
f 889/1743/1709 890/1744/1710 533/1745/1711
f 533/1745/1711 890/1744/1710 530/1746/1712
f 890/1747/1713 891/1748/1714 530/1749/1715
f 530/1749/1715 891/1748/1714 531/1750/1716
f 527/1751/1717 461/1752/1718 528/1753/1719
f 528/1753/1719 461/1752/1718 457/1754/1720
f 528/1753/1719 457/1754/1720 581/1755/1721
f 581/1755/1721 457/1754/1720 456/1756/1722
f 527/1751/1717 535/1757/1723 461/1752/1718
f 461/1752/1718 535/1757/1723 459/1758/1724
f 458/1759/1725 457/1760/1726 460/1761/1727
f 460/1761/1727 457/1760/1726 461/1762/1728
f 506/1763/1729 892/1764/1730 507/1765/679
f 507/1765/679 892/1764/1730 893/1766/1731
f 507/1765/679 893/1766/1731 129/1767/681
f 129/1767/681 893/1766/1731 130/1768/1732
f 130/1768/1732 893/1766/1731 131/1769/1733
f 131/1769/1733 893/1766/1731 895/1770/1734
f 131/1769/1733 895/1770/1734 132/1771/1735
f 132/1771/1735 895/1770/1734 897/1772/1736
f 132/1771/1735 897/1772/1736 133/1773/1737
f 133/1773/1737 897/1772/1736 899/1774/1738
f 133/1773/1737 899/1774/1738 134/1775/1739
f 134/1775/1739 899/1774/1738 901/1776/1740
f 134/1775/1739 901/1776/1740 135/1777/1741
f 135/1777/1741 901/1776/1740 903/1778/1742
f 135/1777/1741 903/1778/1742 136/1779/1743
f 136/1779/1743 903/1778/1742 905/1780/1744
f 136/1779/1743 905/1780/1744 137/1781/1745
f 137/1781/1745 905/1780/1744 907/1782/1746
f 137/1781/1745 907/1782/1746 138/1783/1747
f 138/1783/1747 907/1782/1746 909/1784/1748
f 138/1783/1747 909/1784/1748 139/1785/1749
f 139/1785/1749 909/1784/1748 911/1786/1750
f 139/1785/1749 911/1786/1750 140/1787/1751
f 140/1787/1751 911/1786/1750 913/1788/1752
f 140/1787/1751 913/1788/1752 89/1789/1753
f 89/1789/1753 913/1788/1752 912/1790/1754
f 89/1789/1753 912/1790/1754 495/1791/1755
f 495/1791/1755 912/1790/1754 496/1792/1756
f 496/1792/1756 912/1790/1754 497/1793/1757
f 497/1793/1757 912/1790/1754 910/1794/1758
f 497/1793/1757 910/1794/1758 498/1795/1759
f 498/1795/1759 910/1794/1758 908/1796/1760
f 498/1795/1759 908/1796/1760 499/1797/1761
f 499/1797/1761 908/1796/1760 906/1798/1762
f 499/1797/1761 906/1798/1762 500/1799/1763
f 500/1799/1763 906/1798/1762 904/1800/1764
f 500/1799/1763 904/1800/1764 501/1801/1765
f 501/1801/1765 904/1800/1764 902/1802/1766
f 501/1801/1765 902/1802/1766 502/1803/1767
f 502/1803/1767 902/1802/1766 900/1804/1768
f 502/1803/1767 900/1804/1768 503/1805/1769
f 503/1805/1769 900/1804/1768 898/1806/1770
f 503/1805/1769 898/1806/1770 504/1807/1771
f 504/1807/1771 898/1806/1770 896/1808/1772
f 504/1807/1771 896/1808/1772 505/1809/1773
f 505/1809/1773 896/1808/1772 894/1810/1774
f 505/1809/1773 894/1810/1774 506/1763/1729
f 506/1763/1729 894/1810/1774 892/1764/1730
f 895/1770/1734 893/1766/1731 892/1764/1730
f 895/1770/1734 892/1764/1730 894/1810/1774
f 897/1772/1736 895/1770/1734 894/1810/1774
f 897/1772/1736 894/1810/1774 896/1808/1772
f 899/1774/1738 897/1772/1736 896/1808/1772
f 899/1774/1738 896/1808/1772 898/1806/1770
f 901/1776/1740 899/1774/1738 898/1806/1770
f 901/1776/1740 898/1806/1770 900/1804/1768
f 903/1778/1742 901/1776/1740 900/1804/1768
f 903/1778/1742 900/1804/1768 902/1802/1766
f 905/1780/1744 903/1778/1742 902/1802/1766
f 905/1780/1744 902/1802/1766 904/1800/1764
f 907/1782/1746 905/1780/1744 904/1800/1764
f 907/1782/1746 904/1800/1764 906/1798/1762
f 909/1784/1748 907/1782/1746 906/1798/1762
f 909/1784/1748 906/1798/1762 908/1796/1760
f 911/1786/1750 909/1784/1748 908/1796/1760
f 911/1786/1750 908/1796/1760 910/1794/1758
f 913/1788/1752 911/1786/1750 910/1794/1758
f 913/1788/1752 910/1794/1758 912/1790/1754
f 914/1811/1775 889/1812/1776 532/1813/1777
f 532/1813/1777 889/1812/1776 533/1814/1778
f 891/1815/1779 914/1816/1780 531/1817/1781
f 531/1817/1781 914/1816/1780 532/1818/1782
f 495/1819/1755 494/1820/1783 89/1821/1753
f 89/1821/1753 494/1820/1783 90/1822/1784
f 493/1823/1785 915/1824/1786 494/1825/1783
f 494/1825/1783 915/1824/1786 916/1826/1787
f 494/1825/1783 916/1826/1787 90/1827/1784
f 90/1827/1784 916/1826/1787 91/1828/1788
f 91/1828/1788 916/1826/1787 92/1829/1789
f 92/1829/1789 916/1826/1787 918/1830/1790
f 92/1829/1789 918/1830/1790 93/1831/1791
f 93/1831/1791 918/1830/1790 920/1832/1792
f 93/1831/1791 920/1832/1792 94/1833/1793
f 94/1833/1793 920/1832/1792 922/1834/1794
f 94/1833/1793 922/1834/1794 95/1835/1795
f 95/1835/1795 922/1834/1794 924/1836/1796
f 95/1835/1795 924/1836/1796 96/1837/1797
f 96/1837/1797 924/1836/1796 926/1838/1798
f 96/1837/1797 926/1838/1798 97/1839/1799
f 97/1839/1799 926/1838/1798 928/1840/1800
f 97/1839/1799 928/1840/1800 98/1841/1801
f 98/1841/1801 928/1840/1800 930/1842/1802
f 98/1841/1801 930/1842/1802 99/1843/1803
f 99/1843/1803 930/1842/1802 932/1844/1804
f 99/1843/1803 932/1844/1804 100/1845/1805
f 100/1845/1805 932/1844/1804 934/1846/1806
f 100/1845/1805 934/1846/1806 101/1847/1807
f 101/1847/1807 934/1846/1806 936/1848/1808
f 101/1847/1807 936/1848/1808 102/1849/684
f 102/1849/684 936/1848/1808 935/1850/1809
f 102/1849/684 935/1850/1809 482/1851/682
f 482/1851/682 935/1850/1809 483/1852/1810
f 483/1852/1810 935/1850/1809 484/1853/1811
f 484/1853/1811 935/1850/1809 933/1854/1812
f 484/1853/1811 933/1854/1812 485/1855/1813
f 485/1855/1813 933/1854/1812 931/1856/1814
f 485/1855/1813 931/1856/1814 486/1857/1815
f 486/1857/1815 931/1856/1814 929/1858/1816
f 486/1857/1815 929/1858/1816 487/1859/1817
f 487/1859/1817 929/1858/1816 927/1860/1818
f 487/1859/1817 927/1860/1818 488/1861/1819
f 488/1861/1819 927/1860/1818 925/1862/1820
f 488/1861/1819 925/1862/1820 489/1863/1821
f 489/1863/1821 925/1862/1820 923/1864/1822
f 489/1863/1821 923/1864/1822 490/1865/1823
f 490/1865/1823 923/1864/1822 921/1866/1824
f 490/1865/1823 921/1866/1824 491/1867/1825
f 491/1867/1825 921/1866/1824 919/1868/1826
f 491/1867/1825 919/1868/1826 492/1869/1827
f 492/1869/1827 919/1868/1826 917/1870/1828
f 492/1869/1827 917/1870/1828 493/1823/1785
f 493/1823/1785 917/1870/1828 915/1824/1786
f 918/1830/1790 916/1826/1787 915/1824/1786
f 918/1830/1790 915/1824/1786 917/1870/1828
f 920/1832/1792 918/1830/1790 917/1870/1828
f 920/1832/1792 917/1870/1828 919/1868/1826
f 922/1834/1794 920/1832/1792 919/1868/1826
f 922/1834/1794 919/1868/1826 921/1866/1824
f 924/1836/1796 922/1834/1794 921/1866/1824
f 924/1836/1796 921/1866/1824 923/1864/1822
f 926/1838/1798 924/1836/1796 923/1864/1822
f 926/1838/1798 923/1864/1822 925/1862/1820
f 928/1840/1800 926/1838/1798 925/1862/1820
f 928/1840/1800 925/1862/1820 927/1860/1818
f 930/1842/1802 928/1840/1800 927/1860/1818
f 930/1842/1802 927/1860/1818 929/1858/1816
f 932/1844/1804 930/1842/1802 929/1858/1816
f 932/1844/1804 929/1858/1816 931/1856/1814
f 934/1846/1806 932/1844/1804 931/1856/1814
f 934/1846/1806 931/1856/1814 933/1854/1812
f 936/1848/1808 934/1846/1806 933/1854/1812
f 936/1848/1808 933/1854/1812 935/1850/1809
f 85/1871/1829 87/1872/1830 891/1873/1831
f 891/1873/1831 87/1872/1830 88/1874/1832
f 891/1873/1831 88/1874/1832 914/1875/1833
f 914/1875/1833 88/1874/1832 86/1876/1834
f 914/1875/1833 86/1876/1834 889/1877/1835
f 889/1877/1835 86/1876/1834 890/1878/1836
f 890/1878/1836 86/1876/1834 85/1871/1829
f 890/1878/1836 85/1871/1829 891/1873/1831
# 936 vertices
# 1878 texture params
# 1836 normals
# 1892 facets

# 1 groups
