# WaveFront *.obj file (generated by Autodesk ATF)

mtllib Schale.mtl

g Schale

v -0.800000 87.200001 30.200000
v -0.800000 87.500001 29.900000
v -0.800000 87.500001 29.800000
v -0.800000 0.800000 29.800000
v -0.800000 0.800000 32.800000
v -0.800000 87.200001 32.800000
v -57.200001 87.200001 30.200000
v -57.200001 87.400001 30.000000
v -57.100001 87.400001 30.000000
v -58.600000 88.900000 28.500000
v 0.500000 88.900000 28.500000
v -0.900000 87.500001 29.900000
v -57.200001 87.400001 29.900000
v -57.200001 0.900000 29.900000
v -58.599999 -0.500000 28.500000
v -58.600000 2.000000 28.499999
v -58.600000 5.386753 28.499999
v -58.600000 13.613249 28.499999
v -58.600000 19.386753 28.499999
v -58.600000 27.613249 28.499999
v -58.600000 33.386753 28.499999
v -58.600000 41.613249 28.499999
v -58.600000 47.386753 28.499999
v -58.600000 55.613249 28.499999
v -58.600000 61.386753 28.499999
v -58.600000 69.613249 28.499999
v -58.600000 75.386753 28.499999
v -58.600000 83.613249 28.499999
v -58.600000 86.399998 28.499999
v -57.200001 0.800000 29.800000
v -57.200001 0.800000 32.800000
v -18.050000 -0.500000 26.000000
v -18.065192 -0.500000 26.173648
v -18.110307 -0.500000 26.342020
v -18.183975 -0.500000 26.500000
v -18.283956 -0.500000 26.642788
v -18.407212 -0.500000 26.766044
v -18.550000 -0.500000 26.866025
v -18.707980 -0.500000 26.939693
v -18.876352 -0.500000 26.984808
v -19.050000 -0.500000 27.000000
v -19.050000 -2.500000 27.000000
v -18.876352 -2.500000 26.984808
v -18.707980 -2.500000 26.939693
v -18.550000 -2.500000 26.866025
v -18.407212 -2.500000 26.766044
v -18.283956 -2.500000 26.642788
v -18.183975 -2.500000 26.500000
v -18.110307 -2.500000 26.342020
v -18.065192 -2.500000 26.173648
v -18.050000 -2.500000 26.000000
v -18.050000 -2.500000 22.000000
v -18.050000 -0.500000 22.000000
v -19.945299 -2.500000 27.000000
v -19.367949 -2.500000 28.000000
v -15.903848 -2.500000 28.000000
v -14.171797 -2.500000 25.000000
v -15.903848 -2.500000 22.000000
v -13.000000 -2.500000 4.000000
v -12.826352 -2.500000 4.015192
v -12.657980 -2.500000 4.060307
v -12.500000 -2.500000 4.133975
v -12.357212 -2.500000 4.233956
v -12.233956 -2.500000 4.357212
v -12.133975 -2.500000 4.500000
v -12.060307 -2.500000 4.657980
v -12.015192 -2.500000 4.826352
v -12.000000 -2.500000 5.000000
v -12.000000 -2.500000 8.000000
v -8.903848 -2.500000 8.000000
v -7.171797 -2.500000 5.000000
v -8.903848 -2.500000 2.000000
v -12.367949 -2.500000 2.000000
v -13.522650 -2.500000 4.000000
v -45.100000 -2.500000 18.000000
v -45.273648 -2.500000 17.984808
v -45.442020 -2.500000 17.939693
v -45.600000 -2.500000 17.866026
v -45.742788 -2.500000 17.766045
v -45.866044 -2.500000 17.642788
v -45.966025 -2.500000 17.500000
v -46.039693 -2.500000 17.342020
v -46.084808 -2.500000 17.173648
v -46.100000 -2.500000 17.000000
v -46.100000 -2.500000 14.000000
v -47.367949 -2.500000 14.000000
v -49.100000 -2.500000 17.000000
v -47.367949 -2.500000 20.000000
v -43.903848 -2.500000 20.000000
v -42.749147 -2.500000 18.000000
v -58.100000 -2.500000 0.000000
v 0.000000 -2.500000 0.000000
v 0.000000 -2.500000 30.500000
v -58.100000 -2.500000 30.500000
v -15.000000 -2.500000 6.000000
v -43.100000 -2.500000 6.000000
v -43.273648 -2.500000 6.015192
v -43.442020 -2.500000 6.060307
v -43.600000 -2.500000 6.133975
v -43.742788 -2.500000 6.233956
v -43.866044 -2.500000 6.357212
v -43.966025 -2.500000 6.500000
v -44.039693 -2.500000 6.657980
v -44.084808 -2.500000 6.826352
v -44.100000 -2.500000 7.000000
v -44.100000 -2.500000 15.000000
v -44.084808 -2.500000 15.173648
v -44.039693 -2.500000 15.342020
v -43.966025 -2.500000 15.500000
v -43.866044 -2.500000 15.642788
v -43.742788 -2.500000 15.766045
v -43.600000 -2.500000 15.866026
v -43.442020 -2.500000 15.939693
v -43.273648 -2.500000 15.984808
v -43.100000 -2.500000 16.000000
v -15.000000 -2.500000 16.000000
v -14.826352 -2.500000 15.984808
v -14.657980 -2.500000 15.939693
v -14.500000 -2.500000 15.866026
v -14.357212 -2.500000 15.766045
v -14.233956 -2.500000 15.642788
v -14.133975 -2.500000 15.500000
v -14.060307 -2.500000 15.342020
v -14.015192 -2.500000 15.173648
v -14.000000 -2.500000 15.000000
v -14.000000 -2.500000 7.000000
v -14.015192 -2.500000 6.826352
v -14.060307 -2.500000 6.657980
v -14.133975 -2.500000 6.500000
v -14.233956 -2.500000 6.357212
v -14.357212 -2.500000 6.233956
v -14.500000 -2.500000 6.133975
v -14.657980 -2.500000 6.060307
v -14.826352 -2.500000 6.015192
v -46.100000 -2.500000 12.000000
v -46.100000 -2.500000 6.000000
v -47.367949 -2.500000 6.000000
v -49.100000 -2.500000 9.000000
v -47.367949 -2.500000 12.000000
v -47.367949 -2.500000 28.000000
v -43.903848 -2.500000 28.000000
v -42.171797 -2.500000 25.000000
v -43.903848 -2.500000 22.000000
v -47.367949 -2.500000 22.000000
v -49.100000 -2.500000 25.000000
v -20.522650 -2.500000 18.000000
v -19.367949 -2.500000 20.000000
v -15.903848 -2.500000 20.000000
v -14.749147 -2.500000 18.000000
v -14.100000 -2.500000 21.000000
v -12.367949 -2.500000 24.000000
v -8.903848 -2.500000 24.000000
v -7.171797 -2.500000 21.000000
v -8.903848 -2.500000 18.000000
v -12.367949 -2.500000 18.000000
v -8.903848 -2.500000 16.000000
v -7.171797 -2.500000 13.000000
v -8.903848 -2.500000 10.000000
v -12.000000 -2.500000 10.000000
v -12.000000 -2.500000 16.000000
v -33.367949 -2.500000 4.000000
v -29.903848 -2.500000 4.000000
v -28.749147 -2.500000 2.000000
v -34.522650 -2.500000 2.000000
v -50.903848 -2.500000 8.000000
v -49.171797 -2.500000 5.000000
v -50.903848 -2.500000 2.000000
v -54.367949 -2.500000 2.000000
v -56.100000 -2.500000 5.000000
v -54.367949 -2.500000 8.000000
v -27.522650 -2.500000 4.000000
v -21.749147 -2.500000 4.000000
v -22.903848 -2.500000 2.000000
v -26.367949 -2.500000 2.000000
v -7.100000 -2.500000 9.000000
v -5.367949 -2.500000 12.000000
v -2.000000 -2.500000 12.000000
v -2.000000 -2.500000 6.000000
v -5.367949 -2.500000 6.000000
v -7.100000 -2.500000 25.000000
v -5.367949 -2.500000 28.000000
v -2.000000 -2.500000 28.000000
v -2.000000 -2.500000 22.000000
v -5.367949 -2.500000 22.000000
v -50.903848 -2.500000 24.000000
v -49.171797 -2.500000 21.000000
v -50.903848 -2.500000 18.000000
v -54.367949 -2.500000 18.000000
v -56.100000 -2.500000 21.000000
v -54.367949 -2.500000 24.000000
v -54.367949 -2.500000 16.000000
v -50.903848 -2.500000 16.000000
v -49.171797 -2.500000 13.000000
v -50.903848 -2.500000 10.000000
v -54.367949 -2.500000 10.000000
v -56.100000 -2.500000 13.000000
v -7.100000 -2.500000 17.000000
v -5.367949 -2.500000 20.000000
v -2.000000 -2.500000 20.000000
v -2.000000 -2.500000 14.000000
v -5.367949 -2.500000 14.000000
v -41.522650 -2.500000 4.000000
v -35.749147 -2.500000 4.000000
v -36.903848 -2.500000 2.000000
v -40.367949 -2.500000 2.000000
v -47.367949 -2.500000 4.000000
v -43.903848 -2.500000 4.000000
v -42.749147 -2.500000 2.000000
v -48.522650 -2.500000 2.000000
v -19.367949 -2.500000 4.000000
v -15.903848 -2.500000 4.000000
v -14.749147 -2.500000 2.000000
v -20.522650 -2.500000 2.000000
v -6.522650 -2.500000 2.000000
v -5.367949 -2.500000 4.000000
v -2.000000 -2.500000 4.000000
v -2.000000 -2.500000 2.000000
v -8.903848 -2.500000 26.000000
v -12.367949 -2.500000 26.000000
v -13.811325 -2.500000 28.500000
v -7.460472 -2.500000 28.500000
v -29.903848 -2.500000 20.000000
v -28.749147 -2.500000 18.000000
v -34.522650 -2.500000 18.000000
v -33.367949 -2.500000 20.000000
v -50.903848 -2.500000 26.000000
v -54.367949 -2.500000 26.000000
v -55.811325 -2.500000 28.500000
v -49.460472 -2.500000 28.500000
v -40.050000 -2.500000 23.000000
v -40.034808 -2.500000 22.826352
v -39.989693 -2.500000 22.657980
v -39.916025 -2.500000 22.500000
v -39.816044 -2.500000 22.357212
v -39.692788 -2.500000 22.233956
v -39.550000 -2.500000 22.133975
v -39.392020 -2.500000 22.060307
v -39.223648 -2.500000 22.015192
v -39.050000 -2.500000 22.000000
v -35.749147 -2.500000 22.000000
v -35.171797 -2.500000 21.000000
v -36.903848 -2.500000 18.000000
v -40.367949 -2.500000 18.000000
v -42.100000 -2.500000 21.000000
v -40.367949 -2.500000 24.000000
v -40.050000 -2.500000 24.000000
v -22.326497 -2.500000 27.000000
v -26.945299 -2.500000 27.000000
v -27.811325 -2.500000 28.500000
v -21.460472 -2.500000 28.500000
v -27.522650 -2.500000 22.000000
v -21.749147 -2.500000 22.000000
v -21.171797 -2.500000 21.000000
v -22.903848 -2.500000 18.000000
v -26.367949 -2.500000 18.000000
v -28.100000 -2.500000 21.000000
v -39.050000 -2.500000 27.000000
v -39.223648 -2.500000 26.984808
v -39.392020 -2.500000 26.939693
v -39.550000 -2.500000 26.866025
v -39.692788 -2.500000 26.766044
v -39.816044 -2.500000 26.642788
v -39.916025 -2.500000 26.500000
v -39.989693 -2.500000 26.342020
v -40.034808 -2.500000 26.173648
v -40.050000 -2.500000 26.000000
v -40.367949 -2.500000 26.000000
v -41.811325 -2.500000 28.500000
v -35.460472 -2.500000 28.500000
v -36.326497 -2.500000 27.000000
v -29.326497 -2.500000 27.000000
v -33.945299 -2.500000 27.000000
v -33.367949 -2.500000 28.000000
v -29.903848 -2.500000 28.000000
v -39.050000 -2.500000 26.000000
v -19.050000 -2.500000 26.000000
v -19.050000 -2.500000 23.000000
v -39.050000 -2.500000 23.000000
v -39.050000 -0.500000 27.000000
v -39.223648 -0.500000 26.984808
v -39.392020 -0.500000 26.939693
v -39.550000 -0.500000 26.866025
v -39.692788 -0.500000 26.766044
v -39.816044 -0.500000 26.642788
v -39.916025 -0.500000 26.500000
v -39.989693 -0.500000 26.342020
v -40.034808 -0.500000 26.173648
v -40.050000 -0.500000 26.000000
v -36.326497 -0.500000 27.000000
v -40.050000 -0.500000 23.000000
v -40.034808 -0.500000 22.826352
v -39.989693 -0.500000 22.657980
v -39.916025 -0.500000 22.500000
v -39.816044 -0.500000 22.357212
v -39.692788 -0.500000 22.233956
v -39.550000 -0.500000 22.133975
v -39.392020 -0.500000 22.060307
v -39.223648 -0.500000 22.015192
v -39.050000 -0.500000 22.000000
v -35.749147 -0.500000 22.000000
v -29.326497 -0.500000 27.000000
v -33.945299 -0.500000 27.000000
v -27.522650 -0.500000 22.000000
v -21.749147 -0.500000 22.000000
v -22.326497 -0.500000 27.000000
v -26.945299 -0.500000 27.000000
v -40.050000 -0.500000 24.000000
v -19.050000 -0.500000 26.000000
v -19.050000 -0.500000 23.000000
v -19.945299 -0.500000 27.000000
v -39.050000 -0.500000 23.000000
v -39.050000 -0.500000 26.000000
v -35.171797 -0.500000 21.000000
v -40.367949 -0.500000 26.000000
v -33.367949 -0.500000 28.000000
v -19.367949 -0.500000 28.000000
v -15.903848 -0.500000 22.000000
v -14.171797 -0.500000 25.000000
v -15.903848 -0.500000 28.000000
v -35.460472 -0.500000 28.500000
v -27.811325 -0.500000 28.500000
v -21.460472 -0.500000 28.500000
v -13.811325 -0.500000 28.500000
v -12.367949 -0.500000 26.000000
v -8.903848 -0.500000 26.000000
v -7.460472 -0.500000 28.500000
v 0.500000 -0.500000 28.500000
v 0.500000 -0.500000 0.000000
v -58.600000 -0.500000 0.000000
v -58.590452 -0.500000 28.500000
v -58.549999 -0.500000 28.540453
v -58.549999 -0.500000 28.500000
v -55.811325 -0.500000 28.500000
v -54.367949 -0.500000 26.000000
v -50.903848 -0.500000 26.000000
v -49.460472 -0.500000 28.500000
v -41.811325 -0.500000 28.500000
v -40.367949 -0.500000 24.000000
v -42.100000 -0.500000 21.000000
v -40.367949 -0.500000 18.000000
v -36.903848 -0.500000 18.000000
v -29.903848 -0.500000 28.000000
v -28.100000 -0.500000 21.000000
v -26.367949 -0.500000 18.000000
v -22.903848 -0.500000 18.000000
v -21.171797 -0.500000 21.000000
v -43.100000 -0.500000 6.000000
v -15.000000 -0.500000 6.000000
v -14.826352 -0.500000 6.015192
v -14.657980 -0.500000 6.060307
v -14.500000 -0.500000 6.133975
v -14.357212 -0.500000 6.233956
v -14.233956 -0.500000 6.357212
v -14.133975 -0.500000 6.500000
v -14.060307 -0.500000 6.657980
v -14.015192 -0.500000 6.826352
v -14.000000 -0.500000 7.000000
v -14.000000 -0.500000 15.000000
v -14.015192 -0.500000 15.173648
v -14.060307 -0.500000 15.342020
v -14.133975 -0.500000 15.500000
v -14.233956 -0.500000 15.642788
v -14.357212 -0.500000 15.766045
v -14.500000 -0.500000 15.866026
v -14.657980 -0.500000 15.939693
v -14.826352 -0.500000 15.984808
v -15.000000 -0.500000 16.000000
v -43.100000 -0.500000 16.000000
v -43.273648 -0.500000 15.984808
v -43.442020 -0.500000 15.939693
v -43.600000 -0.500000 15.866026
v -43.742788 -0.500000 15.766045
v -43.866044 -0.500000 15.642788
v -43.966025 -0.500000 15.500000
v -44.039693 -0.500000 15.342020
v -44.084808 -0.500000 15.173648
v -44.100000 -0.500000 15.000000
v -44.100000 -0.500000 7.000000
v -44.084808 -0.500000 6.826352
v -44.039693 -0.500000 6.657980
v -43.966025 -0.500000 6.500000
v -43.866044 -0.500000 6.357212
v -43.742788 -0.500000 6.233956
v -43.600000 -0.500000 6.133975
v -43.442020 -0.500000 6.060307
v -43.273648 -0.500000 6.015192
v -46.100000 -0.500000 6.000000
v -46.100000 -0.500000 12.000000
v -47.367949 -0.500000 12.000000
v -49.100000 -0.500000 9.000000
v -47.367949 -0.500000 6.000000
v -43.903848 -0.500000 28.000000
v -47.367949 -0.500000 28.000000
v -49.100000 -0.500000 25.000000
v -47.367949 -0.500000 22.000000
v -43.903848 -0.500000 22.000000
v -42.171797 -0.500000 25.000000
v -19.367949 -0.500000 20.000000
v -20.522650 -0.500000 18.000000
v -14.749147 -0.500000 18.000000
v -15.903848 -0.500000 20.000000
v -12.367949 -0.500000 24.000000
v -14.100000 -0.500000 21.000000
v -12.367949 -0.500000 18.000000
v -8.903848 -0.500000 18.000000
v -7.171797 -0.500000 21.000000
v -8.903848 -0.500000 24.000000
v -7.171797 -0.500000 13.000000
v -8.903848 -0.500000 16.000000
v -12.000000 -0.500000 16.000000
v -12.000000 -0.500000 10.000000
v -8.903848 -0.500000 10.000000
v -29.903848 -0.500000 4.000000
v -33.367949 -0.500000 4.000000
v -34.522650 -0.500000 2.000000
v -28.749147 -0.500000 2.000000
v -49.171797 -0.500000 5.000000
v -50.903848 -0.500000 8.000000
v -54.367949 -0.500000 8.000000
v -56.100000 -0.500000 5.000000
v -54.367949 -0.500000 2.000000
v -50.903848 -0.500000 2.000000
v -21.749147 -0.500000 4.000000
v -27.522650 -0.500000 4.000000
v -26.367949 -0.500000 2.000000
v -22.903848 -0.500000 2.000000
v -5.367949 -0.500000 12.000000
v -7.100000 -0.500000 9.000000
v -5.367949 -0.500000 6.000000
v -2.000000 -0.500000 6.000000
v -2.000000 -0.500000 12.000000
v -5.367949 -0.500000 28.000000
v -7.100000 -0.500000 25.000000
v -5.367949 -0.500000 22.000000
v -2.000000 -0.500000 22.000000
v -2.000000 -0.500000 28.000000
v -49.171797 -0.500000 21.000000
v -50.903848 -0.500000 24.000000
v -54.367949 -0.500000 24.000000
v -56.100000 -0.500000 21.000000
v -54.367949 -0.500000 18.000000
v -50.903848 -0.500000 18.000000
v -50.903848 -0.500000 16.000000
v -54.367949 -0.500000 16.000000
v -56.100000 -0.500000 13.000000
v -54.367949 -0.500000 10.000000
v -50.903848 -0.500000 10.000000
v -49.171797 -0.500000 13.000000
v -46.100000 -0.500000 17.000000
v -46.084808 -0.500000 17.173648
v -46.039693 -0.500000 17.342020
v -45.966025 -0.500000 17.500000
v -45.866044 -0.500000 17.642788
v -45.742788 -0.500000 17.766045
v -45.600000 -0.500000 17.866026
v -45.442020 -0.500000 17.939693
v -45.273648 -0.500000 17.984808
v -45.100000 -0.500000 18.000000
v -42.749147 -0.500000 18.000000
v -43.903848 -0.500000 20.000000
v -47.367949 -0.500000 20.000000
v -49.100000 -0.500000 17.000000
v -47.367949 -0.500000 14.000000
v -46.100000 -0.500000 14.000000
v -5.367949 -0.500000 20.000000
v -7.100000 -0.500000 17.000000
v -5.367949 -0.500000 14.000000
v -2.000000 -0.500000 14.000000
v -2.000000 -0.500000 20.000000
v -12.000000 -0.500000 5.000000
v -12.015192 -0.500000 4.826352
v -12.060307 -0.500000 4.657980
v -12.133975 -0.500000 4.500000
v -12.233956 -0.500000 4.357212
v -12.357212 -0.500000 4.233956
v -12.500000 -0.500000 4.133975
v -12.657980 -0.500000 4.060307
v -12.826352 -0.500000 4.015192
v -13.000000 -0.500000 4.000000
v -13.522650 -0.500000 4.000000
v -12.367949 -0.500000 2.000000
v -8.903848 -0.500000 2.000000
v -7.171797 -0.500000 5.000000
v -8.903848 -0.500000 8.000000
v -12.000000 -0.500000 8.000000
v -35.749147 -0.500000 4.000000
v -41.522650 -0.500000 4.000000
v -40.367949 -0.500000 2.000000
v -36.903848 -0.500000 2.000000
v -43.903848 -0.500000 4.000000
v -47.367949 -0.500000 4.000000
v -48.522650 -0.500000 2.000000
v -42.749147 -0.500000 2.000000
v -15.903848 -0.500000 4.000000
v -19.367949 -0.500000 4.000000
v -20.522650 -0.500000 2.000000
v -14.749147 -0.500000 2.000000
v -5.367949 -0.500000 4.000000
v -6.522650 -0.500000 2.000000
v -2.000000 -0.500000 2.000000
v -2.000000 -0.500000 4.000000
v -28.749147 -0.500000 18.000000
v -29.903848 -0.500000 20.000000
v -33.367949 -0.500000 20.000000
v -34.522650 -0.500000 18.000000
v -58.800000 -0.800000 32.800000
v 0.800000 -0.800000 32.800000
v 0.800000 88.800001 32.800000
v -58.800000 88.800001 32.800000
v -57.200001 87.200001 32.800000
v 0.800000 88.800001 30.500000
v -58.800000 88.800001 30.500000
v 0.800000 -0.800000 30.500000
v -58.800000 -0.800000 30.500000
v -60.600000 0.000000 30.500000
v -60.578612 -0.326315 30.500000
v -60.514815 -0.647048 30.500000
v -60.409699 -0.956709 30.500000
v -60.265064 -1.250000 30.500000
v -60.083383 -1.521904 30.500000
v -59.867767 -1.767767 30.500000
v -59.621904 -1.983383 30.500000
v -59.350000 -2.165064 30.500000
v -59.056709 -2.309699 30.500000
v -58.747048 -2.414815 30.500000
v -58.426315 -2.478612 30.500000
v 0.326315 -2.478612 30.500000
v 0.647048 -2.414815 30.500000
v 0.956709 -2.309699 30.500000
v 1.250000 -2.165064 30.500000
v 1.521904 -1.983383 30.500000
v 1.767767 -1.767767 30.500000
v 1.983383 -1.521904 30.500000
v 2.165064 -1.250000 30.500000
v 2.309699 -0.956709 30.500000
v 2.414815 -0.647048 30.500000
v 2.478612 -0.326315 30.500000
v 2.500000 0.000000 30.500000
v 2.500000 88.400000 30.500000
v 2.478612 88.726315 30.500000
v 2.414815 89.047048 30.500000
v 2.309699 89.356709 30.500000
v 2.165064 89.650000 30.500000
v 1.983383 89.921904 30.500000
v 1.767767 90.167767 30.500000
v 1.521904 90.383383 30.500000
v 1.250000 90.565064 30.500000
v 0.956709 90.709699 30.500000
v 0.647048 90.814815 30.500000
v 0.326315 90.878612 30.500000
v 0.000000 90.900000 30.500000
v -58.100000 90.900000 30.500000
v -58.426315 90.878612 30.500000
v -58.747048 90.814815 30.500000
v -59.056709 90.709699 30.500000
v -59.350000 90.565064 30.500000
v -59.621904 90.383383 30.500000
v -59.867767 90.167767 30.500000
v -60.083383 89.921904 30.500000
v -60.265064 89.650000 30.500000
v -60.409699 89.356709 30.500000
v -60.514815 89.047048 30.500000
v -60.578612 88.726315 30.500000
v -60.600000 88.400000 30.500000
v 0.500000 46.238378 9.499512
v 2.500000 46.238378 9.499512
v 2.500000 46.199999 9.499512
v 0.500000 46.199999 9.499512
v -3.500000 88.900000 26.500000
v -20.499999 88.900000 26.500000
v -20.499999 90.900000 26.500000
v -3.500000 90.900000 26.500000
v -3.500000 90.900000 10.000000
v -20.499999 90.900000 10.000000
v -37.800000 90.900000 26.500000
v -37.800000 90.900000 10.000000
v -23.800000 90.900000 10.000000
v -23.800000 90.900000 26.500000
v -55.800000 90.900000 26.500000
v -55.800000 90.900000 10.000000
v -41.800000 90.900000 10.000000
v -41.800000 90.900000 26.500000
v 0.000000 90.900000 0.000000
v -58.100000 90.900000 0.000000
v -58.549999 -0.459547 28.540453
v -60.600000 83.613249 28.499999
v -60.600000 86.399998 28.499999
v -60.600000 69.613249 28.499999
v -60.600000 75.386753 28.499999
v -60.600000 55.613249 28.499999
v -60.600000 61.386753 28.499999
v -60.600000 41.613249 28.499999
v -60.600000 47.386753 28.499999
v -60.600000 2.000000 28.499999
v -60.600000 5.386753 28.499999
v -60.600000 27.613249 28.499999
v -60.600000 33.386753 28.499999
v 0.500000 86.399998 28.500000
v 0.500000 83.613249 28.499999
v 0.500000 75.386753 28.499999
v 0.500000 69.613249 28.499999
v 0.500000 61.386753 28.499999
v 0.500000 55.613249 28.499999
v 0.500000 47.386753 28.499999
v 0.500000 41.613249 28.499999
v 0.500000 33.386753 28.499999
v 0.500000 27.613249 28.499999
v 0.500000 19.386753 28.499999
v 0.500000 13.613249 28.499999
v 0.500000 5.386753 28.499999
v 0.500000 2.000000 28.499999
v 2.500000 75.386753 28.499999
v 2.500000 69.613249 28.499999
v 2.500000 86.399998 28.499999
v 2.500000 83.613249 28.499999
v -60.600000 13.613249 28.499999
v -60.600000 19.386753 28.499999
v 2.500000 5.386753 28.499999
v 2.500000 2.000000 28.499999
v 2.500000 19.386753 28.499999
v 2.500000 13.613249 28.499999
v 2.500000 33.386753 28.499999
v 2.500000 27.613249 28.499999
v 2.500000 47.386753 28.499999
v 2.500000 41.613249 28.499999
v 2.500000 61.386753 28.499999
v 2.500000 55.613249 28.499999
v -20.499999 88.900000 10.000000
v 2.500000 45.700002 14.549999
v 2.500000 45.684809 14.723647
v 2.500000 45.639694 14.892019
v 2.500000 45.566027 15.049999
v 2.500000 45.466046 15.192786
v 2.500000 45.342789 15.316043
v 2.500000 45.200002 15.416024
v 2.500000 45.042022 15.489691
v 2.500000 44.873650 15.534807
v 2.500000 44.700002 15.549999
v 0.500000 44.700002 15.549999
v 0.500000 44.873650 15.534807
v 0.500000 45.042022 15.489691
v 0.500000 45.200002 15.416024
v 0.500000 45.342789 15.316043
v 0.500000 45.466046 15.192786
v 0.500000 45.566027 15.049999
v 0.500000 45.639694 14.892019
v 0.500000 45.684809 14.723647
v 0.500000 45.700002 14.549999
v 2.500000 32.200002 15.549999
v 0.500000 32.200002 15.549999
v 2.500000 44.700002 7.550000
v 2.500000 44.873650 7.565192
v 2.500000 45.042022 7.610308
v 2.500000 45.200002 7.683975
v 2.500000 45.342789 7.783956
v 2.500000 45.466046 7.907213
v 2.500000 45.566027 8.050000
v 2.500000 45.639694 8.207980
v 2.500000 45.684809 8.376352
v 2.500000 45.700002 8.550000
v 0.500000 45.700002 8.550000
v 0.500000 45.684809 8.376352
v 0.500000 45.639694 8.207980
v 0.500000 45.566027 8.050000
v 0.500000 45.466046 7.907213
v 0.500000 45.342789 7.783956
v 0.500000 45.200002 7.683975
v 0.500000 45.042022 7.610308
v 0.500000 44.873650 7.565192
v 0.500000 44.700002 7.550000
v 2.500000 19.699998 8.550000
v 2.500000 19.715190 8.376351
v 2.500000 19.760305 8.207979
v 2.500000 19.833972 8.049999
v 2.500000 19.933953 7.907212
v 2.500000 20.057210 7.783955
v 2.500000 20.199998 7.683974
v 2.500000 20.357978 7.610306
v 2.500000 20.526350 7.565191
v 2.500000 20.699998 7.549999
v 0.500000 20.699998 7.549999
v 0.500000 20.526350 7.565191
v 0.500000 20.357978 7.610306
v 0.500000 20.199998 7.683974
v 0.500000 20.057210 7.783955
v 0.500000 19.933953 7.907212
v 0.500000 19.833972 8.049999
v 0.500000 19.760305 8.207979
v 0.500000 19.715190 8.376351
v 0.500000 19.699998 8.550000
v 2.500000 32.199997 7.550000
v 0.500000 32.199997 7.550000
v 2.500000 20.700001 15.550000
v 2.500000 20.526353 15.534807
v 2.500000 20.357981 15.489692
v 2.500000 20.200001 15.416025
v 2.500000 20.057214 15.316044
v 2.500000 19.933957 15.192788
v 2.500000 19.833976 15.050000
v 2.500000 19.760309 14.892020
v 2.500000 19.715193 14.723648
v 2.500000 19.700001 14.550000
v 0.500000 19.700001 14.550000
v 0.500000 19.715193 14.723648
v 0.500000 19.760309 14.892020
v 0.500000 19.833976 15.050000
v 0.500000 19.933957 15.192788
v 0.500000 20.057214 15.316044
v 0.500000 20.200001 15.416025
v 0.500000 20.357981 15.489692
v 0.500000 20.526353 15.534807
v 0.500000 20.700001 15.550000
v 2.500000 20.950001 15.549999
v 2.500000 30.950002 15.550000
v 2.500000 19.098078 6.500000
v 2.500000 19.964103 5.000000
v 2.500000 18.232052 2.000000
v 2.500000 14.767950 2.000000
v 2.500000 13.035900 5.000000
v 2.500000 13.901925 6.500000
v 2.500000 27.901925 6.500000
v 2.500000 33.098078 6.500000
v 2.500000 33.964103 5.000000
v 2.500000 32.232052 2.000000
v 2.500000 28.767950 2.000000
v 2.500000 27.035900 5.000000
v 2.500000 17.000000 14.650000
v 2.500000 17.000000 8.650000
v 2.500000 16.984808 8.476352
v 2.500000 16.939693 8.307980
v 2.500000 16.866025 8.150000
v 2.500000 16.766044 8.007212
v 2.500000 16.642788 7.883956
v 2.500000 16.500000 7.783975
v 2.500000 16.342020 7.710307
v 2.500000 16.173648 7.665192
v 2.500000 16.000000 7.650000
v 2.500000 5.000000 7.650000
v 2.500000 4.826352 7.665192
v 2.500000 4.657980 7.710307
v 2.500000 4.500000 7.783975
v 2.500000 4.357212 7.883956
v 2.500000 4.233956 8.007212
v 2.500000 4.133975 8.150000
v 2.500000 4.060307 8.307980
v 2.500000 4.015192 8.476352
v 2.500000 4.000000 8.650000
v 2.500000 4.000000 14.650000
v 2.500000 4.015192 14.823648
v 2.500000 4.060307 14.992020
v 2.500000 4.133975 15.150000
v 2.500000 4.233956 15.292788
v 2.500000 4.357212 15.416044
v 2.500000 4.500000 15.516025
v 2.500000 4.657980 15.589693
v 2.500000 4.826352 15.634808
v 2.500000 5.000000 15.650000
v 2.500000 16.000000 15.650000
v 2.500000 16.173648 15.634808
v 2.500000 16.342020 15.589693
v 2.500000 16.500000 15.516025
v 2.500000 16.642788 15.416044
v 2.500000 16.766044 15.292788
v 2.500000 16.866025 15.150000
v 2.500000 16.939693 14.992020
v 2.500000 16.984808 14.823648
v 2.500000 25.260408 19.499331
v 2.500000 26.805631 16.800000
v 2.500000 20.217145 16.800000
v 2.500000 21.796330 19.512097
v 2.500000 39.260408 19.499331
v 2.500000 40.805631 16.800000
v 2.500000 34.217145 16.800000
v 2.500000 35.796330 19.512097
v 2.500000 12.805631 16.800000
v 2.500000 6.217145 16.800000
v 2.500000 7.796330 19.512097
v 2.500000 11.260408 19.499331
v 2.500000 74.232052 2.000000
v 2.500000 70.767950 2.000000
v 2.500000 69.035900 5.000000
v 2.500000 70.767950 8.000000
v 2.500000 74.232052 8.000000
v 2.500000 75.964103 5.000000
v 2.500000 86.399998 23.000000
v 2.500000 86.399998 17.000000
v 2.500000 84.767950 17.000000
v 2.500000 83.035900 20.000000
v 2.500000 84.767950 23.000000
v 2.500000 75.964103 27.500000
v 2.500000 74.232052 24.500000
v 2.500000 70.767950 24.500000
v 2.500000 69.035900 27.500000
v 2.500000 68.675428 2.000000
v 2.500000 62.324575 2.000000
v 2.500000 63.767950 4.500000
v 2.500000 67.232052 4.500000
v 2.500000 61.964103 12.500000
v 2.500000 60.232052 9.500000
v 2.500000 56.767950 9.500000
v 2.500000 55.035900 12.500000
v 2.500000 56.767950 15.500000
v 2.500000 60.232052 15.500000
v 2.500000 53.232052 21.000000
v 2.500000 49.767950 21.000000
v 2.500000 48.035900 24.000000
v 2.500000 49.767950 27.000000
v 2.500000 53.232052 27.000000
v 2.500000 54.964103 24.000000
v 2.500000 33.964103 27.500000
v 2.500000 32.232052 24.500000
v 2.500000 28.767950 24.500000
v 2.500000 27.035900 27.500000
v 2.500000 13.035900 20.000000
v 2.500000 14.767950 23.000000
v 2.500000 18.232052 23.000000
v 2.500000 19.964103 20.000000
v 2.500000 18.232052 17.000000
v 2.500000 14.767950 17.000000
v 2.500000 2.000000 17.000000
v 2.500000 2.000000 23.000000
v 2.500000 4.232052 23.000000
v 2.500000 5.964103 20.000000
v 2.500000 4.232052 17.000000
v 2.500000 6.035900 24.000000
v 2.500000 7.767950 27.000000
v 2.500000 11.232052 27.000000
v 2.500000 12.964103 24.000000
v 2.500000 11.232052 21.000000
v 2.500000 7.767950 21.000000
v 2.500000 32.232052 23.000000
v 2.500000 33.964103 20.000000
v 2.500000 32.232052 17.000000
v 2.500000 28.767950 17.000000
v 2.500000 27.035900 20.000000
v 2.500000 28.767950 23.000000
v 2.500000 47.964103 27.500000
v 2.500000 46.232052 24.500000
v 2.500000 42.767950 24.500000
v 2.500000 41.035900 27.500000
v 2.500000 61.964103 20.000000
v 2.500000 60.232052 17.000000
v 2.500000 56.767950 17.000000
v 2.500000 55.035900 20.000000
v 2.500000 56.767950 23.000000
v 2.500000 60.232052 23.000000
v 2.500000 54.675428 2.000000
v 2.500000 48.324575 2.000000
v 2.500000 49.767950 4.500000
v 2.500000 53.232052 4.500000
v 2.500000 26.675428 2.000000
v 2.500000 20.324575 2.000000
v 2.500000 21.767950 4.500000
v 2.500000 25.232052 4.500000
v 2.500000 63.767950 27.000000
v 2.500000 67.232052 27.000000
v 2.500000 68.964103 24.000000
v 2.500000 67.232052 21.000000
v 2.500000 63.767950 21.000000
v 2.500000 62.035900 24.000000
v 2.500000 81.232052 13.500000
v 2.500000 77.767950 13.500000
v 2.500000 76.035900 16.500000
v 2.500000 77.767950 19.500000
v 2.500000 81.232052 19.500000
v 2.500000 82.964103 16.500000
v 2.500000 86.399998 15.500000
v 2.500000 86.399998 9.500000
v 2.500000 84.767950 9.500000
v 2.500000 83.035900 12.500000
v 2.500000 84.767950 15.500000
v 2.500000 82.675428 2.000000
v 2.500000 76.324575 2.000000
v 2.500000 77.767950 4.500000
v 2.500000 81.232052 4.500000
v 2.500000 74.232052 15.500000
v 2.500000 75.964103 12.500000
v 2.500000 74.232052 9.500000
v 2.500000 70.767950 9.500000
v 2.500000 69.035900 12.500000
v 2.500000 70.767950 15.500000
v 2.500000 70.767950 17.000000
v 2.500000 69.035900 20.000000
v 2.500000 70.767950 23.000000
v 2.500000 74.232052 23.000000
v 2.500000 75.964103 20.000000
v 2.500000 74.232052 17.000000
v 2.500000 63.767950 6.000000
v 2.500000 62.035900 9.000000
v 2.500000 63.767950 12.000000
v 2.500000 67.232052 12.000000
v 2.500000 68.964103 9.000000
v 2.500000 67.232052 6.000000
v 2.500000 40.675428 2.000000
v 2.500000 34.324575 2.000000
v 2.500000 35.767950 4.500000
v 2.500000 39.232052 4.500000
v 2.500000 49.767950 6.000000
v 2.500000 48.035900 9.000000
v 2.500000 49.767950 12.000000
v 2.500000 53.232052 12.000000
v 2.500000 54.964103 9.000000
v 2.500000 53.232052 6.000000
v 2.500000 49.767950 13.500000
v 2.500000 48.035900 16.500000
v 2.500000 49.767950 19.500000
v 2.500000 53.232052 19.500000
v 2.500000 54.964103 16.500000
v 2.500000 53.232052 13.500000
v 2.500000 39.232052 21.000000
v 2.500000 35.767950 21.000000
v 2.500000 34.035900 24.000000
v 2.500000 35.767950 27.000000
v 2.500000 39.232052 27.000000
v 2.500000 40.964103 24.000000
v 2.500000 19.964103 27.500000
v 2.500000 18.232052 24.500000
v 2.500000 14.767950 24.500000
v 2.500000 13.035900 27.500000
v 2.500000 4.232052 2.000000
v 2.500000 2.000000 2.000000
v 2.500000 2.000000 6.500000
v 2.500000 5.098078 6.500000
v 2.500000 5.964103 5.000000
v 2.500000 5.964103 27.500000
v 2.500000 4.232052 24.500000
v 2.500000 2.000000 24.500000
v 2.500000 12.675428 2.000000
v 2.500000 6.324575 2.000000
v 2.500000 7.767950 4.500000
v 2.500000 11.232052 4.500000
v 2.500000 25.232052 21.000000
v 2.500000 21.767950 21.000000
v 2.500000 20.035900 24.000000
v 2.500000 21.767950 27.000000
v 2.500000 25.232052 27.000000
v 2.500000 26.964103 24.000000
v 2.500000 42.767950 17.000000
v 2.500000 41.035900 20.000000
v 2.500000 42.767950 23.000000
v 2.500000 46.232052 23.000000
v 2.500000 47.964103 20.000000
v 2.500000 46.232052 17.000000
v 2.500000 61.964103 27.500000
v 2.500000 60.232052 24.500000
v 2.500000 56.767950 24.500000
v 2.500000 55.035900 27.500000
v 2.500000 60.232052 2.000000
v 2.500000 56.767950 2.000000
v 2.500000 55.035900 5.000000
v 2.500000 56.767950 8.000000
v 2.500000 60.232052 8.000000
v 2.500000 61.964103 5.000000
v 2.500000 62.035900 16.500000
v 2.500000 63.767950 19.500000
v 2.500000 67.232052 19.500000
v 2.500000 68.964103 16.500000
v 2.500000 67.232052 13.500000
v 2.500000 63.767950 13.500000
v 2.500000 81.232052 21.000000
v 2.500000 77.767950 21.000000
v 2.500000 76.035900 24.000000
v 2.500000 77.767950 27.000000
v 2.500000 81.232052 27.000000
v 2.500000 82.964103 24.000000
v 2.500000 77.767950 6.000000
v 2.500000 76.035900 9.000000
v 2.500000 77.767950 12.000000
v 2.500000 81.232052 12.000000
v 2.500000 82.964103 9.000000
v 2.500000 81.232052 6.000000
v 2.500000 86.399998 2.000000
v 2.500000 84.767950 2.000000
v 2.500000 83.035900 5.000000
v 2.500000 84.767950 8.000000
v 2.500000 86.399998 8.000000
v 2.500000 0.000000 0.000000
v 2.500000 88.400000 0.000000
v 2.500000 86.399998 24.500000
v 2.500000 84.767950 24.500000
v 2.500000 83.035900 27.500000
v 2.500000 47.098078 6.500000
v 2.500000 47.964103 5.000000
v 2.500000 46.232052 2.000000
v 2.500000 42.767950 2.000000
v 2.500000 41.035900 5.000000
v 2.500000 41.901925 6.500000
v 2.500000 46.238296 9.499371
v 0.500000 30.950002 15.550000
v 0.500000 20.950001 15.549999
v 0.500000 16.000000 15.650000
v 0.500000 16.173648 15.634808
v 0.500000 16.342020 15.589693
v 0.500000 16.500000 15.516025
v 0.500000 16.642788 15.416044
v 0.500000 16.766044 15.292788
v 0.500000 16.866025 15.150000
v 0.500000 16.939693 14.992020
v 0.500000 16.984808 14.823648
v 0.500000 17.000000 14.650000
v 0.500000 5.000000 15.650000
v 0.500000 17.000000 8.650000
v 0.500000 16.984808 8.476352
v 0.500000 16.939693 8.307980
v 0.500000 16.866025 8.150000
v 0.500000 16.766044 8.007212
v 0.500000 16.642788 7.883956
v 0.500000 16.500000 7.783975
v 0.500000 16.342020 7.710307
v 0.500000 16.173648 7.665192
v 0.500000 16.000000 7.650000
v 0.500000 5.000000 7.650000
v 0.500000 4.826352 7.665192
v 0.500000 4.657980 7.710307
v 0.500000 4.500000 7.783975
v 0.500000 4.357212 7.883956
v 0.500000 4.233956 8.007212
v 0.500000 4.133975 8.150000
v 0.500000 4.060307 8.307980
v 0.500000 4.015192 8.476352
v 0.500000 4.000000 8.650000
v 0.500000 4.000000 14.650000
v 0.500000 4.015192 14.823648
v 0.500000 4.060307 14.992020
v 0.500000 4.133975 15.150000
v 0.500000 4.233956 15.292788
v 0.500000 4.357212 15.416044
v 0.500000 4.500000 15.516025
v 0.500000 4.657980 15.589693
v 0.500000 4.826352 15.634808
v 0.500000 47.098078 6.500000
v 0.500000 47.964103 5.000000
v 0.500000 20.217145 16.800000
v 0.500000 21.796330 19.512097
v 0.500000 26.805631 16.800000
v 0.500000 25.260408 19.499331
v 0.500000 34.217145 16.800000
v 0.500000 35.796330 19.512097
v 0.500000 40.805631 16.800000
v 0.500000 39.260408 19.499331
v 0.500000 7.796330 19.512097
v 0.500000 11.260408 19.499331
v 0.500000 6.217145 16.800000
v 0.500000 12.805631 16.800000
v 0.500000 46.238296 9.499371
v 0.500000 2.000000 6.500000
v 0.500000 5.098078 6.500000
v 0.500000 5.964103 5.000000
v 0.500000 13.901925 6.500000
v 0.500000 19.098078 6.500000
v 0.500000 13.035900 5.000000
v 0.500000 41.901925 6.500000
v 0.500000 27.901925 6.500000
v 0.500000 33.098078 6.500000
v 0.500000 27.035900 5.000000
v 0.500000 84.767950 24.500000
v 0.500000 83.035900 27.500000
v 0.500000 86.399998 24.500000
v 0.500000 28.767950 2.000000
v 0.500000 32.232052 2.000000
v 0.500000 33.964103 5.000000
v 0.500000 19.964103 5.000000
v 0.500000 14.767950 2.000000
v 0.500000 18.232052 2.000000
v 0.500000 88.900000 0.000000
v 0.500000 2.000000 24.500000
v 0.500000 4.232052 24.500000
v 0.500000 5.964103 27.500000
v 0.500000 13.035900 27.500000
v 0.500000 14.767950 24.500000
v 0.500000 18.232052 24.500000
v 0.500000 19.964103 27.500000
v 0.500000 27.035900 27.500000
v 0.500000 28.767950 24.500000
v 0.500000 32.232052 24.500000
v 0.500000 33.964103 27.500000
v 0.500000 41.035900 27.500000
v 0.500000 42.767950 24.500000
v 0.500000 46.232052 24.500000
v 0.500000 47.964103 27.500000
v 0.500000 55.035900 27.500000
v 0.500000 56.767950 24.500000
v 0.500000 60.232052 24.500000
v 0.500000 61.964103 27.500000
v 0.500000 69.035900 27.500000
v 0.500000 70.767950 24.500000
v 0.500000 74.232052 24.500000
v 0.500000 75.964103 27.500000
v 0.500000 70.767950 2.000000
v 0.500000 74.232052 2.000000
v 0.500000 75.964103 5.000000
v 0.500000 74.232052 8.000000
v 0.500000 70.767950 8.000000
v 0.500000 69.035900 5.000000
v 0.500000 86.399998 17.000000
v 0.500000 86.399998 23.000000
v 0.500000 84.767950 23.000000
v 0.500000 83.035900 20.000000
v 0.500000 84.767950 17.000000
v 0.500000 62.324575 2.000000
v 0.500000 68.675428 2.000000
v 0.500000 67.232052 4.500000
v 0.500000 63.767950 4.500000
v 0.500000 41.035900 5.000000
v 0.500000 42.767950 2.000000
v 0.500000 46.232052 2.000000
v 0.500000 60.232052 9.500000
v 0.500000 61.964103 12.500000
v 0.500000 60.232052 15.500000
v 0.500000 56.767950 15.500000
v 0.500000 55.035900 12.500000
v 0.500000 56.767950 9.500000
v 0.500000 49.767950 21.000000
v 0.500000 53.232052 21.000000
v 0.500000 54.964103 24.000000
v 0.500000 53.232052 27.000000
v 0.500000 49.767950 27.000000
v 0.500000 48.035900 24.000000
v 0.500000 14.767950 23.000000
v 0.500000 13.035900 20.000000
v 0.500000 14.767950 17.000000
v 0.500000 18.232052 17.000000
v 0.500000 19.964103 20.000000
v 0.500000 18.232052 23.000000
v 0.500000 2.000000 23.000000
v 0.500000 2.000000 17.000000
v 0.500000 4.232052 17.000000
v 0.500000 5.964103 20.000000
v 0.500000 4.232052 23.000000
v 0.500000 7.767950 27.000000
v 0.500000 6.035900 24.000000
v 0.500000 7.767950 21.000000
v 0.500000 11.232052 21.000000
v 0.500000 12.964103 24.000000
v 0.500000 11.232052 27.000000
v 0.500000 33.964103 20.000000
v 0.500000 32.232052 23.000000
v 0.500000 28.767950 23.000000
v 0.500000 27.035900 20.000000
v 0.500000 28.767950 17.000000
v 0.500000 32.232052 17.000000
v 0.500000 60.232052 17.000000
v 0.500000 61.964103 20.000000
v 0.500000 60.232052 23.000000
v 0.500000 56.767950 23.000000
v 0.500000 55.035900 20.000000
v 0.500000 56.767950 17.000000
v 0.500000 48.324575 2.000000
v 0.500000 54.675428 2.000000
v 0.500000 53.232052 4.500000
v 0.500000 49.767950 4.500000
v 0.500000 20.324575 2.000000
v 0.500000 26.675428 2.000000
v 0.500000 25.232052 4.500000
v 0.500000 21.767950 4.500000
v 0.500000 67.232052 27.000000
v 0.500000 63.767950 27.000000
v 0.500000 62.035900 24.000000
v 0.500000 63.767950 21.000000
v 0.500000 67.232052 21.000000
v 0.500000 68.964103 24.000000
v 0.500000 77.767950 13.500000
v 0.500000 81.232052 13.500000
v 0.500000 82.964103 16.500000
v 0.500000 81.232052 19.500000
v 0.500000 77.767950 19.500000
v 0.500000 76.035900 16.500000
v 0.500000 86.399998 9.500000
v 0.500000 86.399998 15.500000
v 0.500000 84.767950 15.500000
v 0.500000 83.035900 12.500000
v 0.500000 84.767950 9.500000
v 0.500000 76.324575 2.000000
v 0.500000 82.675428 2.000000
v 0.500000 81.232052 4.500000
v 0.500000 77.767950 4.500000
v 0.500000 75.964103 12.500000
v 0.500000 74.232052 15.500000
v 0.500000 70.767950 15.500000
v 0.500000 69.035900 12.500000
v 0.500000 70.767950 9.500000
v 0.500000 74.232052 9.500000
v 0.500000 69.035900 20.000000
v 0.500000 70.767950 17.000000
v 0.500000 74.232052 17.000000
v 0.500000 75.964103 20.000000
v 0.500000 74.232052 23.000000
v 0.500000 70.767950 23.000000
v 0.500000 62.035900 9.000000
v 0.500000 63.767950 6.000000
v 0.500000 67.232052 6.000000
v 0.500000 68.964103 9.000000
v 0.500000 67.232052 12.000000
v 0.500000 63.767950 12.000000
v 0.500000 34.324575 2.000000
v 0.500000 40.675428 2.000000
v 0.500000 39.232052 4.500000
v 0.500000 35.767950 4.500000
v 0.500000 48.035900 9.000000
v 0.500000 49.767950 6.000000
v 0.500000 53.232052 6.000000
v 0.500000 54.964103 9.000000
v 0.500000 53.232052 12.000000
v 0.500000 49.767950 12.000000
v 0.500000 48.035900 16.500000
v 0.500000 49.767950 13.500000
v 0.500000 53.232052 13.500000
v 0.500000 54.964103 16.500000
v 0.500000 53.232052 19.500000
v 0.500000 49.767950 19.500000
v 0.500000 35.767950 21.000000
v 0.500000 39.232052 21.000000
v 0.500000 40.964103 24.000000
v 0.500000 39.232052 27.000000
v 0.500000 35.767950 27.000000
v 0.500000 34.035900 24.000000
v 0.500000 2.000000 2.000000
v 0.500000 4.232052 2.000000
v 0.500000 6.324575 2.000000
v 0.500000 12.675428 2.000000
v 0.500000 11.232052 4.500000
v 0.500000 7.767950 4.500000
v 0.500000 21.767950 21.000000
v 0.500000 25.232052 21.000000
v 0.500000 26.964103 24.000000
v 0.500000 25.232052 27.000000
v 0.500000 21.767950 27.000000
v 0.500000 20.035900 24.000000
v 0.500000 41.035900 20.000000
v 0.500000 42.767950 17.000000
v 0.500000 46.232052 17.000000
v 0.500000 47.964103 20.000000
v 0.500000 46.232052 23.000000
v 0.500000 42.767950 23.000000
v 0.500000 56.767950 2.000000
v 0.500000 60.232052 2.000000
v 0.500000 61.964103 5.000000
v 0.500000 60.232052 8.000000
v 0.500000 56.767950 8.000000
v 0.500000 55.035900 5.000000
v 0.500000 63.767950 19.500000
v 0.500000 62.035900 16.500000
v 0.500000 63.767950 13.500000
v 0.500000 67.232052 13.500000
v 0.500000 68.964103 16.500000
v 0.500000 67.232052 19.500000
v 0.500000 77.767950 21.000000
v 0.500000 81.232052 21.000000
v 0.500000 82.964103 24.000000
v 0.500000 81.232052 27.000000
v 0.500000 77.767950 27.000000
v 0.500000 76.035900 24.000000
v 0.500000 76.035900 9.000000
v 0.500000 77.767950 6.000000
v 0.500000 81.232052 6.000000
v 0.500000 82.964103 9.000000
v 0.500000 81.232052 12.000000
v 0.500000 77.767950 12.000000
v 0.500000 84.767950 2.000000
v 0.500000 86.399998 2.000000
v 0.500000 86.399998 8.000000
v 0.500000 84.767950 8.000000
v 0.500000 83.035900 5.000000
v -60.600000 4.232052 15.500000
v -60.600000 5.964103 12.500000
v -58.600000 5.964103 12.500000
v -58.600000 4.232052 15.500000
v -60.600000 4.232052 9.500000
v -58.600000 4.232052 9.500000
v -60.600000 2.000000 9.500000
v -58.600000 2.000000 9.500000
v -60.600000 2.000000 15.500000
v -58.600000 2.000000 15.500000
v -60.600000 11.232052 19.500000
v -60.600000 12.964103 16.500000
v -58.600000 12.964103 16.500000
v -58.600000 11.232052 19.500000
v -60.600000 11.232052 13.500000
v -58.600000 11.232052 13.500000
v -60.600000 7.767950 13.500000
v -58.600000 7.767950 13.500000
v -60.600000 6.035900 16.500000
v -58.600000 6.035900 16.500000
v -60.600000 7.767950 19.500000
v -58.600000 7.767950 19.500000
v -60.600000 19.964103 12.500000
v -60.600000 18.232052 9.500000
v -58.600000 18.232052 9.500000
v -58.600000 19.964103 12.500000
v -60.600000 14.767950 9.500000
v -58.600000 14.767950 9.500000
v -60.600000 13.035900 12.500000
v -58.600000 13.035900 12.500000
v -60.600000 14.767950 15.500000
v -58.600000 14.767950 15.500000
v -60.600000 18.232052 15.500000
v -58.600000 18.232052 15.500000
v -60.600000 21.767950 19.500000
v -60.600000 25.232052 19.500000
v -58.600000 25.232052 19.500000
v -58.600000 21.767950 19.500000
v -60.600000 26.964103 16.500000
v -58.600000 26.964103 16.500000
v -60.600000 25.232052 13.500000
v -58.600000 25.232052 13.500000
v -60.600000 21.767950 13.500000
v -58.600000 21.767950 13.500000
v -60.600000 20.035900 16.500000
v -58.600000 20.035900 16.500000
v -60.600000 28.767950 9.500000
v -60.600000 27.035900 12.500000
v -58.600000 27.035900 12.500000
v -58.600000 28.767950 9.500000
v -60.600000 28.767950 15.500000
v -58.600000 28.767950 15.500000
v -60.600000 32.232052 15.500000
v -58.600000 32.232052 15.500000
v -60.600000 33.964103 12.500000
v -58.600000 33.964103 12.500000
v -60.600000 32.232052 9.500000
v -58.600000 32.232052 9.500000
v -60.600000 35.767950 13.500000
v -60.600000 34.035900 16.500000
v -58.600000 34.035900 16.500000
v -58.600000 35.767950 13.500000
v -60.600000 35.767950 19.500000
v -58.600000 35.767950 19.500000
v -60.600000 39.232052 19.500000
v -58.600000 39.232052 19.500000
v -60.600000 40.964103 16.500000
v -58.600000 40.964103 16.500000
v -60.600000 39.232052 13.500000
v -58.600000 39.232052 13.500000
v -60.600000 42.767950 15.500000
v -60.600000 46.232052 15.500000
v -58.600000 46.232052 15.500000
v -58.600000 42.767950 15.500000
v -60.600000 47.964103 12.500000
v -58.600000 47.964103 12.500000
v -60.600000 46.232052 9.500000
v -58.600000 46.232052 9.500000
v -60.600000 42.767950 9.500000
v -58.600000 42.767950 9.500000
v -60.600000 41.035900 12.500000
v -58.600000 41.035900 12.500000
v -60.600000 49.767950 19.500000
v -60.600000 53.232052 19.500000
v -58.600000 53.232052 19.500000
v -58.600000 49.767950 19.500000
v -60.600000 54.964103 16.500000
v -58.600000 54.964103 16.500000
v -60.600000 53.232052 13.500000
v -58.600000 53.232052 13.500000
v -60.600000 49.767950 13.500000
v -58.600000 49.767950 13.500000
v -60.600000 48.035900 16.500000
v -58.600000 48.035900 16.500000
v -60.600000 56.767950 9.500000
v -60.600000 55.035900 12.500000
v -58.600000 55.035900 12.500000
v -58.600000 56.767950 9.500000
v -60.600000 56.767950 15.500000
v -58.600000 56.767950 15.500000
v -60.600000 60.232052 15.500000
v -58.600000 60.232052 15.500000
v -60.600000 61.964103 12.500000
v -58.600000 61.964103 12.500000
v -60.600000 60.232052 9.500000
v -58.600000 60.232052 9.500000
v -60.600000 61.964103 27.500000
v -60.600000 60.232052 24.500000
v -58.600000 60.232052 24.500000
v -58.600000 61.964103 27.500000
v -60.600000 56.767950 24.500000
v -58.600000 56.767950 24.500000
v -60.600000 55.035900 27.500000
v -58.600000 55.035900 27.500000
v -60.600000 76.035900 16.500000
v -60.600000 77.767950 19.500000
v -58.600000 77.767950 19.500000
v -58.600000 76.035900 16.500000
v -60.600000 81.232052 19.500000
v -58.600000 81.232052 19.500000
v -60.600000 82.964103 16.500000
v -58.600000 82.964103 16.500000
v -60.600000 81.232052 13.500000
v -58.600000 81.232052 13.500000
v -60.600000 77.767950 13.500000
v -58.600000 77.767950 13.500000
v -60.600000 77.767950 12.000000
v -60.600000 81.232052 12.000000
v -58.600000 81.232052 12.000000
v -58.600000 77.767950 12.000000
v -60.600000 82.964103 9.000000
v -58.600000 82.964103 9.000000
v -60.600000 81.232052 6.000000
v -58.600000 81.232052 6.000000
v -60.600000 77.767950 6.000000
v -58.600000 77.767950 6.000000
v -60.600000 76.035900 9.000000
v -58.600000 76.035900 9.000000
v -60.600000 76.035900 24.000000
v -60.600000 77.767950 27.000000
v -58.600000 77.767950 27.000000
v -58.600000 76.035900 24.000000
v -60.600000 81.232052 27.000000
v -58.600000 81.232052 27.000000
v -60.600000 82.964103 24.000000
v -58.600000 82.964103 24.000000
v -60.600000 81.232052 21.000000
v -58.600000 81.232052 21.000000
v -60.600000 77.767950 21.000000
v -58.600000 77.767950 21.000000
v -60.600000 84.767950 17.000000
v -60.600000 83.035900 20.000000
v -58.600000 83.035900 20.000000
v -58.600000 84.767950 17.000000
v -60.600000 84.767950 23.000000
v -58.600000 84.767950 23.000000
v -60.600000 86.399998 23.000000
v -58.600000 86.399998 23.000000
v -60.600000 86.399998 17.000000
v -58.600000 86.399998 17.000000
v -60.600000 77.767950 4.500000
v -60.600000 81.232052 4.500000
v -58.600000 81.232052 4.500000
v -58.600000 77.767950 4.500000
v -60.600000 82.675428 2.000000
v -58.600000 82.675428 2.000000
v -60.600000 76.324575 2.000000
v -58.600000 76.324575 2.000000
v -60.600000 70.767950 23.000000
v -60.600000 74.232052 23.000000
v -58.600000 74.232052 23.000000
v -58.600000 70.767950 23.000000
v -60.600000 75.964103 20.000000
v -58.600000 75.964103 20.000000
v -60.600000 74.232052 17.000000
v -58.600000 74.232052 17.000000
v -60.600000 70.767950 17.000000
v -58.600000 70.767950 17.000000
v -60.600000 69.035900 20.000000
v -58.600000 69.035900 20.000000
v -60.600000 67.232052 19.500000
v -60.600000 68.964103 16.500000
v -58.600000 68.964103 16.500000
v -58.600000 67.232052 19.500000
v -60.600000 67.232052 13.500000
v -58.600000 67.232052 13.500000
v -60.600000 63.767950 13.500000
v -58.600000 63.767950 13.500000
v -60.600000 62.035900 16.500000
v -58.600000 62.035900 16.500000
v -60.600000 63.767950 19.500000
v -58.600000 63.767950 19.500000
v -60.600000 63.767950 4.500000
v -60.600000 67.232052 4.500000
v -58.600000 67.232052 4.500000
v -58.600000 63.767950 4.500000
v -60.600000 68.675428 2.000000
v -58.600000 68.675428 2.000000
v -60.600000 62.324575 2.000000
v -58.600000 62.324575 2.000000
v -60.600000 49.767950 12.000000
v -60.600000 53.232052 12.000000
v -58.600000 53.232052 12.000000
v -58.600000 49.767950 12.000000
v -60.600000 54.964103 9.000000
v -58.600000 54.964103 9.000000
v -60.600000 53.232052 6.000000
v -58.600000 53.232052 6.000000
v -60.600000 49.767950 6.000000
v -58.600000 49.767950 6.000000
v -60.600000 48.035900 9.000000
v -58.600000 48.035900 9.000000
v -60.600000 42.767950 23.000000
v -60.600000 46.232052 23.000000
v -58.600000 46.232052 23.000000
v -58.600000 42.767950 23.000000
v -60.600000 47.964103 20.000000
v -58.600000 47.964103 20.000000
v -60.600000 46.232052 17.000000
v -58.600000 46.232052 17.000000
v -60.600000 42.767950 17.000000
v -58.600000 42.767950 17.000000
v -60.600000 41.035900 20.000000
v -58.600000 41.035900 20.000000
v -60.600000 35.767950 6.000000
v -60.600000 34.035900 9.000000
v -58.600000 34.035900 9.000000
v -58.600000 35.767950 6.000000
v -60.600000 35.767950 12.000000
v -58.600000 35.767950 12.000000
v -60.600000 39.232052 12.000000
v -58.600000 39.232052 12.000000
v -60.600000 40.964103 9.000000
v -58.600000 40.964103 9.000000
v -60.600000 39.232052 6.000000
v -58.600000 39.232052 6.000000
v -60.600000 32.232052 17.000000
v -60.600000 28.767950 17.000000
v -58.600000 28.767950 17.000000
v -58.600000 32.232052 17.000000
v -60.600000 27.035900 20.000000
v -58.600000 27.035900 20.000000
v -60.600000 28.767950 23.000000
v -58.600000 28.767950 23.000000
v -60.600000 32.232052 23.000000
v -58.600000 32.232052 23.000000
v -60.600000 33.964103 20.000000
v -58.600000 33.964103 20.000000
v -60.600000 20.035900 9.000000
v -60.600000 21.767950 12.000000
v -58.600000 21.767950 12.000000
v -58.600000 20.035900 9.000000
v -60.600000 25.232052 12.000000
v -58.600000 25.232052 12.000000
v -60.600000 26.964103 9.000000
v -58.600000 26.964103 9.000000
v -60.600000 25.232052 6.000000
v -58.600000 25.232052 6.000000
v -60.600000 21.767950 6.000000
v -58.600000 21.767950 6.000000
v -60.600000 18.232052 23.000000
v -60.600000 19.964103 20.000000
v -58.600000 19.964103 20.000000
v -58.600000 18.232052 23.000000
v -60.600000 18.232052 17.000000
v -58.600000 18.232052 17.000000
v -60.600000 14.767950 17.000000
v -58.600000 14.767950 17.000000
v -60.600000 13.035900 20.000000
v -58.600000 13.035900 20.000000
v -60.600000 14.767950 23.000000
v -58.600000 14.767950 23.000000
v -60.600000 11.232052 6.000000
v -60.600000 7.767950 6.000000
v -58.600000 7.767950 6.000000
v -58.600000 11.232052 6.000000
v -60.600000 6.035900 9.000000
v -58.600000 6.035900 9.000000
v -60.600000 7.767950 12.000000
v -58.600000 7.767950 12.000000
v -60.600000 11.232052 12.000000
v -58.600000 11.232052 12.000000
v -60.600000 12.964103 9.000000
v -58.600000 12.964103 9.000000
v -60.600000 4.232052 23.000000
v -60.600000 5.964103 20.000000
v -58.600000 5.964103 20.000000
v -58.600000 4.232052 23.000000
v -60.600000 4.232052 17.000000
v -58.600000 4.232052 17.000000
v -60.600000 2.000000 17.000000
v -58.600000 2.000000 17.000000
v -60.600000 2.000000 23.000000
v -58.600000 2.000000 23.000000
v -60.600000 2.000000 8.000000
v -60.600000 4.232052 8.000000
v -58.600000 4.232052 8.000000
v -58.600000 2.000000 8.000000
v -60.600000 5.964103 5.000000
v -58.600000 5.964103 5.000000
v -60.600000 4.232052 2.000000
v -58.600000 4.232052 2.000000
v -60.600000 2.000000 2.000000
v -58.600000 2.000000 2.000000
v -60.600000 11.232052 27.000000
v -60.600000 12.964103 24.000000
v -58.600000 12.964103 24.000000
v -58.600000 11.232052 27.000000
v -60.600000 11.232052 21.000000
v -58.600000 11.232052 21.000000
v -60.600000 7.767950 21.000000
v -58.600000 7.767950 21.000000
v -60.600000 6.035900 24.000000
v -58.600000 6.035900 24.000000
v -60.600000 7.767950 27.000000
v -58.600000 7.767950 27.000000
v -60.600000 13.035900 5.000000
v -60.600000 14.767950 8.000000
v -58.600000 14.767950 8.000000
v -58.600000 13.035900 5.000000
v -60.600000 18.232052 8.000000
v -58.600000 18.232052 8.000000
v -60.600000 19.964103 5.000000
v -58.600000 19.964103 5.000000
v -60.600000 18.232052 2.000000
v -58.600000 18.232052 2.000000
v -60.600000 14.767950 2.000000
v -58.600000 14.767950 2.000000
v -60.600000 20.035900 24.000000
v -60.600000 21.767950 27.000000
v -58.600000 21.767950 27.000000
v -58.600000 20.035900 24.000000
v -60.600000 25.232052 27.000000
v -58.600000 25.232052 27.000000
v -60.600000 26.964103 24.000000
v -58.600000 26.964103 24.000000
v -60.600000 25.232052 21.000000
v -58.600000 25.232052 21.000000
v -60.600000 21.767950 21.000000
v -58.600000 21.767950 21.000000
v -60.600000 27.035900 5.000000
v -60.600000 28.767950 8.000000
v -58.600000 28.767950 8.000000
v -58.600000 27.035900 5.000000
v -60.600000 32.232052 8.000000
v -58.600000 32.232052 8.000000
v -60.600000 33.964103 5.000000
v -58.600000 33.964103 5.000000
v -60.600000 32.232052 2.000000
v -58.600000 32.232052 2.000000
v -60.600000 28.767950 2.000000
v -58.600000 28.767950 2.000000
v -60.600000 34.035900 24.000000
v -60.600000 35.767950 27.000000
v -58.600000 35.767950 27.000000
v -58.600000 34.035900 24.000000
v -60.600000 39.232052 27.000000
v -58.600000 39.232052 27.000000
v -60.600000 40.964103 24.000000
v -58.600000 40.964103 24.000000
v -60.600000 39.232052 21.000000
v -58.600000 39.232052 21.000000
v -60.600000 35.767950 21.000000
v -58.600000 35.767950 21.000000
v -60.600000 41.035900 5.000000
v -60.600000 42.767950 8.000000
v -58.600000 42.767950 8.000000
v -58.600000 41.035900 5.000000
v -60.600000 46.232052 8.000000
v -58.600000 46.232052 8.000000
v -60.600000 47.964103 5.000000
v -58.600000 47.964103 5.000000
v -60.600000 46.232052 2.000000
v -58.600000 46.232052 2.000000
v -60.600000 42.767950 2.000000
v -58.600000 42.767950 2.000000
v -60.600000 48.035900 24.000000
v -60.600000 49.767950 27.000000
v -58.600000 49.767950 27.000000
v -58.600000 48.035900 24.000000
v -60.600000 53.232052 27.000000
v -58.600000 53.232052 27.000000
v -60.600000 54.964103 24.000000
v -58.600000 54.964103 24.000000
v -60.600000 53.232052 21.000000
v -58.600000 53.232052 21.000000
v -60.600000 49.767950 21.000000
v -58.600000 49.767950 21.000000
v -60.600000 55.035900 5.000000
v -60.600000 56.767950 8.000000
v -58.600000 56.767950 8.000000
v -58.600000 55.035900 5.000000
v -60.600000 60.232052 8.000000
v -58.600000 60.232052 8.000000
v -60.600000 61.964103 5.000000
v -58.600000 61.964103 5.000000
v -60.600000 60.232052 2.000000
v -58.600000 60.232052 2.000000
v -60.600000 56.767950 2.000000
v -58.600000 56.767950 2.000000
v -60.600000 68.964103 24.000000
v -60.600000 67.232052 21.000000
v -58.600000 67.232052 21.000000
v -58.600000 68.964103 24.000000
v -60.600000 63.767950 21.000000
v -58.600000 63.767950 21.000000
v -60.600000 62.035900 24.000000
v -58.600000 62.035900 24.000000
v -60.600000 63.767950 27.000000
v -58.600000 63.767950 27.000000
v -60.600000 67.232052 27.000000
v -58.600000 67.232052 27.000000
v -60.600000 74.232052 9.500000
v -60.600000 70.767950 9.500000
v -58.600000 70.767950 9.500000
v -58.600000 74.232052 9.500000
v -60.600000 69.035900 12.500000
v -58.600000 69.035900 12.500000
v -60.600000 70.767950 15.500000
v -58.600000 70.767950 15.500000
v -60.600000 74.232052 15.500000
v -58.600000 74.232052 15.500000
v -60.600000 75.964103 12.500000
v -58.600000 75.964103 12.500000
v -60.600000 83.035900 5.000000
v -60.600000 84.767950 8.000000
v -58.600000 84.767950 8.000000
v -58.600000 83.035900 5.000000
v -60.600000 86.399998 8.000000
v -58.600000 86.399998 8.000000
v -60.600000 86.399998 2.000000
v -58.600000 86.399998 2.000000
v -60.600000 84.767950 2.000000
v -58.600000 84.767950 2.000000
v -60.600000 84.767950 24.500000
v -60.600000 83.035900 27.500000
v -58.600000 83.035900 27.500000
v -58.600000 84.767950 24.500000
v -60.600000 86.399998 24.500000
v -58.600000 86.399998 24.500000
v -60.600000 84.767950 9.500000
v -60.600000 83.035900 12.500000
v -58.600000 83.035900 12.500000
v -58.600000 84.767950 9.500000
v -60.600000 84.767950 15.500000
v -58.600000 84.767950 15.500000
v -60.600000 86.399998 15.500000
v -58.600000 86.399998 15.500000
v -60.600000 86.399998 9.500000
v -58.600000 86.399998 9.500000
v -60.600000 69.035900 5.000000
v -60.600000 70.767950 8.000000
v -58.600000 70.767950 8.000000
v -58.600000 69.035900 5.000000
v -60.600000 74.232052 8.000000
v -58.600000 74.232052 8.000000
v -60.600000 75.964103 5.000000
v -58.600000 75.964103 5.000000
v -60.600000 74.232052 2.000000
v -58.600000 74.232052 2.000000
v -60.600000 70.767950 2.000000
v -58.600000 70.767950 2.000000
v -60.600000 75.964103 27.500000
v -60.600000 74.232052 24.500000
v -58.600000 74.232052 24.500000
v -58.600000 75.964103 27.500000
v -60.600000 70.767950 24.500000
v -58.600000 70.767950 24.500000
v -60.600000 69.035900 27.500000
v -58.600000 69.035900 27.500000
v -60.600000 63.767950 12.000000
v -60.600000 67.232052 12.000000
v -58.600000 67.232052 12.000000
v -58.600000 63.767950 12.000000
v -60.600000 68.964103 9.000000
v -58.600000 68.964103 9.000000
v -60.600000 67.232052 6.000000
v -58.600000 67.232052 6.000000
v -60.600000 63.767950 6.000000
v -58.600000 63.767950 6.000000
v -60.600000 62.035900 9.000000
v -58.600000 62.035900 9.000000
v -60.600000 56.767950 17.000000
v -60.600000 55.035900 20.000000
v -58.600000 55.035900 20.000000
v -58.600000 56.767950 17.000000
v -60.600000 56.767950 23.000000
v -58.600000 56.767950 23.000000
v -60.600000 60.232052 23.000000
v -58.600000 60.232052 23.000000
v -60.600000 61.964103 20.000000
v -58.600000 61.964103 20.000000
v -60.600000 60.232052 17.000000
v -58.600000 60.232052 17.000000
v -60.600000 49.767950 4.500000
v -60.600000 53.232052 4.500000
v -58.600000 53.232052 4.500000
v -58.600000 49.767950 4.500000
v -60.600000 54.675428 2.000000
v -58.600000 54.675428 2.000000
v -60.600000 48.324575 2.000000
v -58.600000 48.324575 2.000000
v -60.600000 47.964103 27.500000
v -60.600000 46.232052 24.500000
v -58.600000 46.232052 24.500000
v -58.600000 47.964103 27.500000
v -60.600000 42.767950 24.500000
v -58.600000 42.767950 24.500000
v -60.600000 41.035900 27.500000
v -58.600000 41.035900 27.500000
v -60.600000 35.767950 4.500000
v -60.600000 39.232052 4.500000
v -58.600000 39.232052 4.500000
v -58.600000 35.767950 4.500000
v -60.600000 40.675428 2.000000
v -58.600000 40.675428 2.000000
v -60.600000 34.324575 2.000000
v -58.600000 34.324575 2.000000
v -60.600000 33.964103 27.500000
v -60.600000 32.232052 24.500000
v -58.600000 32.232052 24.500000
v -58.600000 33.964103 27.500000
v -60.600000 28.767950 24.500000
v -58.600000 28.767950 24.500000
v -60.600000 27.035900 27.500000
v -58.600000 27.035900 27.500000
v -60.600000 21.767950 4.500000
v -60.600000 25.232052 4.500000
v -58.600000 25.232052 4.500000
v -58.600000 21.767950 4.500000
v -60.600000 26.675428 2.000000
v -58.600000 26.675428 2.000000
v -60.600000 20.324575 2.000000
v -58.600000 20.324575 2.000000
v -60.600000 19.964103 27.500000
v -60.600000 18.232052 24.500000
v -58.600000 18.232052 24.500000
v -58.600000 19.964103 27.500000
v -60.600000 14.767950 24.500000
v -58.600000 14.767950 24.500000
v -60.600000 13.035900 27.500000
v -58.600000 13.035900 27.500000
v -60.600000 7.767950 4.500000
v -60.600000 11.232052 4.500000
v -58.600000 11.232052 4.500000
v -58.600000 7.767950 4.500000
v -60.600000 12.675428 2.000000
v -58.600000 12.675428 2.000000
v -60.600000 6.324575 2.000000
v -58.600000 6.324575 2.000000
v -60.600000 5.964103 27.500000
v -60.600000 4.232052 24.500000
v -58.600000 4.232052 24.500000
v -58.600000 5.964103 27.500000
v -60.600000 2.000000 24.500000
v -58.600000 2.000000 24.500000
v -58.600000 88.900000 0.000000
v -60.600000 0.000000 0.000000
v -60.578612 -0.326315 0.000000
v -60.514815 -0.647048 0.000000
v -60.409699 -0.956709 0.000000
v -60.265064 -1.250000 0.000000
v -60.083383 -1.521904 0.000000
v -59.867767 -1.767767 0.000000
v -59.621904 -1.983383 0.000000
v -59.350000 -2.165064 0.000000
v -59.056709 -2.309699 0.000000
v -58.747048 -2.414815 0.000000
v -58.426315 -2.478612 0.000000
v -58.426315 -2.478612 24.400000
v -58.426315 -2.478612 18.300000
v -58.426315 -2.478612 12.200000
v -58.426315 -2.478612 6.100000
v -58.747048 -2.414815 24.400000
v -58.747048 -2.414815 18.300000
v -58.747048 -2.414815 12.200000
v -58.747048 -2.414815 6.100000
v -59.056709 -2.309699 24.400000
v -59.056709 -2.309699 18.300000
v -59.056709 -2.309699 12.200000
v -59.056709 -2.309699 6.100000
v -59.350000 -2.165064 24.400000
v -59.350000 -2.165064 18.300000
v -59.350000 -2.165064 12.200000
v -59.350000 -2.165064 6.100000
v -59.621904 -1.983383 24.400000
v -59.621904 -1.983383 18.300000
v -59.621904 -1.983383 12.200000
v -59.621904 -1.983383 6.100000
v -59.867767 -1.767767 24.400000
v -59.867767 -1.767767 18.300000
v -59.867767 -1.767767 12.200000
v -59.867767 -1.767767 6.100000
v -60.083383 -1.521904 24.400000
v -60.083383 -1.521904 18.300000
v -60.083383 -1.521904 12.200000
v -60.083383 -1.521904 6.100000
v -60.265064 -1.250000 24.400000
v -60.265064 -1.250000 18.300000
v -60.265064 -1.250000 12.200000
v -60.265064 -1.250000 6.100000
v -60.409699 -0.956709 24.400000
v -60.409699 -0.956709 18.300000
v -60.409699 -0.956709 12.200000
v -60.409699 -0.956709 6.100000
v -60.514815 -0.647048 24.400000
v -60.514815 -0.647048 18.300000
v -60.514815 -0.647048 12.200000
v -60.514815 -0.647048 6.100000
v -60.578612 -0.326315 24.400000
v -60.578612 -0.326315 18.300000
v -60.578612 -0.326315 12.200000
v -60.578612 -0.326315 6.100000
v -60.600000 88.400000 0.000000
v 0.326315 -2.478612 0.000000
v 0.647048 -2.414815 0.000000
v 0.956709 -2.309699 0.000000
v 1.250000 -2.165064 0.000000
v 1.521904 -1.983383 0.000000
v 1.767767 -1.767767 0.000000
v 1.983383 -1.521904 0.000000
v 2.165064 -1.250000 0.000000
v 2.309699 -0.956709 0.000000
v 2.414815 -0.647048 0.000000
v 2.478612 -0.326315 0.000000
v 2.478612 -0.326315 24.400000
v 2.478612 -0.326315 18.300000
v 2.478612 -0.326315 12.200000
v 2.478612 -0.326315 6.100000
v 2.414815 -0.647048 24.400000
v 2.414815 -0.647048 18.300000
v 2.414815 -0.647048 12.200000
v 2.414815 -0.647048 6.100000
v 2.309699 -0.956709 24.400000
v 2.309699 -0.956709 18.300000
v 2.309699 -0.956709 12.200000
v 2.309699 -0.956709 6.100000
v 2.165064 -1.250000 24.400000
v 2.165064 -1.250000 18.300000
v 2.165064 -1.250000 12.200000
v 2.165064 -1.250000 6.100000
v 1.983383 -1.521904 24.400000
v 1.983383 -1.521904 18.300000
v 1.983383 -1.521904 12.200000
v 1.983383 -1.521904 6.100000
v 1.767767 -1.767767 24.400000
v 1.767767 -1.767767 18.300000
v 1.767767 -1.767767 12.200000
v 1.767767 -1.767767 6.100000
v 1.521904 -1.983383 24.400000
v 1.521904 -1.983383 18.300000
v 1.521904 -1.983383 12.200000
v 1.521904 -1.983383 6.100000
v 1.250000 -2.165064 24.400000
v 1.250000 -2.165064 18.300000
v 1.250000 -2.165064 12.200000
v 1.250000 -2.165064 6.100000
v 0.956709 -2.309699 24.400000
v 0.956709 -2.309699 18.300000
v 0.956709 -2.309699 12.200000
v 0.956709 -2.309699 6.100000
v 0.647048 -2.414815 24.400000
v 0.647048 -2.414815 18.300000
v 0.647048 -2.414815 12.200000
v 0.647048 -2.414815 6.100000
v 0.326315 -2.478612 24.400000
v 0.326315 -2.478612 18.300000
v 0.326315 -2.478612 12.200000
v 0.326315 -2.478612 6.100000
v 2.478612 88.726315 0.000000
v 2.414815 89.047048 0.000000
v 2.309699 89.356709 0.000000
v 2.165064 89.650000 0.000000
v 1.983383 89.921904 0.000000
v 1.767767 90.167767 0.000000
v 1.521904 90.383383 0.000000
v 1.250000 90.565064 0.000000
v 0.956709 90.709699 0.000000
v 0.647048 90.814815 0.000000
v 0.326315 90.878612 0.000000
v 2.478612 88.726315 6.100000
v 2.478612 88.726315 12.200000
v 2.478612 88.726315 18.300000
v 2.478612 88.726315 24.400000
v 2.414815 89.047048 6.100000
v 2.414815 89.047048 12.200000
v 2.414815 89.047048 18.300000
v 2.414815 89.047048 24.400000
v 2.309699 89.356709 6.100000
v 2.309699 89.356709 12.200000
v 2.309699 89.356709 18.300000
v 2.309699 89.356709 24.400000
v 2.165064 89.650000 6.100000
v 2.165064 89.650000 12.200000
v 2.165064 89.650000 18.300000
v 2.165064 89.650000 24.400000
v 1.983383 89.921904 6.100000
v 1.983383 89.921904 12.200000
v 1.983383 89.921904 18.300000
v 1.983383 89.921904 24.400000
v 1.767767 90.167767 6.100000
v 1.767767 90.167767 12.200000
v 1.767767 90.167767 18.300000
v 1.767767 90.167767 24.400000
v 1.521904 90.383383 6.100000
v 1.521904 90.383383 12.200000
v 1.521904 90.383383 18.300000
v 1.521904 90.383383 24.400000
v 1.250000 90.565064 6.100000
v 1.250000 90.565064 12.200000
v 1.250000 90.565064 18.300000
v 1.250000 90.565064 24.400000
v 0.956709 90.709699 6.100000
v 0.956709 90.709699 12.200000
v 0.956709 90.709699 18.300000
v 0.956709 90.709699 24.400000
v 0.647048 90.814815 6.100000
v 0.647048 90.814815 12.200000
v 0.647048 90.814815 18.300000
v 0.647048 90.814815 24.400000
v 0.326315 90.878612 6.100000
v 0.326315 90.878612 12.200000
v 0.326315 90.878612 18.300000
v 0.326315 90.878612 24.400000
v -58.426315 90.878612 0.000000
v -58.747048 90.814815 0.000000
v -59.056709 90.709699 0.000000
v -59.350000 90.565064 0.000000
v -59.621904 90.383383 0.000000
v -59.867767 90.167767 0.000000
v -60.083383 89.921904 0.000000
v -60.265064 89.650000 0.000000
v -60.409699 89.356709 0.000000
v -60.514815 89.047048 0.000000
v -60.578612 88.726315 0.000000
v -60.578612 88.726315 24.400000
v -60.578612 88.726315 18.300000
v -60.578612 88.726315 12.200000
v -60.578612 88.726315 6.100000
v -60.514815 89.047048 24.400000
v -60.514815 89.047048 18.300000
v -60.514815 89.047048 12.200000
v -60.514815 89.047048 6.100000
v -60.409699 89.356709 24.400000
v -60.409699 89.356709 18.300000
v -60.409699 89.356709 12.200000
v -60.409699 89.356709 6.100000
v -60.265064 89.650000 24.400000
v -60.265064 89.650000 18.300000
v -60.265064 89.650000 12.200000
v -60.265064 89.650000 6.100000
v -60.083383 89.921904 24.400000
v -60.083383 89.921904 18.300000
v -60.083383 89.921904 12.200000
v -60.083383 89.921904 6.100000
v -59.867767 90.167767 24.400000
v -59.867767 90.167767 18.300000
v -59.867767 90.167767 12.200000
v -59.867767 90.167767 6.100000
v -59.621904 90.383383 24.400000
v -59.621904 90.383383 18.300000
v -59.621904 90.383383 12.200000
v -59.621904 90.383383 6.100000
v -59.350000 90.565064 24.400000
v -59.350000 90.565064 18.300000
v -59.350000 90.565064 12.200000
v -59.350000 90.565064 6.100000
v -59.056709 90.709699 24.400000
v -59.056709 90.709699 18.300000
v -59.056709 90.709699 12.200000
v -59.056709 90.709699 6.100000
v -58.747048 90.814815 24.400000
v -58.747048 90.814815 18.300000
v -58.747048 90.814815 12.200000
v -58.747048 90.814815 6.100000
v -58.426315 90.878612 24.400000
v -58.426315 90.878612 18.300000
v -58.426315 90.878612 12.200000
v -58.426315 90.878612 6.100000
v -3.500000 88.900000 10.000000
v -55.800000 88.900000 10.000000
v -55.800000 88.900000 26.500000
v -41.800000 88.900000 26.500000
v -41.800000 88.900000 10.000000
v -37.800000 88.900000 10.000000
v -37.800000 88.900000 26.500000
v -23.800000 88.900000 26.500000
v -23.800000 88.900000 10.000000
vt -0.310000 8.650000 0.000000
vt -0.320000 -0.020000 0.000000
vt -0.280000 8.620000 0.000000
vt -0.020000 -0.020000 0.000000
vt -0.020000 8.620000 0.000000
vt -0.320000 8.650000 0.000000
vt 4.217496 -0.113137 0.000000
vt 4.207496 -0.084853 0.000000
vt -1.422504 -0.113137 0.000000
vt -1.412504 -0.070711 0.000000
vt -1.422504 -0.070711 0.000000
vt 4.217496 -0.084853 0.000000
vt 4.357496 0.127279 0.000000
vt -1.552504 0.127279 0.000000
vt -0.000000 0.000000 0.000000
vt -0.010000 0.010000 0.000000
vt -0.010000 0.000000 0.000000
vt -0.000000 0.010000 0.000000
vt -0.010000 0.000000 0.000000
vt -0.000000 0.000000 0.000000
vt -0.106066 2.179975 0.000000
vt -0.091924 2.179975 0.000000
vt 0.106066 2.329975 0.000000
vt 0.106066 2.079975 0.000000
vt 0.106066 1.801300 0.000000
vt 0.106066 0.978650 0.000000
vt 0.106066 0.401300 0.000000
vt 0.106066 -0.421350 0.000000
vt 0.106066 -0.998700 0.000000
vt 0.106066 -1.821350 0.000000
vt 0.106066 -2.398700 0.000000
vt -0.091924 -6.470025 0.000000
vt 0.106066 -3.221350 0.000000
vt 0.106066 -3.798700 0.000000
vt 0.106066 -4.621350 0.000000
vt 0.106066 -5.198700 0.000000
vt 0.106066 -6.021350 0.000000
vt 0.106066 -6.360025 0.000000
vt 0.106066 -6.610025 0.000000
vt -0.320000 -0.020000 0.000000
vt -0.020000 -0.020000 0.000000
vt -0.320000 5.620000 0.000000
vt -0.020000 5.620000 0.000000
vt -0.000000 0.078540 0.000000
vt -0.200000 0.078540 0.000000
vt -0.000000 0.061087 0.000000
vt -0.200000 0.061087 0.000000
vt -0.000000 0.043633 0.000000
vt -0.200000 0.043633 0.000000
vt -0.000000 0.026180 0.000000
vt -0.200000 0.026180 0.000000
vt -0.000000 0.008727 0.000000
vt -0.200000 0.008727 0.000000
vt -0.000000 -0.008727 0.000000
vt -0.200000 -0.008727 0.000000
vt -0.000000 -0.026180 0.000000
vt -0.200000 -0.026180 0.000000
vt -0.000000 -0.043633 0.000000
vt -0.200000 -0.043633 0.000000
vt -0.000000 -0.061087 0.000000
vt -0.200000 -0.061087 0.000000
vt -0.000000 -0.078540 0.000000
vt -0.200000 -0.078540 0.000000
vt 0.100000 0.000000 0.000000
vt 0.500000 0.000000 0.000000
vt 0.100000 0.200000 0.000000
vt 0.500000 0.200000 0.000000
vt 4.253481 2.467365 0.000000
vt 4.155000 2.450000 0.000000
vt 4.255000 2.450000 0.000000
vt 4.155000 2.150000 0.000000
vt 4.255000 2.050000 0.000000
vt 3.885085 2.050000 0.000000
vt 3.942820 1.950000 0.000000
vt 4.248969 2.484202 0.000000
vt 4.241603 2.500000 0.000000
vt 4.231604 2.514279 0.000000
vt 4.219279 2.526604 0.000000
vt 4.155000 2.550000 0.000000
vt 4.065470 2.550000 0.000000
vt 4.205000 2.536603 0.000000
vt 4.189202 2.543969 0.000000
vt 4.172365 2.548481 0.000000
vt 4.123205 2.650000 0.000000
vt 3.913953 2.700000 0.000000
vt 3.827350 2.550000 0.000000
vt 3.365470 2.550000 0.000000
vt 3.127350 2.550000 0.000000
vt 3.278868 2.700000 0.000000
vt 3.069615 2.650000 0.000000
vt 2.513953 2.700000 0.000000
vt 2.723205 2.650000 0.000000
vt 2.665470 2.550000 0.000000
vt 2.427350 2.550000 0.000000
vt 2.155000 2.450000 0.000000
vt 2.155000 2.550000 0.000000
vt 2.090721 2.526604 0.000000
vt 2.105000 2.536603 0.000000
vt 2.120798 2.543969 0.000000
vt 2.137635 2.548481 0.000000
vt 4.469615 2.650000 0.000000
vt 4.678868 2.700000 0.000000
vt 6.060000 2.900000 0.000000
vt 5.313953 2.700000 0.000000
vt 5.523205 2.650000 0.000000
vt 5.169615 2.450000 0.000000
vt 5.350000 2.350000 0.000000
vt 5.169615 2.250000 0.000000
vt 5.523205 2.050000 0.000000
vt 5.342820 1.950000 0.000000
vt 5.523205 1.850000 0.000000
vt 5.169615 1.650000 0.000000
vt 5.350000 1.550000 0.000000
vt 5.169615 1.450000 0.000000
vt 5.523205 1.250000 0.000000
vt 5.342820 1.150000 0.000000
vt 5.523205 1.050000 0.000000
vt 5.169615 0.850000 0.000000
vt 5.350000 0.750000 0.000000
vt 5.169615 0.650000 0.000000
vt 5.523205 0.450000 0.000000
vt 5.342820 0.350000 0.000000
vt 5.523205 0.250000 0.000000
vt 5.169615 0.050000 0.000000
vt 5.407735 0.050000 0.000000
vt 6.060000 -0.150000 0.000000
vt 5.860000 0.050000 0.000000
vt 5.860000 0.250000 0.000000
vt 5.860000 0.450000 0.000000
vt 4.823205 2.450000 0.000000
vt 4.642820 2.350000 0.000000
vt 4.823205 2.250000 0.000000
vt 4.469615 2.050000 0.000000
vt 4.650000 1.950000 0.000000
vt 4.469615 1.850000 0.000000
vt 4.823205 1.650000 0.000000
vt 4.585085 1.650000 0.000000
vt 4.594202 1.443969 0.000000
vt 4.577365 1.448481 0.000000
vt 4.560000 1.450000 0.000000
vt 4.007735 1.650000 0.000000
vt 3.769615 1.650000 0.000000
vt 4.123205 1.850000 0.000000
vt 4.777365 0.251519 0.000000
vt 4.794202 0.256031 0.000000
vt 4.760000 0.250000 0.000000
vt 4.810000 0.263397 0.000000
vt 4.824279 0.273396 0.000000
vt 4.707735 0.250000 0.000000
vt 4.836604 0.285721 0.000000
vt 4.846603 0.300000 0.000000
vt 4.853969 0.315798 0.000000
vt 4.858481 0.332635 0.000000
vt 4.860000 0.350000 0.000000
vt 4.860000 0.650000 0.000000
vt 4.653969 0.515798 0.000000
vt 4.646603 0.500000 0.000000
vt 4.636604 0.485721 0.000000
vt 4.860000 0.850000 0.000000
vt 4.660000 0.550000 0.000000
vt 4.658481 0.532635 0.000000
vt 4.823205 0.050000 0.000000
vt 4.585085 0.050000 0.000000
vt 4.007735 0.050000 0.000000
vt 4.469615 0.250000 0.000000
vt 4.560000 0.450000 0.000000
vt 4.123205 0.250000 0.000000
vt 3.885085 0.250000 0.000000
vt 3.769615 0.050000 0.000000
vt 3.423205 0.050000 0.000000
vt 3.185085 0.050000 0.000000
vt 3.307735 0.250000 0.000000
vt 3.069615 0.250000 0.000000
vt 1.750000 0.450000 0.000000
vt 1.532635 1.648481 0.000000
vt 1.515798 1.643969 0.000000
vt 1.550000 1.650000 0.000000
vt 1.500000 1.636603 0.000000
vt 1.485721 1.626604 0.000000
vt 1.473396 1.614279 0.000000
vt 1.463397 1.600000 0.000000
vt 1.456031 1.584202 0.000000
vt 1.451519 1.567365 0.000000
vt 1.732635 1.448481 0.000000
vt 1.785085 1.650000 0.000000
vt 1.750000 1.450000 0.000000
vt 2.023205 1.650000 0.000000
vt 2.369615 1.650000 0.000000
vt 2.607735 1.650000 0.000000
vt 2.723205 1.850000 0.000000
vt 1.450000 1.550000 0.000000
vt 1.715798 1.443969 0.000000
vt 1.700000 1.436603 0.000000
vt 1.685721 1.426604 0.000000
vt 1.673396 1.414279 0.000000
vt 1.663397 1.400000 0.000000
vt 1.656031 1.384202 0.000000
vt 1.450000 1.250000 0.000000
vt 1.651519 1.367365 0.000000
vt 1.650000 1.350000 0.000000
vt 1.450000 1.050000 0.000000
vt 1.650000 0.550000 0.000000
vt 1.450000 0.450000 0.000000
vt 1.651519 0.532635 0.000000
vt 1.656031 0.515798 0.000000
vt 1.663397 0.500000 0.000000
vt 1.673396 0.485721 0.000000
vt 1.685721 0.473396 0.000000
vt 1.700000 0.463397 0.000000
vt 1.715798 0.456031 0.000000
vt 1.669615 0.250000 0.000000
vt 1.732635 0.451519 0.000000
vt 1.907735 0.250000 0.000000
vt 2.485085 0.250000 0.000000
vt 1.323205 1.250000 0.000000
vt 1.323205 1.050000 0.000000
vt 1.142820 1.150000 0.000000
vt 0.969615 0.850000 0.000000
vt 0.969615 1.450000 0.000000
vt 1.150000 1.550000 0.000000
vt 0.969615 1.650000 0.000000
vt 1.323205 1.850000 0.000000
vt 1.142820 1.950000 0.000000
vt 1.323205 2.050000 0.000000
vt 0.969615 2.250000 0.000000
vt 1.150000 2.350000 0.000000
vt 0.969615 2.450000 0.000000
vt 1.323205 2.650000 0.000000
vt 1.113953 2.700000 0.000000
vt 1.669615 2.650000 0.000000
vt 1.878868 2.700000 0.000000
vt 2.023205 2.450000 0.000000
vt 1.842820 2.350000 0.000000
vt 2.023205 2.250000 0.000000
vt 1.669615 2.050000 0.000000
vt 1.850000 1.950000 0.000000
vt 1.669615 1.850000 0.000000
vt 0.250000 -0.150000 0.000000
vt 2.607735 0.050000 0.000000
vt 2.369615 0.050000 0.000000
vt 2.723205 0.250000 0.000000
vt 5.860000 1.250000 0.000000
vt 5.860000 1.050000 0.000000
vt 0.250000 2.900000 0.000000
vt 0.450000 1.150000 0.000000
vt 0.450000 1.950000 0.000000
vt 0.478868 2.700000 0.000000
vt 0.623205 2.250000 0.000000
vt 0.623205 2.450000 0.000000
vt 3.185085 1.650000 0.000000
vt 3.423205 1.650000 0.000000
vt 4.860000 1.450000 0.000000
vt 4.610000 1.436603 0.000000
vt 4.624279 1.426604 0.000000
vt 4.636604 1.414279 0.000000
vt 4.646603 1.400000 0.000000
vt 4.653969 1.384202 0.000000
vt 4.658481 1.367365 0.000000
vt 4.660000 1.350000 0.000000
vt 4.624279 0.473396 0.000000
vt 4.610000 0.463397 0.000000
vt 4.594202 0.456031 0.000000
vt 4.577365 0.451519 0.000000
vt 1.323205 0.250000 0.000000
vt 1.323205 0.450000 0.000000
vt 1.142820 0.350000 0.000000
vt 0.969615 0.650000 0.000000
vt 1.150000 0.750000 0.000000
vt 0.969615 0.050000 0.000000
vt 1.207735 0.050000 0.000000
vt 1.785085 0.050000 0.000000
vt 2.023205 0.050000 0.000000
vt 0.623205 0.050000 0.000000
vt 0.450000 0.350000 0.000000
vt 0.623205 0.850000 0.000000
vt 0.623205 0.650000 0.000000
vt 5.860000 2.650000 0.000000
vt 5.860000 2.050000 0.000000
vt 5.860000 1.850000 0.000000
vt 0.623205 1.650000 0.000000
vt 0.623205 1.450000 0.000000
vt 3.069615 1.850000 0.000000
vt 3.250000 1.950000 0.000000
vt 2.542820 1.950000 0.000000
vt 2.485085 2.050000 0.000000
vt 3.307735 2.050000 0.000000
vt 2.155000 2.150000 0.000000
vt 2.055000 2.250000 0.000000
vt 2.055000 2.150000 0.000000
vt 2.056519 2.132635 0.000000
vt 2.061031 2.115798 0.000000
vt 2.068397 2.100000 0.000000
vt 2.078396 2.085721 0.000000
vt 2.090721 2.073396 0.000000
vt 2.155000 2.050000 0.000000
vt 2.105000 2.063397 0.000000
vt 2.120798 2.056031 0.000000
vt 2.137635 2.051519 0.000000
vt 2.055000 2.450000 0.000000
vt 2.056519 2.467365 0.000000
vt 2.061031 2.484202 0.000000
vt 2.068397 2.500000 0.000000
vt 2.078396 2.514279 0.000000
vt -0.000000 0.078540 0.000000
vt -0.200000 0.078540 0.000000
vt -0.000000 0.061087 0.000000
vt -0.200000 0.061087 0.000000
vt -0.000000 0.043633 0.000000
vt -0.200000 0.043633 0.000000
vt -0.000000 0.026180 0.000000
vt -0.200000 0.026180 0.000000
vt -0.000000 0.008727 0.000000
vt -0.200000 0.008727 0.000000
vt -0.000000 -0.008727 0.000000
vt -0.200000 -0.008727 0.000000
vt -0.000000 -0.026180 0.000000
vt -0.200000 -0.026180 0.000000
vt -0.000000 -0.043633 0.000000
vt -0.200000 -0.043633 0.000000
vt -0.000000 -0.061087 0.000000
vt -0.200000 -0.061087 0.000000
vt -0.000000 -0.078540 0.000000
vt -0.200000 -0.078540 0.000000
vt 0.100000 0.000000 0.000000
vt 0.372350 0.000000 0.000000
vt 0.100000 0.200000 0.000000
vt 0.372350 0.200000 0.000000
vt -0.000000 0.078540 0.000000
vt -0.200000 0.078540 0.000000
vt -0.000000 0.061087 0.000000
vt -0.200000 0.061087 0.000000
vt -0.000000 0.043633 0.000000
vt -0.200000 0.043633 0.000000
vt -0.000000 0.026180 0.000000
vt -0.200000 0.026180 0.000000
vt -0.000000 0.008727 0.000000
vt -0.200000 0.008727 0.000000
vt -0.000000 -0.008727 0.000000
vt -0.200000 -0.008727 0.000000
vt -0.000000 -0.026180 0.000000
vt -0.200000 -0.026180 0.000000
vt -0.000000 -0.043633 0.000000
vt -0.200000 -0.043633 0.000000
vt -0.000000 -0.061087 0.000000
vt -0.200000 -0.061087 0.000000
vt -0.000000 -0.078540 0.000000
vt -0.200000 -0.078540 0.000000
vt 0.330085 0.200000 0.000000
vt 0.000000 0.200000 0.000000
vt 0.330085 0.000000 0.000000
vt 0.000000 0.000000 0.000000
vt 0.000000 0.000000 0.000000
vt 0.461880 0.000000 0.000000
vt 0.000000 0.200000 0.000000
vt 0.461880 0.200000 0.000000
vt 0.000000 0.000000 0.000000
vt 0.577350 0.000000 0.000000
vt 0.000000 0.200000 0.000000
vt 0.577350 0.200000 0.000000
vt 0.000000 0.000000 0.000000
vt 0.461880 0.000000 0.000000
vt 0.000000 0.200000 0.000000
vt 0.461880 0.200000 0.000000
vt 0.100000 0.000000 0.000000
vt 0.200000 0.000000 0.000000
vt 0.100000 0.200000 0.000000
vt 0.200000 0.200000 0.000000
vt 0.000000 0.000000 0.000000
vt 0.300000 0.000000 0.000000
vt 0.000000 0.200000 0.000000
vt 0.300000 0.200000 0.000000
vt 0.089530 0.200000 0.000000
vt 0.000000 0.200000 0.000000
vt 0.089530 0.000000 0.000000
vt 0.000000 0.000000 0.000000
vt 1.489530 0.200000 0.000000
vt -0.510470 0.200000 0.000000
vt 1.489530 0.000000 0.000000
vt -0.510470 0.000000 0.000000
vt 0.100000 0.200000 0.000000
vt -0.200000 0.200000 0.000000
vt 0.100000 0.000000 0.000000
vt -0.200000 0.000000 0.000000
vt 1.030085 0.200000 0.000000
vt -0.969915 0.200000 0.000000
vt 1.030085 0.000000 0.000000
vt -0.969915 0.000000 0.000000
vt -0.230940 0.200000 0.000000
vt -0.346410 0.200000 0.000000
vt -0.230940 0.000000 0.000000
vt -0.346410 0.000000 0.000000
vt -0.314615 0.200000 0.000000
vt -0.346410 0.200000 0.000000
vt -0.314615 0.000000 0.000000
vt -0.346410 0.000000 0.000000
vt -0.230940 0.200000 0.000000
vt -0.346410 0.200000 0.000000
vt -0.230940 0.000000 0.000000
vt -0.346410 0.000000 0.000000
vt -0.230940 0.200000 0.000000
vt -0.346410 0.200000 0.000000
vt -0.230940 0.000000 0.000000
vt -0.346410 0.000000 0.000000
vt 1.937635 2.548481 0.000000
vt 1.920798 2.543969 0.000000
vt 1.955000 2.550000 0.000000
vt 1.905000 2.536603 0.000000
vt 1.890721 2.526604 0.000000
vt 1.955000 2.450000 0.000000
vt 1.878396 2.514279 0.000000
vt 1.868397 2.500000 0.000000
vt 1.861031 2.484202 0.000000
vt 1.856519 2.467365 0.000000
vt 1.855000 2.450000 0.000000
vt 1.955000 2.150000 0.000000
vt 1.855000 2.050000 0.000000
vt 2.224915 2.050000 0.000000
vt 2.167180 1.950000 0.000000
vt 1.986795 1.850000 0.000000
vt 2.340385 1.650000 0.000000
vt 2.102265 1.650000 0.000000
vt 1.550000 1.450000 0.000000
vt 1.524915 1.650000 0.000000
vt 1.532635 1.448481 0.000000
vt 1.515798 1.443969 0.000000
vt 1.286795 1.650000 0.000000
vt 1.250000 1.450000 0.000000
vt 0.940385 1.650000 0.000000
vt 0.940385 1.450000 0.000000
vt 0.760000 1.550000 0.000000
vt 0.586795 1.250000 0.000000
vt 1.640385 1.850000 0.000000
vt 1.640385 2.050000 0.000000
vt 1.460000 1.950000 0.000000
vt 1.286795 2.250000 0.000000
vt 1.467180 2.350000 0.000000
vt 1.286795 2.450000 0.000000
vt 1.640385 2.650000 0.000000
vt 1.431132 2.700000 0.000000
vt 1.986795 2.650000 0.000000
vt 2.196047 2.700000 0.000000
vt 2.044530 2.550000 0.000000
vt 2.282650 2.550000 0.000000
vt 2.744530 2.550000 0.000000
vt 2.982650 2.550000 0.000000
vt 2.831132 2.700000 0.000000
vt 3.040385 2.650000 0.000000
vt 3.386795 2.650000 0.000000
vt 4.053481 2.467365 0.000000
vt 3.955000 2.450000 0.000000
vt 4.055000 2.450000 0.000000
vt 4.055000 2.250000 0.000000
vt 4.267180 2.350000 0.000000
vt 4.086795 2.250000 0.000000
vt 4.440385 2.050000 0.000000
vt 4.260000 1.950000 0.000000
vt 4.440385 1.850000 0.000000
vt 4.086795 1.650000 0.000000
vt 4.324915 1.650000 0.000000
vt 4.360000 1.450000 0.000000
vt 4.377365 1.448481 0.000000
vt 4.048969 2.484202 0.000000
vt 4.041603 2.500000 0.000000
vt 4.031604 2.514279 0.000000
vt 4.019279 2.526604 0.000000
vt 3.955000 2.550000 0.000000
vt 3.682650 2.550000 0.000000
vt 4.005000 2.536603 0.000000
vt 3.989202 2.543969 0.000000
vt 3.972365 2.548481 0.000000
vt 3.444530 2.550000 0.000000
vt 3.596047 2.700000 0.000000
vt 0.940385 2.450000 0.000000
vt 0.940385 2.250000 0.000000
vt 0.760000 2.350000 0.000000
vt 0.586795 2.050000 0.000000
vt 0.586795 2.650000 0.000000
vt 0.796047 2.700000 0.000000
vt 0.250000 2.650000 0.000000
vt 0.000000 2.700000 0.000000
vt 0.250000 2.050000 0.000000
vt 0.250000 1.850000 0.000000
vt 0.586795 1.850000 0.000000
vt 0.250000 1.250000 0.000000
vt -0.000000 -0.150000 0.000000
vt 0.250000 1.050000 0.000000
vt 0.250000 0.450000 0.000000
vt 0.250000 0.250000 0.000000
vt 0.586795 0.250000 0.000000
vt 5.910000 -0.150000 0.000000
vt 2.924915 0.050000 0.000000
vt 2.686795 0.050000 0.000000
vt 2.340385 0.050000 0.000000
vt 5.910000 2.700000 0.000000
vt 5.660000 1.150000 0.000000
vt 5.660000 0.350000 0.000000
vt 5.486795 0.050000 0.000000
vt 5.909045 2.700000 0.000000
vt 5.486795 2.450000 0.000000
vt 5.486795 2.250000 0.000000
vt 5.660000 1.950000 0.000000
vt 5.905000 2.704045 0.000000
vt 5.905000 2.700000 0.000000
vt 5.631132 2.700000 0.000000
vt 5.140385 2.450000 0.000000
vt 5.140385 2.250000 0.000000
vt 4.960000 2.350000 0.000000
vt 4.786795 2.050000 0.000000
vt 4.786795 2.650000 0.000000
vt 4.996047 2.700000 0.000000
vt 4.231132 2.700000 0.000000
vt 4.440385 2.650000 0.000000
vt 4.086795 2.450000 0.000000
vt 3.972365 2.051519 0.000000
vt 3.989202 2.056031 0.000000
vt 3.955000 2.050000 0.000000
vt 4.005000 2.063397 0.000000
vt 4.019279 2.073396 0.000000
vt 3.955000 2.150000 0.000000
vt 4.031604 2.085721 0.000000
vt 4.041603 2.100000 0.000000
vt 4.048969 2.115798 0.000000
vt 4.053481 2.132635 0.000000
vt 4.055000 2.150000 0.000000
vt 3.740385 1.650000 0.000000
vt 3.502265 1.650000 0.000000
vt 2.924915 1.650000 0.000000
vt 3.386795 1.850000 0.000000
vt 3.567180 1.950000 0.000000
vt 2.860000 1.950000 0.000000
vt 2.802265 2.050000 0.000000
vt 3.624915 2.050000 0.000000
vt 3.040385 1.850000 0.000000
vt 2.686795 1.650000 0.000000
vt 1.550000 0.450000 0.000000
vt 3.040385 0.250000 0.000000
vt 4.360000 0.450000 0.000000
vt 3.386795 0.250000 0.000000
vt 3.624915 0.250000 0.000000
vt 3.502265 0.050000 0.000000
vt 3.740385 0.050000 0.000000
vt 4.086795 0.050000 0.000000
vt 4.324915 0.050000 0.000000
vt 4.202265 0.250000 0.000000
vt 4.440385 0.250000 0.000000
vt 4.377365 0.451519 0.000000
vt 4.394202 0.456031 0.000000
vt 4.660000 0.450000 0.000000
vt 4.410000 0.463397 0.000000
vt 4.424279 0.473396 0.000000
vt 4.436604 0.485721 0.000000
vt 4.446603 0.500000 0.000000
vt 4.453969 0.515798 0.000000
vt 4.458481 0.532635 0.000000
vt 4.460000 0.550000 0.000000
vt 4.660000 1.050000 0.000000
vt 4.460000 1.350000 0.000000
vt 4.660000 1.250000 0.000000
vt 4.458481 1.367365 0.000000
vt 4.453969 1.384202 0.000000
vt 4.660000 1.550000 0.000000
vt 4.446603 1.400000 0.000000
vt 4.436604 1.414279 0.000000
vt 4.424279 1.426604 0.000000
vt 4.410000 1.436603 0.000000
vt 4.394202 1.443969 0.000000
vt 4.658481 1.567365 0.000000
vt 4.653969 1.584202 0.000000
vt 4.560000 1.650000 0.000000
vt 4.646603 1.600000 0.000000
vt 4.636604 1.614279 0.000000
vt 1.532635 0.451519 0.000000
vt 1.402265 0.250000 0.000000
vt 1.640385 0.250000 0.000000
vt 1.986795 0.250000 0.000000
vt 1.250000 0.350000 0.000000
vt 1.515798 0.456031 0.000000
vt 1.500000 0.463397 0.000000
vt 1.485721 0.473396 0.000000
vt 1.473396 0.485721 0.000000
vt 1.463397 0.500000 0.000000
vt 1.456031 0.515798 0.000000
vt 1.250000 0.650000 0.000000
vt 1.451519 0.532635 0.000000
vt 1.450000 0.550000 0.000000
vt 1.250000 0.850000 0.000000
vt 1.450000 1.350000 0.000000
vt 1.451519 1.367365 0.000000
vt 1.456031 1.384202 0.000000
vt 1.463397 1.400000 0.000000
vt 1.473396 1.414279 0.000000
vt 1.485721 1.426604 0.000000
vt 1.500000 1.436603 0.000000
vt 4.786795 1.050000 0.000000
vt 4.786795 1.250000 0.000000
vt 4.967180 1.150000 0.000000
vt 5.140385 1.450000 0.000000
vt 5.140385 0.850000 0.000000
vt 4.960000 0.750000 0.000000
vt 5.140385 0.650000 0.000000
vt 4.786795 0.450000 0.000000
vt 4.967180 0.350000 0.000000
vt 4.786795 0.250000 0.000000
vt 5.140385 0.050000 0.000000
vt 4.902265 0.050000 0.000000
vt 4.786795 1.850000 0.000000
vt 4.967180 1.950000 0.000000
vt 0.767180 1.950000 0.000000
vt 0.767180 1.150000 0.000000
vt 0.586795 1.050000 0.000000
vt 0.940385 0.850000 0.000000
vt 0.760000 0.750000 0.000000
vt 0.940385 0.650000 0.000000
vt 0.586795 0.450000 0.000000
vt 0.767180 0.350000 0.000000
vt 0.940385 0.050000 0.000000
vt 0.702265 0.050000 0.000000
vt 0.250000 0.050000 0.000000
vt 2.802265 0.250000 0.000000
vt 5.486795 0.650000 0.000000
vt 5.486795 0.850000 0.000000
vt 2.224915 0.250000 0.000000
vt 2.102265 0.050000 0.000000
vt 5.486795 1.650000 0.000000
vt 5.486795 1.450000 0.000000
vt 5.140385 1.650000 0.000000
vt 4.960000 1.550000 0.000000
vt 4.624279 1.626604 0.000000
vt 4.610000 1.636603 0.000000
vt 4.594202 1.643969 0.000000
vt 4.577365 1.648481 0.000000
vt 1.251519 0.332635 0.000000
vt 1.256031 0.315798 0.000000
vt 1.263397 0.300000 0.000000
vt 1.273396 0.285721 0.000000
vt 1.285721 0.273396 0.000000
vt 1.300000 0.263397 0.000000
vt 1.350000 0.250000 0.000000
vt 1.315798 0.256031 0.000000
vt 1.332635 0.251519 0.000000
vt 1.524915 0.050000 0.000000
vt 1.286795 0.050000 0.000000
vt -0.230940 0.200000 0.000000
vt -0.346410 0.200000 0.000000
vt -0.230940 0.000000 0.000000
vt -0.346410 0.000000 0.000000
vt 2.980000 -4.480000 0.000000
vt -2.820000 -4.320000 0.000000
vt -2.980000 -4.480000 0.000000
vt -2.820000 4.320000 0.000000
vt -2.980000 4.480000 0.000000
vt 2.820000 4.320000 0.000000
vt 2.980000 4.480000 0.000000
vt 2.820000 -4.320000 0.000000
vt 0.020000 -5.620000 0.000000
vt 0.280000 -5.620000 0.000000
vt 0.020000 0.020000 0.000000
vt 0.280000 0.020000 0.000000
vt 0.020000 0.020000 0.000000
vt 0.020000 -8.620000 0.000000
vt 0.280000 0.020000 0.000000
vt 0.310000 -8.610000 0.000000
vt 0.300000 0.040000 0.000000
vt 0.310000 0.040000 0.000000
vt 0.320000 -8.620000 0.000000
vt -0.020000 5.980000 0.000000
vt -0.250000 5.980000 0.000000
vt -0.020000 0.020000 0.000000
vt -0.250000 0.020000 0.000000
vt 0.020000 -8.980000 0.000000
vt 0.250000 -8.980000 0.000000
vt 0.020000 -0.020000 0.000000
vt 0.250000 -0.020000 0.000000
vt 0.020000 -5.980000 0.000000
vt 0.250000 -5.980000 0.000000
vt 0.020000 -0.020000 0.000000
vt 0.250000 -0.020000 0.000000
vt -0.020000 8.980000 0.000000
vt -0.250000 8.980000 0.000000
vt -0.020000 0.020000 0.000000
vt -0.250000 0.020000 0.000000
vt -3.152861 -4.452632 0.000000
vt -2.975000 -4.500000 0.000000
vt -3.155000 -4.420000 0.000000
vt -2.975000 4.460000 0.000000
vt -3.155000 4.420000 0.000000
vt -3.152861 4.452632 0.000000
vt -3.146481 4.484705 0.000000
vt -3.135970 4.515671 0.000000
vt -3.121506 4.545000 0.000000
vt -3.103338 4.572190 0.000000
vt -3.081777 4.596777 0.000000
vt -3.057190 4.618338 0.000000
vt -3.030000 4.636506 0.000000
vt -3.000671 4.650970 0.000000
vt -2.969705 4.661481 0.000000
vt -2.937632 4.667861 0.000000
vt -2.905000 4.670000 0.000000
vt 2.905000 4.670000 0.000000
vt 2.985000 4.460000 0.000000
vt 2.937632 4.667861 0.000000
vt 2.969705 4.661481 0.000000
vt 3.000671 4.650970 0.000000
vt 3.030000 4.636506 0.000000
vt 3.057190 4.618338 0.000000
vt 3.081777 4.596777 0.000000
vt 3.103338 4.572190 0.000000
vt 3.121506 4.545000 0.000000
vt 3.135970 4.515671 0.000000
vt 3.146481 4.484705 0.000000
vt 3.152861 4.452632 0.000000
vt 3.155000 4.420000 0.000000
vt 3.155000 -4.420000 0.000000
vt 2.985000 -4.500000 0.000000
vt 3.152861 -4.452632 0.000000
vt 3.146481 -4.484705 0.000000
vt 3.135970 -4.515671 0.000000
vt 3.121506 -4.545000 0.000000
vt 3.103338 -4.572190 0.000000
vt 3.081777 -4.596777 0.000000
vt 3.057190 -4.618338 0.000000
vt 3.030000 -4.636506 0.000000
vt 3.000671 -4.650970 0.000000
vt 2.969705 -4.661481 0.000000
vt 2.937632 -4.667861 0.000000
vt 2.905000 -4.670000 0.000000
vt -2.905000 -4.670000 0.000000
vt -2.937632 -4.667861 0.000000
vt -2.969705 -4.661481 0.000000
vt -3.000671 -4.650970 0.000000
vt -3.030000 -4.636506 0.000000
vt -3.057190 -4.618338 0.000000
vt -3.081777 -4.596777 0.000000
vt -3.103338 -4.572190 0.000000
vt -3.121506 -4.545000 0.000000
vt -3.135970 -4.515671 0.000000
vt -3.146481 -4.484705 0.000000
vt -0.000000 0.078540 0.000000
vt -0.200000 0.078540 0.000000
vt -0.000000 0.061087 0.000000
vt -0.200000 0.061087 0.000000
vt -0.000000 0.043633 0.000000
vt -0.200000 0.043633 0.000000
vt -0.000000 0.026180 0.000000
vt -0.200000 0.026180 0.000000
vt -0.000000 0.008727 0.000000
vt -0.200000 0.008727 0.000000
vt -0.000000 -0.008727 0.000000
vt -0.200000 -0.008727 0.000000
vt -0.000000 -0.026180 0.000000
vt -0.200000 -0.026180 0.000000
vt -0.000000 -0.043633 0.000000
vt -0.200000 -0.043633 0.000000
vt -0.000000 -0.061087 0.000000
vt -0.200000 -0.061087 0.000000
vt -0.000000 -0.078540 0.000000
vt -0.200000 -0.078540 0.000000
vt -0.100000 0.200000 0.000000
vt -0.400000 0.200000 0.000000
vt -0.100000 0.000000 0.000000
vt -0.400000 0.000000 0.000000
vt -0.000000 0.078540 0.000000
vt -0.200000 0.078540 0.000000
vt -0.000000 0.061087 0.000000
vt -0.200000 0.061087 0.000000
vt -0.000000 0.043633 0.000000
vt -0.200000 0.043633 0.000000
vt -0.000000 0.026180 0.000000
vt -0.200000 0.026180 0.000000
vt -0.000000 0.008727 0.000000
vt -0.200000 0.008727 0.000000
vt -0.000000 -0.008727 0.000000
vt -0.200000 -0.008727 0.000000
vt -0.000000 -0.026180 0.000000
vt -0.200000 -0.026180 0.000000
vt -0.000000 -0.043633 0.000000
vt -0.200000 -0.043633 0.000000
vt -0.000000 -0.061087 0.000000
vt -0.200000 -0.061087 0.000000
vt -0.000000 -0.078540 0.000000
vt -0.200000 -0.078540 0.000000
vt -0.100000 0.200000 0.000000
vt -0.400000 0.200000 0.000000
vt -0.100000 0.000000 0.000000
vt -0.400000 0.000000 0.000000
vt 0.200000 0.003838 0.000000
vt 0.000000 0.003838 0.000000
vt 0.200000 0.000000 0.000000
vt 0.000000 0.000000 0.000000
vt -1.650000 0.040000 0.000000
vt 0.050000 0.040000 0.000000
vt -1.650000 0.240000 0.000000
vt 0.050000 0.240000 0.000000
vt 0.600000 2.500000 0.000000
vt 0.250000 2.900000 0.000000
vt 0.600000 0.850000 0.000000
vt 0.250000 -0.150000 0.000000
vt 2.300000 0.850000 0.000000
vt 2.630000 0.850000 0.000000
vt 2.300000 2.500000 0.000000
vt 2.630000 2.500000 0.000000
vt 6.060000 2.900000 0.000000
vt 4.030000 2.500000 0.000000
vt 4.430000 2.500000 0.000000
vt 4.430000 0.850000 0.000000
vt 4.030000 0.850000 0.000000
vt 6.060000 -0.150000 0.000000
vt 5.830000 2.500000 0.000000
vt 5.830000 0.850000 0.000000
vt -4.222504 0.084853 0.000000
vt -1.521371 -0.098995 0.000000
vt 1.417496 0.084853 0.000000
vt -0.756457 -0.098995 0.000000
vt -0.121371 -0.098995 0.000000
vt -4.352504 -0.098995 0.000000
vt -3.556457 -0.098995 0.000000
vt -2.921371 -0.098995 0.000000
vt -2.156457 -0.098995 0.000000
vt 0.643543 -0.098995 0.000000
vt 1.552496 -0.093274 0.000000
vt 1.417496 0.098995 0.000000
vt 1.557496 -0.098995 0.000000
vt 1.556541 -0.098995 0.000000
vt 1.278629 -0.098995 0.000000
vt 1.552496 -0.098995 0.000000
vt 2.676125 -4.470050 0.000000
vt 2.041039 -4.470050 0.000000
vt 2.676125 -4.670050 0.000000
vt 2.041039 -4.670050 0.000000
vt 1.276125 -4.470050 0.000000
vt 0.641039 -4.470050 0.000000
vt 1.276125 -4.670050 0.000000
vt 0.641039 -4.670050 0.000000
vt -0.123875 -4.470050 0.000000
vt -0.758961 -4.470050 0.000000
vt -0.123875 -4.670050 0.000000
vt -0.758961 -4.670050 0.000000
vt 0.140714 -6.605075 0.000000
vt 0.134993 -6.601030 0.000000
vt 0.134993 -6.605075 0.000000
vt -1.695955 -3.865954 0.000000
vt -1.700000 -3.870000 0.000000
vt -1.695955 -3.870000 0.000000
vt 2.954992 3.941275 0.000000
vt 3.154992 3.941275 0.000000
vt 2.954992 4.219950 0.000000
vt 3.154992 4.219950 0.000000
vt 2.954992 2.541275 0.000000
vt 3.154992 2.541275 0.000000
vt 2.954992 3.118625 0.000000
vt 3.154992 3.118625 0.000000
vt 2.954992 1.141275 0.000000
vt 3.154992 1.141275 0.000000
vt 2.954992 1.718625 0.000000
vt 3.154992 1.718625 0.000000
vt -1.523875 -4.470050 0.000000
vt -2.158961 -4.470050 0.000000
vt -1.523875 -4.670050 0.000000
vt -2.158961 -4.670050 0.000000
vt 2.954992 -0.258725 0.000000
vt 3.154992 -0.258725 0.000000
vt 2.954992 0.318625 0.000000
vt 3.154992 0.318625 0.000000
vt 2.954992 -4.220050 0.000000
vt 3.154992 -4.220050 0.000000
vt 2.954992 -3.881375 0.000000
vt 3.154992 -3.881375 0.000000
vt 2.954992 -1.658725 0.000000
vt 3.154992 -1.658725 0.000000
vt 2.954992 -1.081375 0.000000
vt 3.154992 -1.081375 0.000000
vt 0.098995 6.489975 0.000000
vt -0.098995 6.629975 0.000000
vt 0.084853 6.489975 0.000000
vt -0.098995 6.379975 0.000000
vt -0.098995 6.101300 0.000000
vt -0.098995 5.278650 0.000000
vt -0.098995 4.701300 0.000000
vt -0.098995 3.878650 0.000000
vt -0.098995 3.301300 0.000000
vt -0.098995 2.478650 0.000000
vt -0.098995 1.901300 0.000000
vt 0.084853 -2.180025 0.000000
vt -0.098995 1.078650 0.000000
vt -0.098995 0.501300 0.000000
vt -0.098995 -0.321350 0.000000
vt -0.098995 -0.898700 0.000000
vt -0.098995 -1.721350 0.000000
vt -0.098995 -2.060025 0.000000
vt -0.098995 -2.310025 0.000000
vt -2.955008 3.118625 0.000000
vt -3.155008 3.118625 0.000000
vt -2.955008 2.541275 0.000000
vt -3.155008 2.541275 0.000000
vt -2.955008 4.219950 0.000000
vt -3.155008 4.219950 0.000000
vt -2.955008 3.941275 0.000000
vt -3.155008 3.941275 0.000000
vt 2.954992 -3.058725 0.000000
vt 3.154992 -3.058725 0.000000
vt 2.954992 -2.481375 0.000000
vt 3.154992 -2.481375 0.000000
vt -2.955008 -3.881375 0.000000
vt -3.155008 -3.881375 0.000000
vt -2.955008 -4.220050 0.000000
vt -3.155008 -4.220050 0.000000
vt -2.955008 -2.481375 0.000000
vt -3.155008 -2.481375 0.000000
vt -2.955008 -3.058725 0.000000
vt -3.155008 -3.058725 0.000000
vt -2.955008 -1.081375 0.000000
vt -3.155008 -1.081375 0.000000
vt -2.955008 -1.658725 0.000000
vt -3.155008 -1.658725 0.000000
vt -2.955008 0.318625 0.000000
vt -3.155008 0.318625 0.000000
vt -2.955008 -0.258725 0.000000
vt -3.155008 -0.258725 0.000000
vt -2.955008 1.718625 0.000000
vt -3.155008 1.718625 0.000000
vt -2.955008 1.141275 0.000000
vt -3.155008 1.141275 0.000000
vt -1.600000 0.040000 0.000000
vt 0.050000 0.040000 0.000000
vt -1.600000 0.240000 0.000000
vt 0.050000 0.240000 0.000000
vt 0.200000 0.078540 0.000000
vt -0.000000 0.078540 0.000000
vt 0.200000 0.061087 0.000000
vt 0.000000 0.061087 0.000000
vt 0.200000 0.043633 0.000000
vt 0.000000 0.043633 0.000000
vt 0.200000 0.026180 0.000000
vt 0.000000 0.026180 0.000000
vt 0.200000 0.008727 0.000000
vt 0.000000 0.008727 0.000000
vt 0.200000 -0.008727 0.000000
vt 0.000000 -0.008727 0.000000
vt 0.200000 -0.026180 0.000000
vt 0.000000 -0.026180 0.000000
vt 0.200000 -0.043633 0.000000
vt 0.000000 -0.043633 0.000000
vt 0.200000 -0.061087 0.000000
vt 0.000000 -0.061087 0.000000
vt 0.200000 -0.078540 0.000000
vt -0.000000 -0.078540 0.000000
vt -0.900000 0.000000 0.000000
vt -0.100000 0.000000 0.000000
vt -0.900000 0.200000 0.000000
vt -0.100000 0.200000 0.000000
vt -0.000000 0.078540 0.000000
vt -0.200000 0.078540 0.000000
vt -0.000000 0.061087 0.000000
vt -0.200000 0.061087 0.000000
vt -0.000000 0.043633 0.000000
vt -0.200000 0.043633 0.000000
vt -0.000000 0.026180 0.000000
vt -0.200000 0.026180 0.000000
vt -0.000000 0.008727 0.000000
vt -0.200000 0.008727 0.000000
vt -0.000000 -0.008727 0.000000
vt -0.200000 -0.008727 0.000000
vt -0.000000 -0.026180 0.000000
vt -0.200000 -0.026180 0.000000
vt -0.000000 -0.043633 0.000000
vt -0.200000 -0.043633 0.000000
vt -0.000000 -0.061087 0.000000
vt -0.200000 -0.061087 0.000000
vt -0.000000 -0.078540 0.000000
vt -0.200000 -0.078540 0.000000
vt 0.200000 0.078540 0.000000
vt -0.000000 0.078540 0.000000
vt 0.200000 0.061087 0.000000
vt 0.000000 0.061087 0.000000
vt 0.200000 0.043633 0.000000
vt 0.000000 0.043633 0.000000
vt 0.200000 0.026180 0.000000
vt 0.000000 0.026180 0.000000
vt 0.200000 0.008727 0.000000
vt -0.000000 0.008727 0.000000
vt 0.200000 -0.008727 0.000000
vt -0.000000 -0.008727 0.000000
vt 0.200000 -0.026180 0.000000
vt -0.000000 -0.026180 0.000000
vt 0.200000 -0.043633 0.000000
vt 0.000000 -0.043633 0.000000
vt 0.200000 -0.061087 0.000000
vt -0.000000 -0.061087 0.000000
vt 0.200000 -0.078540 0.000000
vt -0.000000 -0.078540 0.000000
vt -0.900000 0.000000 0.000000
vt -0.100000 0.000000 0.000000
vt -0.900000 0.200000 0.000000
vt -0.100000 0.200000 0.000000
vt -0.000000 0.078540 0.000000
vt -0.200000 0.078540 0.000000
vt 0.000000 0.061087 0.000000
vt -0.200000 0.061087 0.000000
vt -0.000000 0.043633 0.000000
vt -0.200000 0.043633 0.000000
vt 0.000000 0.026180 0.000000
vt -0.200000 0.026180 0.000000
vt -0.000000 0.008727 0.000000
vt -0.200000 0.008727 0.000000
vt -0.000000 -0.008727 0.000000
vt -0.200000 -0.008727 0.000000
vt -0.000000 -0.026180 0.000000
vt -0.200000 -0.026180 0.000000
vt 0.000000 -0.043633 0.000000
vt -0.200000 -0.043633 0.000000
vt -0.000000 -0.061087 0.000000
vt -0.200000 -0.061087 0.000000
vt -0.000000 -0.078540 0.000000
vt -0.200000 -0.078540 0.000000
vt 0.200000 0.078540 0.000000
vt 0.000000 0.078540 0.000000
vt 0.200000 0.061087 0.000000
vt -0.000000 0.061087 0.000000
vt 0.200000 0.043633 0.000000
vt 0.000000 0.043633 0.000000
vt 0.200000 0.026180 0.000000
vt -0.000000 0.026180 0.000000
vt 0.200000 0.008727 0.000000
vt -0.000000 0.008727 0.000000
vt 0.200000 -0.008727 0.000000
vt -0.000000 -0.008727 0.000000
vt 0.200000 -0.026180 0.000000
vt 0.000000 -0.026180 0.000000
vt 0.200000 -0.043633 0.000000
vt 0.000000 -0.043633 0.000000
vt 0.200000 -0.061087 0.000000
vt 0.000000 -0.061087 0.000000
vt 0.200000 -0.078540 0.000000
vt -0.000000 -0.078540 0.000000
vt -1.250000 0.000000 0.000000
vt -0.000000 0.000000 0.000000
vt -1.250000 0.200000 0.000000
vt -0.000000 0.200000 0.000000
vt 0.200000 0.078540 0.000000
vt 0.000000 0.078540 0.000000
vt 0.200000 0.061087 0.000000
vt 0.000000 0.061087 0.000000
vt 0.200000 0.043633 0.000000
vt -0.000000 0.043633 0.000000
vt 0.200000 0.026180 0.000000
vt 0.000000 0.026180 0.000000
vt 0.200000 0.008727 0.000000
vt -0.000000 0.008727 0.000000
vt 0.200000 -0.008727 0.000000
vt -0.000000 -0.008727 0.000000
vt 0.200000 -0.026180 0.000000
vt -0.000000 -0.026180 0.000000
vt 0.200000 -0.043633 0.000000
vt 0.000000 -0.043633 0.000000
vt 0.200000 -0.061087 0.000000
vt -0.000000 -0.061087 0.000000
vt 0.200000 -0.078540 0.000000
vt -0.000000 -0.078540 0.000000
vt -0.100000 0.200000 0.000000
vt -0.700000 0.200000 0.000000
vt -0.100000 0.000000 0.000000
vt -0.700000 0.000000 0.000000
vt 0.200000 0.078540 0.000000
vt 0.000000 0.078540 0.000000
vt 0.200000 0.061087 0.000000
vt -0.000000 0.061087 0.000000
vt 0.200000 0.043633 0.000000
vt 0.000000 0.043633 0.000000
vt 0.200000 0.026180 0.000000
vt -0.000000 0.026180 0.000000
vt 0.200000 0.008727 0.000000
vt 0.000000 0.008727 0.000000
vt 0.200000 -0.008727 0.000000
vt -0.000000 -0.008727 0.000000
vt 0.200000 -0.026180 0.000000
vt -0.000000 -0.026180 0.000000
vt 0.200000 -0.043633 0.000000
vt -0.000000 -0.043633 0.000000
vt 0.200000 -0.061087 0.000000
vt 0.000000 -0.061087 0.000000
vt 0.200000 -0.078540 0.000000
vt -0.000000 -0.078540 0.000000
vt -0.200000 -0.738579 0.000000
vt 0.000000 -0.738579 0.000000
vt -0.200000 0.411421 0.000000
vt -0.000000 0.411421 0.000000
vt 0.200000 0.078540 0.000000
vt 0.000000 0.078540 0.000000
vt 0.200000 0.061087 0.000000
vt 0.000000 0.061087 0.000000
vt 0.200000 0.043633 0.000000
vt 0.000000 0.043633 0.000000
vt 0.200000 0.026180 0.000000
vt 0.000000 0.026180 0.000000
vt 0.200000 0.008727 0.000000
vt 0.000000 0.008727 0.000000
vt 0.200000 -0.008727 0.000000
vt -0.000000 -0.008727 0.000000
vt 0.200000 -0.026180 0.000000
vt -0.000000 -0.026180 0.000000
vt 0.200000 -0.043633 0.000000
vt 0.000000 -0.043633 0.000000
vt 0.200000 -0.061087 0.000000
vt 0.000000 -0.061087 0.000000
vt 0.200000 -0.078540 0.000000
vt 0.000000 -0.078540 0.000000
vt -0.266421 -0.200000 0.000000
vt 0.333579 -0.200000 0.000000
vt -0.266421 0.000000 0.000000
vt 0.333579 0.000000 0.000000
vt -0.100000 0.200000 0.000000
vt -1.350000 0.200000 0.000000
vt -0.100000 0.000000 0.000000
vt -1.350000 -0.000000 0.000000
vt 4.720000 1.405000 0.000000
vt 4.330563 1.530000 0.000000
vt 3.470000 1.405000 0.000000
vt 3.671714 1.530000 0.000000
vt 3.473205 1.550000 0.000000
vt 3.829633 1.801210 0.000000
vt 3.646410 1.850000 0.000000
vt 3.826795 1.950000 0.000000
vt 3.473205 2.150000 0.000000
vt 3.653590 2.250000 0.000000
vt 3.473205 2.300000 0.000000
vt 3.826795 2.550000 0.000000
vt 3.646410 2.600000 0.000000
vt 3.588675 2.700000 0.000000
vt 4.173205 2.550000 0.000000
vt 4.353590 2.600000 0.000000
vt 4.526795 2.300000 0.000000
vt 4.346410 2.250000 0.000000
vt 4.526795 2.150000 0.000000
vt 4.173205 1.950000 0.000000
vt 4.353590 1.850000 0.000000
vt 4.176041 1.799933 0.000000
vt 4.526795 1.550000 0.000000
vt 4.873205 1.550000 0.000000
vt 4.737365 1.403481 0.000000
vt 5.053590 1.500000 0.000000
vt 4.754202 1.398969 0.000000
vt 4.770000 1.391602 0.000000
vt 4.784279 1.381604 0.000000
vt 4.796605 1.369279 0.000000
vt 4.806603 1.355000 0.000000
vt 4.813969 1.339202 0.000000
vt 5.226795 1.200000 0.000000
vt 4.818481 1.322365 0.000000
vt 4.820000 1.305000 0.000000
vt 4.820000 0.705000 0.000000
vt 4.870000 0.799951 0.000000
vt 5.226795 1.050000 0.000000
vt 5.573205 1.050000 0.000000
vt 5.573205 1.200000 0.000000
vt 5.753590 1.100000 0.000000
vt 5.926795 1.400000 0.000000
vt 4.818481 0.687635 0.000000
vt 5.053590 0.750000 0.000000
vt 4.873830 0.799937 0.000000
vt 4.813969 0.670798 0.000000
vt 4.806603 0.655000 0.000000
vt 4.959808 0.500000 0.000000
vt 4.796605 0.640721 0.000000
vt 4.784279 0.628396 0.000000
vt 4.770000 0.618397 0.000000
vt 4.754202 0.611031 0.000000
vt 4.737365 0.606519 0.000000
vt 4.720000 0.605000 0.000000
vt 4.440192 0.500000 0.000000
vt 3.470000 0.605000 0.000000
vt 3.559808 0.500000 0.000000
vt 3.040192 0.500000 0.000000
vt 2.320000 0.605000 0.000000
vt 2.159808 0.500000 0.000000
vt 2.302635 0.606519 0.000000
vt 2.285798 0.611031 0.000000
vt 2.270000 0.618397 0.000000
vt 1.884202 0.621031 0.000000
vt 1.867365 0.616519 0.000000
vt 1.900000 0.628397 0.000000
vt 2.255721 0.628395 0.000000
vt 1.914279 0.638396 0.000000
vt 2.243395 0.640721 0.000000
vt 1.926604 0.650721 0.000000
vt 2.233397 0.655000 0.000000
vt 1.936603 0.665000 0.000000
vt 2.226031 0.670798 0.000000
vt 1.943969 0.680798 0.000000
vt 2.221519 0.687635 0.000000
vt 1.948481 0.697635 0.000000
vt 2.220000 0.705000 0.000000
vt 1.950000 0.715000 0.000000
vt 2.220000 1.305000 0.000000
vt 1.950000 1.315000 0.000000
vt 2.221519 1.322365 0.000000
vt 1.948481 1.332365 0.000000
vt 2.226031 1.339202 0.000000
vt 1.943969 1.349202 0.000000
vt 2.233398 1.355000 0.000000
vt 1.936603 1.365000 0.000000
vt 2.243396 1.369279 0.000000
vt 1.926604 1.379279 0.000000
vt 2.255721 1.381604 0.000000
vt 1.914279 1.391604 0.000000
vt 2.270000 1.391603 0.000000
vt 1.900000 1.401603 0.000000
vt 2.285798 1.398969 0.000000
vt 1.884202 1.408969 0.000000
vt 2.271714 1.530000 0.000000
vt 2.073205 1.550000 0.000000
vt 2.429633 1.801210 0.000000
vt 2.246410 1.850000 0.000000
vt 2.426795 1.950000 0.000000
vt 2.073205 2.150000 0.000000
vt 2.253590 2.250000 0.000000
vt 2.073205 2.300000 0.000000
vt 2.426795 2.550000 0.000000
vt 2.246410 2.600000 0.000000
vt 2.188675 2.700000 0.000000
vt 2.773205 2.550000 0.000000
vt 2.953590 2.600000 0.000000
vt 3.126795 2.300000 0.000000
vt 2.946410 2.250000 0.000000
vt 3.126795 2.150000 0.000000
vt 2.773205 1.950000 0.000000
vt 2.953590 1.850000 0.000000
vt 2.776041 1.799933 0.000000
vt 3.126795 1.550000 0.000000
vt 2.930563 1.530000 0.000000
vt 3.345000 1.405000 0.000000
vt 2.345000 1.405000 0.000000
vt 2.320000 1.405000 0.000000
vt 2.302635 1.403481 0.000000
vt 2.246410 0.350000 0.000000
vt 2.773205 0.300000 0.000000
vt 2.953590 0.350000 0.000000
vt 2.426795 0.300000 0.000000
vt 2.073205 0.050000 0.000000
vt 2.282457 0.050000 0.000000
vt 0.250000 -0.150000 0.000000
vt 2.917543 0.050000 0.000000
vt 3.126795 0.050000 0.000000
vt 1.726795 0.050000 0.000000
vt 1.517543 0.050000 0.000000
vt 0.882457 0.050000 0.000000
vt 1.373205 0.300000 0.000000
vt 1.553590 0.350000 0.000000
vt 0.759808 0.500000 0.000000
vt 1.640192 0.500000 0.000000
vt 0.750000 0.615000 0.000000
vt 1.850000 0.615000 0.000000
vt 3.646410 0.350000 0.000000
vt 4.173205 0.300000 0.000000
vt 4.353590 0.350000 0.000000
vt 3.826795 0.300000 0.000000
vt 3.473205 0.050000 0.000000
vt 3.682457 0.050000 0.000000
vt 4.317543 0.050000 0.000000
vt 4.526795 0.050000 0.000000
vt 0.732635 0.616519 0.000000
vt 0.450000 0.500000 0.000000
vt 0.715798 0.621031 0.000000
vt 0.700000 0.628397 0.000000
vt 0.685721 0.638396 0.000000
vt 0.673396 0.650721 0.000000
vt 0.663397 0.665000 0.000000
vt 0.656031 0.680798 0.000000
vt 0.651519 0.697635 0.000000
vt 0.650000 0.715000 0.000000
vt 0.650000 1.315000 0.000000
vt 0.450000 1.550000 0.000000
vt 0.250000 2.900000 0.000000
vt 0.450000 2.150000 0.000000
vt 0.450000 2.300000 0.000000
vt 0.673205 2.150000 0.000000
vt 0.673205 2.300000 0.000000
vt 0.853590 2.250000 0.000000
vt 1.026795 2.550000 0.000000
vt 0.651519 1.332365 0.000000
vt 0.656031 1.349202 0.000000
vt 0.663397 1.365000 0.000000
vt 0.673396 1.379279 0.000000
vt 0.685721 1.391604 0.000000
vt 0.700000 1.401603 0.000000
vt 0.715798 1.408969 0.000000
vt 0.673205 1.550000 0.000000
vt 0.732635 1.413481 0.000000
vt 0.750000 1.415000 0.000000
vt 1.850000 1.415000 0.000000
vt 1.530563 1.530000 0.000000
vt 0.871714 1.530000 0.000000
vt 1.029633 1.801210 0.000000
vt 0.846410 1.850000 0.000000
vt 1.026795 1.950000 0.000000
vt 1.867365 1.413481 0.000000
vt 1.726795 1.550000 0.000000
vt 1.376041 1.799933 0.000000
vt 1.553590 1.850000 0.000000
vt 1.373205 1.950000 0.000000
vt 1.726795 2.150000 0.000000
vt 1.546410 2.250000 0.000000
vt 1.726795 2.300000 0.000000
vt 1.373205 2.550000 0.000000
vt 1.553590 2.600000 0.000000
vt 0.788675 2.700000 0.000000
vt 1.611325 2.700000 0.000000
vt 3.011325 2.700000 0.000000
vt 7.326795 0.050000 0.000000
vt 9.090000 -0.150000 0.000000
vt 7.673205 0.050000 0.000000
vt 7.882457 0.050000 0.000000
vt 8.026795 0.300000 0.000000
vt 7.153590 0.350000 0.000000
vt 6.973205 0.300000 0.000000
vt 7.117543 0.050000 0.000000
vt 6.482457 0.050000 0.000000
vt 6.273205 0.050000 0.000000
vt 6.626795 0.300000 0.000000
vt 6.446410 0.350000 0.000000
vt 6.626795 0.450000 0.000000
vt 6.273205 0.650000 0.000000
vt 6.453590 0.750000 0.000000
vt 6.273205 0.800000 0.000000
vt 6.626795 1.050000 0.000000
vt 6.446410 1.100000 0.000000
vt 6.626795 1.200000 0.000000
vt 6.273205 1.400000 0.000000
vt 6.453590 1.500000 0.000000
vt 6.273205 1.550000 0.000000
vt 6.626795 1.800000 0.000000
vt 6.446410 1.850000 0.000000
vt 6.626795 1.950000 0.000000
vt 6.273205 2.150000 0.000000
vt 6.453590 2.250000 0.000000
vt 6.273205 2.300000 0.000000
vt 6.626795 2.550000 0.000000
vt 6.446410 2.600000 0.000000
vt 6.388675 2.700000 0.000000
vt 6.973205 2.550000 0.000000
vt 7.153590 2.600000 0.000000
vt 7.326795 2.300000 0.000000
vt 7.146410 2.250000 0.000000
vt 7.326795 2.150000 0.000000
vt 6.973205 1.950000 0.000000
vt 7.153590 1.850000 0.000000
vt 6.973205 1.800000 0.000000
vt 7.326795 1.550000 0.000000
vt 7.146410 1.500000 0.000000
vt 7.326795 1.400000 0.000000
vt 6.973205 1.200000 0.000000
vt 7.153590 1.100000 0.000000
vt 6.973205 1.050000 0.000000
vt 7.326795 0.800000 0.000000
vt 7.146410 0.750000 0.000000
vt 7.326795 0.650000 0.000000
vt 6.973205 0.450000 0.000000
vt 7.673205 0.650000 0.000000
vt 7.673205 0.800000 0.000000
vt 7.853590 0.750000 0.000000
vt 8.026795 1.050000 0.000000
vt 8.026795 0.450000 0.000000
vt 7.846410 0.350000 0.000000
vt 8.890000 1.550000 0.000000
vt 9.090000 2.900000 0.000000
vt 8.890000 2.150000 0.000000
vt 8.890000 2.300000 0.000000
vt 8.726795 2.300000 0.000000
vt 8.890000 1.400000 0.000000
vt 8.726795 1.550000 0.000000
vt 8.726795 1.400000 0.000000
vt 8.546410 1.500000 0.000000
vt 8.373205 1.200000 0.000000
vt 8.373205 1.800000 0.000000
vt 8.553590 1.850000 0.000000
vt 8.373205 1.950000 0.000000
vt 8.726795 2.150000 0.000000
vt 8.546410 2.250000 0.000000
vt 8.373205 2.550000 0.000000
vt 8.553590 2.600000 0.000000
vt 7.788675 2.700000 0.000000
vt 8.611325 2.700000 0.000000
vt 8.890000 2.700000 0.000000
vt 7.211325 2.700000 0.000000
vt 8.026795 2.550000 0.000000
vt 7.846410 2.600000 0.000000
vt 7.673205 2.300000 0.000000
vt 7.673205 2.150000 0.000000
vt 7.853590 2.250000 0.000000
vt 5.926795 0.800000 0.000000
vt 5.926795 0.650000 0.000000
vt 5.746410 0.750000 0.000000
vt 5.573205 0.450000 0.000000
vt 5.926795 1.550000 0.000000
vt 5.746410 1.500000 0.000000
vt 5.226795 1.950000 0.000000
vt 5.573205 1.800000 0.000000
vt 5.573205 1.950000 0.000000
vt 5.753590 1.850000 0.000000
vt 5.926795 2.150000 0.000000
vt 5.053590 2.250000 0.000000
vt 4.873205 2.150000 0.000000
vt 5.046410 1.850000 0.000000
vt 5.226795 1.800000 0.000000
vt 4.873205 2.300000 0.000000
vt 5.226795 2.550000 0.000000
vt 5.046410 2.600000 0.000000
vt 4.988675 2.700000 0.000000
vt 5.573205 2.550000 0.000000
vt 5.753590 2.600000 0.000000
vt 5.926795 2.300000 0.000000
vt 5.746410 2.250000 0.000000
vt 4.411325 2.700000 0.000000
vt 5.811325 2.700000 0.000000
vt 0.846410 2.600000 0.000000
vt 5.082457 0.050000 0.000000
vt 5.717543 0.050000 0.000000
vt 5.926795 0.050000 0.000000
vt 5.573205 0.300000 0.000000
vt 5.753590 0.350000 0.000000
vt 4.873205 0.050000 0.000000
vt 5.226795 0.300000 0.000000
vt 5.046410 0.350000 0.000000
vt 5.226795 0.450000 0.000000
vt 8.026795 1.200000 0.000000
vt 8.373205 1.050000 0.000000
vt 8.553590 1.100000 0.000000
vt 7.853590 1.500000 0.000000
vt 7.673205 1.400000 0.000000
vt 7.846410 1.100000 0.000000
vt 7.673205 1.550000 0.000000
vt 8.026795 1.800000 0.000000
vt 7.846410 1.850000 0.000000
vt 8.026795 1.950000 0.000000
vt 8.890000 0.800000 0.000000
vt 8.890000 0.650000 0.000000
vt 8.726795 0.800000 0.000000
vt 8.726795 0.650000 0.000000
vt 8.546410 0.750000 0.000000
vt 8.373205 0.450000 0.000000
vt 8.517543 0.050000 0.000000
vt 8.726795 0.050000 0.000000
vt 8.373205 0.300000 0.000000
vt 8.553590 0.350000 0.000000
vt 4.873838 0.799951 0.000000
vt 0.450000 0.050000 0.000000
vt 0.673205 0.050000 0.000000
vt 1.026795 0.300000 0.000000
vt 0.846410 0.350000 0.000000
vt 0.450000 2.700000 0.000000
vt 8.890000 0.050000 0.000000
vt -0.200000 -0.000000 0.000000
vt -0.000000 -0.000000 0.000000
vt -0.200000 0.125000 0.000000
vt -0.000000 0.125000 0.000000
vt -0.000000 0.025000 0.000000
vt -0.200000 0.025000 0.000000
vt 0.000000 0.000000 0.000000
vt -0.200000 0.000000 0.000000
vt 0.200000 0.805000 0.000000
vt -0.000000 0.805000 0.000000
vt 0.200000 -0.195000 0.000000
vt -0.000000 -0.195000 0.000000
vt 0.200000 0.078540 0.000000
vt -0.000000 0.078540 0.000000
vt 0.200000 0.061087 0.000000
vt 0.000000 0.061087 0.000000
vt 0.200000 0.043633 0.000000
vt 0.000000 0.043633 0.000000
vt 0.200000 0.026180 0.000000
vt 0.000000 0.026180 0.000000
vt 0.200000 0.008727 0.000000
vt 0.000000 0.008727 0.000000
vt 0.200000 -0.008727 0.000000
vt 0.000000 -0.008727 0.000000
vt 0.200000 -0.026180 0.000000
vt -0.000000 -0.026180 0.000000
vt 0.200000 -0.043633 0.000000
vt -0.000000 -0.043633 0.000000
vt 0.200000 -0.061087 0.000000
vt -0.000000 -0.061087 0.000000
vt 0.200000 -0.078540 0.000000
vt -0.000000 -0.078540 0.000000
vt 0.200000 0.950000 0.000000
vt 0.000000 0.950000 0.000000
vt 0.200000 -0.150000 0.000000
vt 0.000000 -0.150000 0.000000
vt 0.000000 0.078540 0.000000
vt -0.200000 0.078540 0.000000
vt -0.000000 0.061087 0.000000
vt -0.200000 0.061087 0.000000
vt 0.000000 0.043633 0.000000
vt -0.200000 0.043633 0.000000
vt 0.000000 0.026180 0.000000
vt -0.200000 0.026180 0.000000
vt -0.000000 0.008727 0.000000
vt -0.200000 0.008727 0.000000
vt -0.000000 -0.008727 0.000000
vt -0.200000 -0.008727 0.000000
vt -0.000000 -0.026180 0.000000
vt -0.200000 -0.026180 0.000000
vt 0.000000 -0.043633 0.000000
vt -0.200000 -0.043633 0.000000
vt 0.000000 -0.061087 0.000000
vt -0.200000 -0.061087 0.000000
vt 0.000000 -0.078540 0.000000
vt -0.200000 -0.078540 0.000000
vt 0.000000 0.150000 0.000000
vt -0.200000 0.150000 0.000000
vt 0.000000 -0.950000 0.000000
vt -0.200000 -0.950000 0.000000
vt 0.200000 0.078540 0.000000
vt -0.000000 0.078540 0.000000
vt 0.200000 0.061087 0.000000
vt 0.000000 0.061087 0.000000
vt 0.200000 0.043633 0.000000
vt 0.000000 0.043633 0.000000
vt 0.200000 0.026180 0.000000
vt 0.000000 0.026180 0.000000
vt 0.200000 0.008727 0.000000
vt 0.000000 0.008727 0.000000
vt 0.200000 -0.008727 0.000000
vt -0.000000 -0.008727 0.000000
vt 0.200000 -0.026180 0.000000
vt 0.000000 -0.026180 0.000000
vt 0.200000 -0.043633 0.000000
vt -0.000000 -0.043633 0.000000
vt 0.200000 -0.061087 0.000000
vt 0.000000 -0.061087 0.000000
vt 0.200000 -0.078540 0.000000
vt -0.000000 -0.078540 0.000000
vt 0.000000 0.078540 0.000000
vt -0.200000 0.078540 0.000000
vt -0.000000 0.061087 0.000000
vt -0.200000 0.061087 0.000000
vt 0.000000 0.043633 0.000000
vt -0.200000 0.043633 0.000000
vt -0.000000 0.026180 0.000000
vt -0.200000 0.026180 0.000000
vt 0.000000 0.008727 0.000000
vt -0.200000 0.008727 0.000000
vt -0.000000 -0.008727 0.000000
vt -0.200000 -0.008727 0.000000
vt 0.000000 -0.026180 0.000000
vt -0.200000 -0.026180 0.000000
vt -0.000000 -0.043633 0.000000
vt -0.200000 -0.043633 0.000000
vt -0.000000 -0.061087 0.000000
vt -0.200000 -0.061087 0.000000
vt -0.000000 -0.078540 0.000000
vt -0.200000 -0.078540 0.000000
vt -0.185000 -0.200000 0.000000
vt 0.415000 -0.200000 0.000000
vt -0.185000 0.000000 0.000000
vt 0.415000 0.000000 0.000000
vt -0.185000 -0.200000 0.000000
vt 0.415000 -0.200000 0.000000
vt -0.185000 0.000000 0.000000
vt 0.415000 0.000000 0.000000
vt -0.346410 0.000000 0.000000
vt 0.000000 0.000000 0.000000
vt -0.346410 0.200000 0.000000
vt 0.000000 0.200000 0.000000
vt -0.288675 0.000000 0.000000
vt 0.000000 0.000000 0.000000
vt -0.288675 0.200000 0.000000
vt 0.000000 0.200000 0.000000
vt -0.288675 0.000000 0.000000
vt -0.000000 0.000000 0.000000
vt -0.288675 0.200000 0.000000
vt -0.000000 0.200000 0.000000
vt -0.230940 0.000000 0.000000
vt -0.000000 0.000000 0.000000
vt -0.230940 0.200000 0.000000
vt -0.000000 0.200000 0.000000
vt -0.346410 0.000000 0.000000
vt -0.000000 0.000000 0.000000
vt -0.346410 0.200000 0.000000
vt -0.000000 0.200000 0.000000
vt -0.230940 0.000000 0.000000
vt 0.000000 0.000000 0.000000
vt -0.230940 0.200000 0.000000
vt 0.000000 0.200000 0.000000
vt -0.577350 0.000000 0.000000
vt 0.000000 0.000000 0.000000
vt -0.577350 0.200000 0.000000
vt 0.000000 0.200000 0.000000
vt -0.173205 0.000000 0.000000
vt 0.000000 0.000000 0.000000
vt -0.173205 0.200000 0.000000
vt 0.000000 0.200000 0.000000
vt -0.115470 0.200000 0.000000
vt -0.288675 0.200000 0.000000
vt -0.115470 0.000000 0.000000
vt -0.288675 0.000000 0.000000
vt -0.346410 0.000000 0.000000
vt 0.000000 0.000000 0.000000
vt -0.346410 0.200000 0.000000
vt 0.000000 0.200000 0.000000
vt -0.288675 0.000000 0.000000
vt 0.000000 0.000000 0.000000
vt -0.288675 0.200000 0.000000
vt 0.000000 0.200000 0.000000
vt -0.288675 0.000000 0.000000
vt -0.000000 0.000000 0.000000
vt -0.288675 0.200000 0.000000
vt -0.000000 0.200000 0.000000
vt -0.230940 0.000000 0.000000
vt -0.000000 0.000000 0.000000
vt -0.230940 0.200000 0.000000
vt -0.000000 0.200000 0.000000
vt -0.452265 0.000000 0.000000
vt -0.000000 0.000000 0.000000
vt -0.452265 0.200000 0.000000
vt -0.000000 0.200000 0.000000
vt -0.200000 0.000000 0.000000
vt -0.000000 0.000000 0.000000
vt -0.200000 0.200000 0.000000
vt -0.000000 0.200000 0.000000
vt -0.336795 0.000000 0.000000
vt -0.000000 0.000000 0.000000
vt -0.336795 0.200000 0.000000
vt -0.000000 0.200000 0.000000
vt -0.346410 0.000000 0.000000
vt -0.000000 0.000000 0.000000
vt -0.346410 0.200000 0.000000
vt -0.000000 0.200000 0.000000
vt -0.230940 0.000000 0.000000
vt 0.000000 0.000000 0.000000
vt -0.230940 0.200000 0.000000
vt 0.000000 0.200000 0.000000
vt -0.577350 0.000000 0.000000
vt -0.000000 0.000000 0.000000
vt -0.577350 0.200000 0.000000
vt -0.000000 0.200000 0.000000
vt -0.230940 0.000000 0.000000
vt -0.000000 0.000000 0.000000
vt -0.230940 0.200000 0.000000
vt -0.000000 0.200000 0.000000
vt -0.346410 0.000000 0.000000
vt -0.000000 0.000000 0.000000
vt -0.346410 0.200000 0.000000
vt -0.000000 0.200000 0.000000
vt -0.230940 0.000000 0.000000
vt 0.000000 0.000000 0.000000
vt -0.230940 0.200000 0.000000
vt 0.000000 0.200000 0.000000
vt -0.577350 0.000000 0.000000
vt -0.000000 0.000000 0.000000
vt -0.577350 0.200000 0.000000
vt -0.000000 0.200000 0.000000
vt -0.230940 0.000000 0.000000
vt -0.000000 0.000000 0.000000
vt -0.230940 0.200000 0.000000
vt -0.000000 0.200000 0.000000
vt -0.577350 0.000000 0.000000
vt -0.000000 0.000000 0.000000
vt -0.577350 0.200000 0.000000
vt -0.000000 0.200000 0.000000
vt -0.230940 0.000000 0.000000
vt -0.000000 0.000000 0.000000
vt -0.230940 0.200000 0.000000
vt -0.000000 0.200000 0.000000
vt -0.346410 0.000000 0.000000
vt -0.000000 0.000000 0.000000
vt -0.346410 0.200000 0.000000
vt -0.000000 0.200000 0.000000
vt -0.230940 0.000000 0.000000
vt 0.000000 0.000000 0.000000
vt -0.230940 0.200000 0.000000
vt 0.000000 0.200000 0.000000
vt -0.346410 0.000000 0.000000
vt -0.000000 0.000000 0.000000
vt -0.346410 0.200000 0.000000
vt -0.000000 0.200000 0.000000
vt -0.309615 0.000000 0.000000
vt -0.000000 0.000000 0.000000
vt -0.309615 0.200000 0.000000
vt 0.000000 0.200000 0.000000
vt -0.052265 0.000000 0.000000
vt -0.000000 0.000000 0.000000
vt -0.052265 0.200000 0.000000
vt -0.000000 0.200000 0.000000
vt -0.230940 0.000000 0.000000
vt -0.000000 0.000000 0.000000
vt -0.230940 0.200000 0.000000
vt -0.000000 0.200000 0.000000
vt -0.346410 0.000000 0.000000
vt -0.000000 0.000000 0.000000
vt -0.346410 0.200000 0.000000
vt -0.000000 0.200000 0.000000
vt -0.346410 0.000000 0.000000
vt 0.000000 0.000000 0.000000
vt -0.346410 0.200000 0.000000
vt 0.000000 0.200000 0.000000
vt -0.346410 0.000000 0.000000
vt -0.000000 0.000000 0.000000
vt -0.346410 0.200000 0.000000
vt -0.000000 0.200000 0.000000
vt -0.346410 0.000000 0.000000
vt -0.000000 0.000000 0.000000
vt -0.346410 0.200000 0.000000
vt -0.000000 0.200000 0.000000
vt -0.336795 0.000000 0.000000
vt 0.000000 0.000000 0.000000
vt -0.336795 0.200000 0.000000
vt 0.000000 0.200000 0.000000
vt -0.600000 0.000000 0.000000
vt -0.000000 0.000000 0.000000
vt -0.600000 0.200000 0.000000
vt -0.000000 0.200000 0.000000
vt -0.336795 0.000000 0.000000
vt -0.000000 0.000000 0.000000
vt -0.336795 0.200000 0.000000
vt -0.000000 0.200000 0.000000
vt -0.214615 0.000000 0.000000
vt 0.000000 0.000000 0.000000
vt -0.214615 0.200000 0.000000
vt 0.000000 0.200000 0.000000
vt -0.346410 0.000000 0.000000
vt 0.000000 0.000000 0.000000
vt -0.346410 0.200000 0.000000
vt 0.000000 0.200000 0.000000
vt -0.346410 0.000000 0.000000
vt -0.000000 0.000000 0.000000
vt -0.346410 0.200000 0.000000
vt -0.000000 0.200000 0.000000
vt -0.346410 0.000000 0.000000
vt -0.000000 0.000000 0.000000
vt -0.346410 0.200000 0.000000
vt -0.000000 0.200000 0.000000
vt -0.346410 0.000000 0.000000
vt -0.000000 0.000000 0.000000
vt -0.346410 0.200000 0.000000
vt -0.000000 0.200000 0.000000
vt -0.115470 0.000000 0.000000
vt -0.000000 0.000000 0.000000
vt -0.115470 0.200000 0.000000
vt -0.000000 0.200000 0.000000
vt -0.235085 0.000000 0.000000
vt 0.000000 0.000000 0.000000
vt -0.235085 0.200000 0.000000
vt 0.000000 0.200000 0.000000
vt -0.230940 0.000000 0.000000
vt -0.000000 0.000000 0.000000
vt -0.230940 0.200000 0.000000
vt -0.000000 0.200000 0.000000
vt -0.346410 0.000000 0.000000
vt -0.000000 0.000000 0.000000
vt -0.346410 0.200000 0.000000
vt -0.000000 0.200000 0.000000
vt -0.346410 0.000000 0.000000
vt -0.000000 0.000000 0.000000
vt -0.346410 0.200000 0.000000
vt -0.000000 0.200000 0.000000
vt -0.346410 0.000000 0.000000
vt -0.000000 0.000000 0.000000
vt -0.346410 0.200000 0.000000
vt -0.000000 0.200000 0.000000
vt -0.126795 0.000000 0.000000
vt 0.000000 0.000000 0.000000
vt -0.126795 0.200000 0.000000
vt 0.000000 0.200000 0.000000
vt -0.346410 0.000000 0.000000
vt -0.000000 0.000000 0.000000
vt -0.346410 0.200000 0.000000
vt -0.000000 0.200000 0.000000
vt -0.346410 0.000000 0.000000
vt -0.000000 0.000000 0.000000
vt -0.346410 0.200000 0.000000
vt -0.000000 0.200000 0.000000
vt -0.346410 0.000000 0.000000
vt -0.000000 0.000000 0.000000
vt -0.346410 0.200000 0.000000
vt -0.000000 0.200000 0.000000
vt -0.346410 0.000000 0.000000
vt 0.000000 0.000000 0.000000
vt -0.346410 0.200000 0.000000
vt 0.000000 0.200000 0.000000
vt -0.346410 0.000000 0.000000
vt 0.000000 0.000000 0.000000
vt -0.346410 0.200000 0.000000
vt 0.000000 0.200000 0.000000
vt -0.346410 0.000000 0.000000
vt -0.000000 0.000000 0.000000
vt -0.346410 0.200000 0.000000
vt -0.000000 0.200000 0.000000
vt -0.346410 0.000000 0.000000
vt -0.000000 0.000000 0.000000
vt -0.346410 0.200000 0.000000
vt -0.000000 0.200000 0.000000
vt -0.346410 0.000000 0.000000
vt -0.000000 0.000000 0.000000
vt -0.346410 0.200000 0.000000
vt -0.000000 0.200000 0.000000
vt -0.346410 0.000000 0.000000
vt -0.000000 0.000000 0.000000
vt -0.346410 0.200000 0.000000
vt -0.000000 0.200000 0.000000
vt -0.346410 0.000000 0.000000
vt -0.000000 0.000000 0.000000
vt -0.346410 0.200000 0.000000
vt -0.000000 0.200000 0.000000
vt -0.346410 0.000000 0.000000
vt 0.000000 0.000000 0.000000
vt -0.346410 0.200000 0.000000
vt 0.000000 0.200000 0.000000
vt -0.346410 0.000000 0.000000
vt 0.000000 0.000000 0.000000
vt -0.346410 0.200000 0.000000
vt 0.000000 0.200000 0.000000
vt -0.346410 0.000000 0.000000
vt 0.000000 0.000000 0.000000
vt -0.346410 0.200000 0.000000
vt 0.000000 0.200000 0.000000
vt -0.346410 0.000000 0.000000
vt 0.000000 0.000000 0.000000
vt -0.346410 0.200000 0.000000
vt 0.000000 0.200000 0.000000
vt -0.031795 0.000000 0.000000
vt -0.000000 0.000000 0.000000
vt -0.031795 0.200000 0.000000
vt -0.000000 0.200000 0.000000
vt -0.346410 0.000000 0.000000
vt -0.000000 0.000000 0.000000
vt -0.346410 0.200000 0.000000
vt -0.000000 0.200000 0.000000
vt -0.346410 0.000000 0.000000
vt -0.000000 0.000000 0.000000
vt -0.346410 0.200000 0.000000
vt -0.000000 0.200000 0.000000
vt -0.115470 0.000000 0.000000
vt -0.000000 0.000000 0.000000
vt -0.115470 0.200000 0.000000
vt -0.000000 0.200000 0.000000
vt -0.346410 0.000000 0.000000
vt -0.000000 0.000000 0.000000
vt -0.346410 0.200000 0.000000
vt -0.000000 0.200000 0.000000
vt -0.346410 0.000000 0.000000
vt 0.000000 0.000000 0.000000
vt -0.346410 0.200000 0.000000
vt 0.000000 0.200000 0.000000
vt -0.346410 0.000000 0.000000
vt 0.000000 0.000000 0.000000
vt -0.346410 0.200000 0.000000
vt 0.000000 0.200000 0.000000
vt -0.346410 0.000000 0.000000
vt -0.000000 0.000000 0.000000
vt -0.346410 0.200000 0.000000
vt -0.000000 0.200000 0.000000
vt -0.346410 0.000000 0.000000
vt -0.000000 0.000000 0.000000
vt -0.346410 0.200000 0.000000
vt -0.000000 0.200000 0.000000
vt -0.336795 0.000000 0.000000
vt 0.000000 0.000000 0.000000
vt -0.336795 0.200000 0.000000
vt 0.000000 0.200000 0.000000
vt -0.600000 0.000000 0.000000
vt -0.000000 0.000000 0.000000
vt -0.600000 0.200000 0.000000
vt -0.000000 0.200000 0.000000
vt -0.336795 0.000000 0.000000
vt -0.000000 0.000000 0.000000
vt -0.336795 0.200000 0.000000
vt -0.000000 0.200000 0.000000
vt -0.346410 0.000000 0.000000
vt -0.000000 0.000000 0.000000
vt -0.346410 0.200000 0.000000
vt -0.000000 0.200000 0.000000
vt -0.346410 0.000000 0.000000
vt -0.000000 0.000000 0.000000
vt -0.346410 0.200000 0.000000
vt -0.000000 0.200000 0.000000
vt -0.336795 0.000000 0.000000
vt 0.000000 0.000000 0.000000
vt -0.336795 0.200000 0.000000
vt 0.000000 0.200000 0.000000
vt -0.600000 0.000000 0.000000
vt -0.000000 0.000000 0.000000
vt -0.600000 0.200000 0.000000
vt -0.000000 0.200000 0.000000
vt -0.336795 0.000000 0.000000
vt -0.000000 0.000000 0.000000
vt -0.336795 0.200000 0.000000
vt -0.000000 0.200000 0.000000
vt -0.577350 0.000000 0.000000
vt -0.000000 0.000000 0.000000
vt -0.577350 0.200000 0.000000
vt -0.000000 0.200000 0.000000
vt -0.230940 0.000000 0.000000
vt -0.000000 0.000000 0.000000
vt -0.230940 0.200000 0.000000
vt -0.000000 0.200000 0.000000
vt -0.346410 0.000000 0.000000
vt -0.000000 0.000000 0.000000
vt -0.346410 0.200000 0.000000
vt -0.000000 0.200000 0.000000
vt -0.230940 0.000000 0.000000
vt 0.000000 0.000000 0.000000
vt -0.230940 0.200000 0.000000
vt 0.000000 0.200000 0.000000
vt -0.346410 0.000000 0.000000
vt -0.000000 0.000000 0.000000
vt -0.346410 0.200000 0.000000
vt -0.000000 0.200000 0.000000
vt -0.346410 0.000000 0.000000
vt -0.000000 0.000000 0.000000
vt -0.346410 0.200000 0.000000
vt -0.000000 0.200000 0.000000
vt -0.346410 0.000000 0.000000
vt -0.000000 0.000000 0.000000
vt -0.346410 0.200000 0.000000
vt -0.000000 0.200000 0.000000
vt -0.346410 0.000000 0.000000
vt -0.000000 0.000000 0.000000
vt -0.346410 0.200000 0.000000
vt -0.000000 0.200000 0.000000
vt -0.346410 0.000000 0.000000
vt -0.000000 0.000000 0.000000
vt -0.346410 0.200000 0.000000
vt -0.000000 0.200000 0.000000
vt -0.346410 0.000000 0.000000
vt 0.000000 0.000000 0.000000
vt -0.346410 0.200000 0.000000
vt 0.000000 0.200000 0.000000
vt -0.346410 0.000000 0.000000
vt -0.000000 0.000000 0.000000
vt -0.346410 0.200000 0.000000
vt -0.000000 0.200000 0.000000
vt -0.230940 0.000000 0.000000
vt 0.000000 0.000000 0.000000
vt -0.230940 0.200000 0.000000
vt 0.000000 0.200000 0.000000
vt -0.577350 0.000000 0.000000
vt -0.000000 0.000000 0.000000
vt -0.577350 0.200000 0.000000
vt -0.000000 0.200000 0.000000
vt -0.230940 0.000000 0.000000
vt -0.000000 0.000000 0.000000
vt -0.230940 0.200000 0.000000
vt -0.000000 0.200000 0.000000
vt -0.346410 0.000000 0.000000
vt -0.000000 0.000000 0.000000
vt -0.346410 0.200000 0.000000
vt -0.000000 0.200000 0.000000
vt -0.309615 0.000000 0.000000
vt -0.000000 0.000000 0.000000
vt -0.309615 0.200000 0.000000
vt -0.000000 0.200000 0.000000
vt -0.600000 0.000000 0.000000
vt -0.000000 0.000000 0.000000
vt -0.600000 0.200000 0.000000
vt -0.000000 0.200000 0.000000
vt -0.309615 0.000000 0.000000
vt 0.000000 0.000000 0.000000
vt -0.309615 0.200000 0.000000
vt 0.000000 0.200000 0.000000
vt -0.346410 0.000000 0.000000
vt 0.000000 0.000000 0.000000
vt -0.346410 0.200000 0.000000
vt 0.000000 0.200000 0.000000
vt -0.346410 0.000000 0.000000
vt -0.000000 0.000000 0.000000
vt -0.346410 0.200000 0.000000
vt -0.000000 0.200000 0.000000
vt -0.346410 0.000000 0.000000
vt -0.000000 0.000000 0.000000
vt -0.346410 0.200000 0.000000
vt -0.000000 0.200000 0.000000
vt -0.346410 0.000000 0.000000
vt 0.000000 0.000000 0.000000
vt -0.346410 0.200000 0.000000
vt 0.000000 0.200000 0.000000
vt -0.346410 0.000000 0.000000
vt 0.000000 0.000000 0.000000
vt -0.346410 0.200000 0.000000
vt 0.000000 0.200000 0.000000
vt -0.346410 0.000000 0.000000
vt -0.000000 0.000000 0.000000
vt -0.346410 0.200000 0.000000
vt -0.000000 0.200000 0.000000
vt -0.346410 0.000000 0.000000
vt -0.000000 0.000000 0.000000
vt -0.346410 0.200000 0.000000
vt -0.000000 0.200000 0.000000
vt -0.230940 0.000000 0.000000
vt 0.000000 0.000000 0.000000
vt -0.230940 0.200000 0.000000
vt 0.000000 0.200000 0.000000
vt -0.577350 0.000000 0.000000
vt 0.000000 0.000000 0.000000
vt -0.577350 0.200000 0.000000
vt 0.000000 0.200000 0.000000
vt -0.230940 0.000000 0.000000
vt -0.000000 0.000000 0.000000
vt -0.230940 0.200000 0.000000
vt -0.000000 0.200000 0.000000
vt -0.346410 0.000000 0.000000
vt -0.000000 0.000000 0.000000
vt -0.346410 0.200000 0.000000
vt -0.000000 0.200000 0.000000
vt -0.173205 0.000000 0.000000
vt 0.000000 0.000000 0.000000
vt -0.173205 0.200000 0.000000
vt 0.000000 0.200000 0.000000
vt -0.288675 0.000000 0.000000
vt -0.000000 0.000000 0.000000
vt -0.288675 0.200000 0.000000
vt -0.000000 0.200000 0.000000
vt -0.346410 0.000000 0.000000
vt -0.000000 0.000000 0.000000
vt -0.346410 0.200000 0.000000
vt -0.000000 0.200000 0.000000
vt -0.346410 0.000000 0.000000
vt -0.000000 0.000000 0.000000
vt -0.346410 0.200000 0.000000
vt -0.000000 0.200000 0.000000
vt -0.346410 0.000000 0.000000
vt -0.000000 0.000000 0.000000
vt -0.346410 0.200000 0.000000
vt -0.000000 0.200000 0.000000
vt -0.346410 0.000000 0.000000
vt 0.000000 0.000000 0.000000
vt -0.346410 0.200000 0.000000
vt 0.000000 0.200000 0.000000
vt -0.346410 0.000000 0.000000
vt 0.000000 0.000000 0.000000
vt -0.346410 0.200000 0.000000
vt 0.000000 0.200000 0.000000
vt -0.346410 0.000000 0.000000
vt -0.000000 0.000000 0.000000
vt -0.346410 0.200000 0.000000
vt -0.000000 0.200000 0.000000
vt -0.600000 0.000000 0.000000
vt 0.000000 0.000000 0.000000
vt -0.600000 0.200000 0.000000
vt 0.000000 0.200000 0.000000
vt -0.126795 0.000000 0.000000
vt -0.000000 0.000000 0.000000
vt -0.126795 0.200000 0.000000
vt -0.000000 0.200000 0.000000
vt -0.346410 0.000000 0.000000
vt -0.000000 0.000000 0.000000
vt -0.346410 0.200000 0.000000
vt -0.000000 0.200000 0.000000
vt -0.346410 0.000000 0.000000
vt -0.000000 0.000000 0.000000
vt -0.346410 0.200000 0.000000
vt -0.000000 0.200000 0.000000
vt -0.126795 0.000000 0.000000
vt 0.000000 0.000000 0.000000
vt -0.126795 0.200000 0.000000
vt 0.000000 0.200000 0.000000
vt -0.173205 0.290000 0.000000
vt -0.346410 0.290000 0.000000
vt -0.173205 0.090000 0.000000
vt -0.346410 0.090000 0.000000
vt -0.000000 0.200000 0.000000
vt -0.313836 0.200000 0.000000
vt -0.000000 0.000000 0.000000
vt -0.313836 0.000000 0.000000
vt -0.000000 0.200000 0.000000
vt -0.658849 0.200000 0.000000
vt -0.000000 0.000000 0.000000
vt -0.658849 0.000000 0.000000
vt -0.000000 0.200000 0.000000
vt -0.311032 0.200000 0.000000
vt -0.000000 0.000000 0.000000
vt -0.311032 0.000000 0.000000
vt -0.000000 0.200000 0.000000
vt -0.346410 0.200000 0.000000
vt -0.000000 0.000000 0.000000
vt -0.346410 0.000000 0.000000
vt -0.000000 0.200000 0.000000
vt -0.313836 0.200000 0.000000
vt -0.000000 0.000000 0.000000
vt -0.313836 0.000000 0.000000
vt -0.000000 0.200000 0.000000
vt -0.658849 0.200000 0.000000
vt -0.000000 0.000000 0.000000
vt -0.658849 0.000000 0.000000
vt -0.000000 0.200000 0.000000
vt -0.311032 0.200000 0.000000
vt -0.000000 0.000000 0.000000
vt -0.311032 0.000000 0.000000
vt -0.000000 0.200000 0.000000
vt -0.346410 0.200000 0.000000
vt -0.000000 0.000000 0.000000
vt -0.346410 0.000000 0.000000
vt -0.000000 0.200000 0.000000
vt -0.346410 0.200000 0.000000
vt -0.000000 0.000000 0.000000
vt -0.346410 0.000000 0.000000
vt -0.000000 0.200000 0.000000
vt -0.313836 0.200000 0.000000
vt -0.000000 0.000000 0.000000
vt -0.313836 0.000000 0.000000
vt -0.000000 0.200000 0.000000
vt -0.658849 0.200000 0.000000
vt 0.000000 0.000000 0.000000
vt -0.658849 0.000000 0.000000
vt -0.000000 0.200000 0.000000
vt -0.311032 0.200000 0.000000
vt -0.000000 0.000000 0.000000
vt -0.311032 0.000000 0.000000
vt -0.000000 0.200000 0.000000
vt -0.003830 0.200000 0.000000
vt -0.000000 0.000000 0.000000
vt -0.003830 0.000000 0.000000
vt -0.346394 0.200000 0.000000
vt -0.346410 0.200000 0.000000
vt -0.346394 -0.000000 0.000000
vt -0.346410 -0.000000 0.000000
vt 0.000000 0.000000 0.000000
vt 0.309808 0.000000 0.000000
vt 0.000000 0.200000 0.000000
vt 0.309808 0.200000 0.000000
vt -0.173205 0.290000 0.000000
vt -0.346410 0.290000 0.000000
vt -0.173205 0.090000 0.000000
vt -0.346410 0.090000 0.000000
vt 0.000000 0.000000 0.000000
vt 0.519615 0.000000 0.000000
vt 0.000000 0.200000 0.000000
vt 0.519615 0.200000 0.000000
vt -0.173205 0.090000 0.000000
vt -0.000000 0.090000 0.000000
vt -0.173205 0.290000 0.000000
vt -0.000000 0.290000 0.000000
vt -0.089808 0.000000 0.000000
vt 0.429807 0.000000 0.000000
vt -0.089808 0.200000 0.000000
vt 0.429807 0.200000 0.000000
vt 0.000000 0.000000 0.000000
vt 0.519615 0.000000 0.000000
vt 0.000000 0.200000 0.000000
vt 0.519615 0.200000 0.000000
vt -0.173205 0.090000 0.000000
vt -0.000000 0.090000 0.000000
vt -0.173205 0.290000 0.000000
vt -0.000000 0.290000 0.000000
vt -0.000000 0.290000 0.000000
vt -0.346410 0.290000 0.000000
vt -0.000000 0.090000 0.000000
vt -0.346410 0.090000 0.000000
vt -0.000000 0.290000 0.000000
vt -0.163205 0.290000 0.000000
vt -0.000000 0.090000 0.000000
vt -0.163205 0.090000 0.000000
vt 0.000000 0.290000 0.000000
vt -0.400000 0.290000 0.000000
vt -0.000000 0.090000 0.000000
vt -0.400000 0.090000 0.000000
vt -0.000000 0.290000 0.000000
vt -0.115470 0.290000 0.000000
vt -0.000000 0.090000 0.000000
vt -0.115470 0.090000 0.000000
vt 5.670000 1.405000 0.000000
vt 4.809437 1.530000 0.000000
vt 4.420000 1.405000 0.000000
vt 4.613205 1.550000 0.000000
vt 4.266795 1.550000 0.000000
vt 5.795000 1.405000 0.000000
vt 5.666795 1.550000 0.000000
vt 5.468286 1.530000 0.000000
vt 6.795000 1.405000 0.000000
vt 6.209437 1.530000 0.000000
vt 6.013205 1.550000 0.000000
vt 6.868286 1.530000 0.000000
vt 6.820000 1.405000 0.000000
vt 6.837365 1.403481 0.000000
vt 6.854202 1.398969 0.000000
vt 7.255798 1.408969 0.000000
vt 7.066795 1.550000 0.000000
vt 7.272635 1.413481 0.000000
vt 7.290000 1.415000 0.000000
vt 7.240000 1.401603 0.000000
vt 6.870000 1.391603 0.000000
vt 7.225721 1.391604 0.000000
vt 6.884279 1.381604 0.000000
vt 7.213396 1.379279 0.000000
vt 6.896604 1.369279 0.000000
vt 7.203397 1.365000 0.000000
vt 6.906602 1.355000 0.000000
vt 7.196031 1.349202 0.000000
vt 6.913969 1.339202 0.000000
vt 7.191519 1.332365 0.000000
vt 6.918481 1.322365 0.000000
vt 7.190000 1.315000 0.000000
vt 6.920000 1.305000 0.000000
vt 7.190000 0.715000 0.000000
vt 6.920000 0.705000 0.000000
vt 7.191519 0.697635 0.000000
vt 6.918481 0.687635 0.000000
vt 7.196031 0.680798 0.000000
vt 6.913969 0.670798 0.000000
vt 7.203397 0.665000 0.000000
vt 6.906603 0.655000 0.000000
vt 7.213396 0.650721 0.000000
vt 6.896605 0.640721 0.000000
vt 7.225721 0.638396 0.000000
vt 6.884279 0.628395 0.000000
vt 7.240000 0.628397 0.000000
vt 6.870000 0.618397 0.000000
vt 7.255798 0.621031 0.000000
vt 6.980192 0.500000 0.000000
vt 7.272635 0.616519 0.000000
vt 7.290000 0.615000 0.000000
vt 7.499808 0.500000 0.000000
vt 8.390000 0.615000 0.000000
vt 8.380192 0.500000 0.000000
vt 8.407365 0.616519 0.000000
vt 8.690000 0.500000 0.000000
vt 8.424202 0.621031 0.000000
vt 8.440000 0.628397 0.000000
vt 8.454279 0.638396 0.000000
vt 8.466604 0.650721 0.000000
vt 8.476603 0.665000 0.000000
vt 8.483969 0.680798 0.000000
vt 8.488481 0.697635 0.000000
vt 8.490000 0.715000 0.000000
vt 8.490000 1.315000 0.000000
vt 8.690000 1.550000 0.000000
vt 8.488481 1.332365 0.000000
vt 8.483969 1.349202 0.000000
vt 8.476603 1.365000 0.000000
vt 8.466604 1.379279 0.000000
vt 8.454279 1.391604 0.000000
vt 8.440000 1.401603 0.000000
vt 8.424202 1.408969 0.000000
vt 8.407365 1.413481 0.000000
vt 8.466795 1.550000 0.000000
vt 8.390000 1.415000 0.000000
vt 8.268286 1.530000 0.000000
vt 7.609437 1.530000 0.000000
vt 6.854202 0.611031 0.000000
vt 6.837365 0.606519 0.000000
vt 6.820000 0.605000 0.000000
vt 6.099808 0.500000 0.000000
vt 5.670000 0.605000 0.000000
vt 5.580192 0.500000 0.000000
vt 4.699808 0.500000 0.000000
vt 5.493590 0.350000 0.000000
vt 4.786410 0.350000 0.000000
vt 5.313205 0.300000 0.000000
vt 4.966795 0.300000 0.000000
vt 4.613205 0.050000 0.000000
vt 4.822457 0.050000 0.000000
vt 8.940000 -0.150000 0.000000
vt 5.457543 0.050000 0.000000
vt 5.666795 0.050000 0.000000
vt 4.420000 0.605000 0.000000
vt 4.180192 0.500000 0.000000
vt 4.402635 0.606519 0.000000
vt 4.385798 0.611031 0.000000
vt 4.370000 0.618397 0.000000
vt 4.355721 0.628396 0.000000
vt 4.343395 0.640721 0.000000
vt 4.333397 0.655000 0.000000
vt 4.086410 0.750000 0.000000
vt 3.913205 0.450000 0.000000
vt 4.326031 0.670798 0.000000
vt 4.321519 0.687635 0.000000
vt 4.320000 0.705000 0.000000
vt 4.320000 1.305000 0.000000
vt 4.270000 0.799951 0.000000
vt 4.266170 0.799937 0.000000
vt 4.266162 0.799951 0.000000
vt 3.913205 1.050000 0.000000
vt 3.913205 1.200000 0.000000
vt 4.321519 1.322365 0.000000
vt 4.326031 1.339202 0.000000
vt 4.086410 1.500000 0.000000
vt 4.333397 1.355000 0.000000
vt 4.343395 1.369279 0.000000
vt 4.355721 1.381604 0.000000
vt 4.370000 1.391602 0.000000
vt 4.385798 1.398969 0.000000
vt 4.402635 1.403481 0.000000
vt 3.913205 1.800000 0.000000
vt 4.093590 1.850000 0.000000
vt 3.913205 1.950000 0.000000
vt 4.266795 2.150000 0.000000
vt 4.086410 2.250000 0.000000
vt 4.266795 2.300000 0.000000
vt 3.913205 2.550000 0.000000
vt 4.093590 2.600000 0.000000
vt 3.328675 2.700000 0.000000
vt 4.151325 2.700000 0.000000
vt 6.893590 0.350000 0.000000
vt 6.186410 0.350000 0.000000
vt 6.713205 0.300000 0.000000
vt 6.366795 0.300000 0.000000
vt 6.013205 0.050000 0.000000
vt 6.222457 0.050000 0.000000
vt 6.857543 0.050000 0.000000
vt 7.066795 0.050000 0.000000
vt 8.293590 0.350000 0.000000
vt 7.586410 0.350000 0.000000
vt 8.113205 0.300000 0.000000
vt 7.766795 0.300000 0.000000
vt 7.413205 0.050000 0.000000
vt 7.622457 0.050000 0.000000
vt 8.257543 0.050000 0.000000
vt 8.466795 0.050000 0.000000
vt 6.363959 1.799933 0.000000
vt 6.186410 1.850000 0.000000
vt 6.366795 1.950000 0.000000
vt 6.013205 2.150000 0.000000
vt 6.193590 2.250000 0.000000
vt 6.013205 2.300000 0.000000
vt 6.366795 2.550000 0.000000
vt 6.186410 2.600000 0.000000
vt 6.713205 2.550000 0.000000
vt 6.128675 2.700000 0.000000
vt 6.893590 2.600000 0.000000
vt 6.951325 2.700000 0.000000
vt 6.710367 1.801210 0.000000
vt 6.713205 1.950000 0.000000
vt 6.893590 1.850000 0.000000
vt 7.066795 2.150000 0.000000
vt 4.963959 1.799933 0.000000
vt 4.786410 1.850000 0.000000
vt 4.966795 1.950000 0.000000
vt 4.613205 2.150000 0.000000
vt 4.793590 2.250000 0.000000
vt 4.613205 2.300000 0.000000
vt 4.966795 2.550000 0.000000
vt 4.786410 2.600000 0.000000
vt 5.313205 2.550000 0.000000
vt 4.728675 2.700000 0.000000
vt 5.493590 2.600000 0.000000
vt 5.551325 2.700000 0.000000
vt 5.310367 1.801210 0.000000
vt 5.313205 1.950000 0.000000
vt 5.493590 1.850000 0.000000
vt 5.666795 2.150000 0.000000
vt 7.763959 1.799933 0.000000
vt 7.413205 1.550000 0.000000
vt 8.110367 1.801210 0.000000
vt 7.766795 1.950000 0.000000
vt 7.586410 1.850000 0.000000
vt 8.293590 1.850000 0.000000
vt 8.113205 1.950000 0.000000
vt 8.466795 2.150000 0.000000
vt 8.286410 2.250000 0.000000
vt 8.466795 2.300000 0.000000
vt 8.113205 2.550000 0.000000
vt 8.293590 2.600000 0.000000
vt 7.528675 2.700000 0.000000
vt 8.351325 2.700000 0.000000
vt 0.586410 2.600000 0.000000
vt 1.113205 2.550000 0.000000
vt 0.528675 2.700000 0.000000
vt 1.293590 2.600000 0.000000
vt 1.351325 2.700000 0.000000
vt 0.766795 2.550000 0.000000
vt 0.413205 2.300000 0.000000
vt 0.593590 2.250000 0.000000
vt 0.413205 2.150000 0.000000
vt 0.766795 1.950000 0.000000
vt 0.586410 1.850000 0.000000
vt 0.766795 1.800000 0.000000
vt 0.413205 1.550000 0.000000
vt 0.593590 1.500000 0.000000
vt 0.413205 1.400000 0.000000
vt 0.766795 1.200000 0.000000
vt 0.586410 1.100000 0.000000
vt 0.766795 1.050000 0.000000
vt 0.413205 0.800000 0.000000
vt 0.593590 0.750000 0.000000
vt 0.413205 0.650000 0.000000
vt 0.766795 0.450000 0.000000
vt 0.586410 0.350000 0.000000
vt 0.766795 0.300000 0.000000
vt 0.413205 0.050000 0.000000
vt 0.622457 0.050000 0.000000
vt 0.000000 -0.150000 0.000000
vt 1.257543 0.050000 0.000000
vt 1.466795 0.050000 0.000000
vt 1.113205 0.300000 0.000000
vt 1.293590 0.350000 0.000000
vt 1.113205 0.450000 0.000000
vt 1.466795 0.650000 0.000000
vt 1.286410 0.750000 0.000000
vt 1.466795 0.800000 0.000000
vt 1.113205 1.050000 0.000000
vt 1.293590 1.100000 0.000000
vt 1.113205 1.200000 0.000000
vt 1.466795 1.400000 0.000000
vt 1.286410 1.500000 0.000000
vt 1.466795 1.550000 0.000000
vt 1.113205 1.800000 0.000000
vt 1.293590 1.850000 0.000000
vt 1.113205 1.950000 0.000000
vt 1.466795 2.150000 0.000000
vt 1.286410 2.250000 0.000000
vt 1.466795 2.300000 0.000000
vt 0.250000 2.300000 0.000000
vt 0.250000 2.150000 0.000000
vt 0.000000 2.700000 0.000000
vt 0.250000 1.550000 0.000000
vt 0.250000 1.400000 0.000000
vt 0.250000 2.700000 0.000000
vt 0.250000 0.800000 0.000000
vt 0.250000 0.650000 0.000000
vt 4.266795 0.050000 0.000000
vt 4.057543 0.050000 0.000000
vt 3.913205 0.300000 0.000000
vt 4.093590 0.350000 0.000000
vt 8.940000 2.700000 0.000000
vt 8.690000 0.050000 0.000000
vt 8.690000 2.700000 0.000000
vt 8.690000 2.300000 0.000000
vt 8.690000 2.150000 0.000000
vt 7.586410 2.600000 0.000000
vt 7.766795 2.550000 0.000000
vt 7.413205 2.300000 0.000000
vt 7.593590 2.250000 0.000000
vt 7.413205 2.150000 0.000000
vt 7.066795 2.300000 0.000000
vt 6.886410 2.250000 0.000000
vt 5.666795 2.300000 0.000000
vt 5.486410 2.250000 0.000000
vt 3.386410 2.600000 0.000000
vt 3.566795 2.550000 0.000000
vt 3.213205 2.300000 0.000000
vt 3.393590 2.250000 0.000000
vt 3.213205 2.150000 0.000000
vt 3.566795 1.950000 0.000000
vt 3.386410 1.850000 0.000000
vt 3.566795 1.800000 0.000000
vt 3.213205 1.550000 0.000000
vt 3.393590 1.500000 0.000000
vt 3.213205 1.400000 0.000000
vt 3.566795 1.200000 0.000000
vt 3.386410 1.100000 0.000000
vt 3.566795 1.050000 0.000000
vt 3.213205 0.800000 0.000000
vt 3.393590 0.750000 0.000000
vt 3.213205 0.650000 0.000000
vt 3.566795 0.450000 0.000000
vt 3.386410 0.350000 0.000000
vt 3.566795 0.300000 0.000000
vt 3.213205 0.050000 0.000000
vt 3.422457 0.050000 0.000000
vt 2.866795 2.300000 0.000000
vt 2.866795 2.150000 0.000000
vt 2.686410 2.250000 0.000000
vt 2.513205 1.950000 0.000000
vt 2.513205 2.550000 0.000000
vt 2.693590 2.600000 0.000000
vt 1.928675 2.700000 0.000000
vt 2.751325 2.700000 0.000000
vt 1.986410 2.600000 0.000000
vt 2.166795 2.550000 0.000000
vt 1.813205 2.300000 0.000000
vt 1.993590 2.250000 0.000000
vt 1.813205 2.150000 0.000000
vt 2.166795 1.950000 0.000000
vt 1.986410 1.850000 0.000000
vt 2.166795 1.800000 0.000000
vt 1.813205 1.550000 0.000000
vt 1.993590 1.500000 0.000000
vt 1.813205 1.400000 0.000000
vt 2.166795 1.200000 0.000000
vt 1.986410 1.100000 0.000000
vt 2.166795 1.050000 0.000000
vt 1.813205 0.800000 0.000000
vt 1.993590 0.750000 0.000000
vt 1.813205 0.650000 0.000000
vt 2.166795 0.450000 0.000000
vt 1.986410 0.350000 0.000000
vt 2.166795 0.300000 0.000000
vt 1.813205 0.050000 0.000000
vt 2.022457 0.050000 0.000000
vt 2.657543 0.050000 0.000000
vt 2.866795 0.050000 0.000000
vt 2.513205 0.300000 0.000000
vt 2.693590 0.350000 0.000000
vt 2.513205 0.450000 0.000000
vt 2.866795 0.650000 0.000000
vt 2.686410 0.750000 0.000000
vt 2.866795 0.800000 0.000000
vt 2.513205 1.050000 0.000000
vt 2.693590 1.100000 0.000000
vt 2.513205 1.200000 0.000000
vt 2.866795 1.400000 0.000000
vt 2.686410 1.500000 0.000000
vt 2.866795 1.550000 0.000000
vt 2.513205 1.800000 0.000000
vt 2.693590 1.850000 0.000000
vt 0.250000 0.050000 0.000000
vt -1.100000 0.200000 0.000000
vt -3.910000 0.200000 0.000000
vt -1.100000 0.000000 0.000000
vt -3.910000 0.000000 0.000000
vt -3.910000 0.000000 0.000000
vt -1.100000 0.000000 0.000000
vt -3.910000 0.200000 0.000000
vt -1.100000 0.200000 0.000000
vt -0.000000 0.290000 0.000000
vt -0.346410 0.290000 0.000000
vt -0.000000 0.090000 0.000000
vt -0.346410 0.090000 0.000000
vt -0.000000 0.290000 0.000000
vt -0.346410 0.290000 0.000000
vt -0.000000 0.090000 0.000000
vt -0.346410 0.090000 0.000000
vt -0.000000 0.290000 0.000000
vt -0.346410 0.290000 0.000000
vt -0.000000 0.090000 0.000000
vt -0.346410 0.090000 0.000000
vt -0.000000 0.290000 0.000000
vt -0.346410 0.290000 0.000000
vt -0.000000 0.090000 0.000000
vt -0.346410 0.090000 0.000000
vt 0.000000 0.290000 0.000000
vt -0.346410 0.290000 0.000000
vt 0.000000 0.090000 0.000000
vt -0.346410 0.090000 0.000000
vt -0.000000 0.290000 0.000000
vt -0.346410 0.290000 0.000000
vt -0.000000 0.090000 0.000000
vt -0.346410 0.090000 0.000000
vt -0.000000 0.290000 0.000000
vt -0.346410 0.290000 0.000000
vt -0.000000 0.090000 0.000000
vt -0.346410 0.090000 0.000000
vt 0.000000 0.290000 0.000000
vt -0.163205 0.290000 0.000000
vt 0.000000 0.090000 0.000000
vt -0.163205 0.090000 0.000000
vt -0.000000 0.290000 0.000000
vt -0.600000 0.290000 0.000000
vt -0.000000 0.090000 0.000000
vt -0.600000 0.090000 0.000000
vt -0.000000 0.290000 0.000000
vt -0.163205 0.290000 0.000000
vt -0.000000 0.090000 0.000000
vt -0.163205 0.090000 0.000000
vt -0.000000 0.290000 0.000000
vt -0.346410 0.290000 0.000000
vt -0.000000 0.090000 0.000000
vt -0.346410 0.090000 0.000000
vt -0.346410 0.090000 0.000000
vt -0.000000 0.090000 0.000000
vt -0.346410 0.290000 0.000000
vt -0.000000 0.290000 0.000000
vt -0.346410 0.090000 0.000000
vt -0.000000 0.090000 0.000000
vt -0.346410 0.290000 0.000000
vt -0.000000 0.290000 0.000000
vt -0.115470 0.090000 0.000000
vt -0.000000 0.090000 0.000000
vt -0.115470 0.290000 0.000000
vt -0.000000 0.290000 0.000000
vt -0.346410 0.090000 0.000000
vt 0.000000 0.090000 0.000000
vt -0.346410 0.290000 0.000000
vt 0.000000 0.290000 0.000000
vt -0.115470 0.090000 0.000000
vt -0.000000 0.090000 0.000000
vt -0.115470 0.290000 0.000000
vt -0.000000 0.290000 0.000000
vt -0.000000 0.290000 0.000000
vt -0.346410 0.290000 0.000000
vt -0.000000 0.090000 0.000000
vt -0.346410 0.090000 0.000000
vt -0.000000 0.290000 0.000000
vt -0.288675 0.290000 0.000000
vt -0.000000 0.090000 0.000000
vt -0.288675 0.090000 0.000000
vt -0.000000 0.290000 0.000000
vt -0.635085 0.290000 0.000000
vt -0.000000 0.090000 0.000000
vt -0.635085 0.090000 0.000000
vt -0.000000 0.290000 0.000000
vt -0.288675 0.290000 0.000000
vt -0.000000 0.090000 0.000000
vt -0.288675 0.090000 0.000000
vt -0.173205 0.090000 0.000000
vt -0.000000 0.090000 0.000000
vt -0.173205 0.290000 0.000000
vt -0.000000 0.290000 0.000000
vt -0.000000 0.290000 0.000000
vt -0.346410 0.290000 0.000000
vt -0.000000 0.090000 0.000000
vt -0.346410 0.090000 0.000000
vt -0.000000 0.290000 0.000000
vt -0.346410 0.290000 0.000000
vt -0.000000 0.090000 0.000000
vt -0.346410 0.090000 0.000000
vt 0.000000 0.290000 0.000000
vt -0.346410 0.290000 0.000000
vt 0.000000 0.090000 0.000000
vt -0.346410 0.090000 0.000000
vt -0.000000 0.290000 0.000000
vt -0.346410 0.290000 0.000000
vt -0.000000 0.090000 0.000000
vt -0.346410 0.090000 0.000000
vt -0.000000 0.290000 0.000000
vt -0.346410 0.290000 0.000000
vt -0.000000 0.090000 0.000000
vt -0.346410 0.090000 0.000000
vt 0.000000 0.290000 0.000000
vt -0.346410 0.290000 0.000000
vt 0.000000 0.090000 0.000000
vt -0.346410 0.090000 0.000000
vt 0.000000 0.290000 0.000000
vt -0.346410 0.290000 0.000000
vt 0.000000 0.090000 0.000000
vt -0.346410 0.090000 0.000000
vt -0.000000 0.290000 0.000000
vt -0.346410 0.290000 0.000000
vt -0.000000 0.090000 0.000000
vt -0.346410 0.090000 0.000000
vt -0.000000 0.290000 0.000000
vt -0.346410 0.290000 0.000000
vt -0.000000 0.090000 0.000000
vt -0.346410 0.090000 0.000000
vt -0.000000 0.290000 0.000000
vt -0.346410 0.290000 0.000000
vt -0.000000 0.090000 0.000000
vt -0.346410 0.090000 0.000000
vt -0.000000 0.290000 0.000000
vt -0.346410 0.290000 0.000000
vt -0.000000 0.090000 0.000000
vt -0.346410 0.090000 0.000000
vt -0.000000 0.290000 0.000000
vt -0.346410 0.290000 0.000000
vt -0.000000 0.090000 0.000000
vt -0.346410 0.090000 0.000000
vt 0.000000 0.290000 0.000000
vt -0.346410 0.290000 0.000000
vt 0.000000 0.090000 0.000000
vt -0.346410 0.090000 0.000000
vt 0.000000 0.290000 0.000000
vt -0.346410 0.290000 0.000000
vt 0.000000 0.090000 0.000000
vt -0.346410 0.090000 0.000000
vt -0.000000 0.290000 0.000000
vt -0.346410 0.290000 0.000000
vt -0.000000 0.090000 0.000000
vt -0.346410 0.090000 0.000000
vt -0.346410 0.090000 0.000000
vt -0.000000 0.090000 0.000000
vt -0.346410 0.290000 0.000000
vt -0.000000 0.290000 0.000000
vt -0.346410 0.090000 0.000000
vt -0.000000 0.090000 0.000000
vt -0.346410 0.290000 0.000000
vt -0.000000 0.290000 0.000000
vt -0.115470 0.090000 0.000000
vt -0.000000 0.090000 0.000000
vt -0.115470 0.290000 0.000000
vt -0.000000 0.290000 0.000000
vt -0.346410 0.090000 0.000000
vt 0.000000 0.090000 0.000000
vt -0.346410 0.290000 0.000000
vt 0.000000 0.290000 0.000000
vt -0.115470 0.090000 0.000000
vt 0.000000 0.090000 0.000000
vt -0.115470 0.290000 0.000000
vt 0.000000 0.290000 0.000000
vt 0.000000 0.290000 0.000000
vt -0.346410 0.290000 0.000000
vt 0.000000 0.090000 0.000000
vt -0.346410 0.090000 0.000000
vt -0.000000 0.290000 0.000000
vt -0.346410 0.290000 0.000000
vt -0.000000 0.090000 0.000000
vt -0.346410 0.090000 0.000000
vt -0.000000 0.290000 0.000000
vt -0.346410 0.290000 0.000000
vt -0.000000 0.090000 0.000000
vt -0.346410 0.090000 0.000000
vt -0.000000 0.290000 0.000000
vt -0.346410 0.290000 0.000000
vt -0.000000 0.090000 0.000000
vt -0.346410 0.090000 0.000000
vt -0.000000 0.290000 0.000000
vt -0.346410 0.290000 0.000000
vt -0.000000 0.090000 0.000000
vt -0.346410 0.090000 0.000000
vt 0.000000 0.290000 0.000000
vt -0.346410 0.290000 0.000000
vt 0.000000 0.090000 0.000000
vt -0.346410 0.090000 0.000000
vt -0.000000 0.290000 0.000000
vt -0.346410 0.290000 0.000000
vt -0.000000 0.090000 0.000000
vt -0.346410 0.090000 0.000000
vt -0.000000 0.290000 0.000000
vt -0.223205 0.290000 0.000000
vt -0.000000 0.090000 0.000000
vt -0.223205 0.090000 0.000000
vt -0.000000 0.290000 0.000000
vt -0.600000 0.290000 0.000000
vt -0.000000 0.090000 0.000000
vt -0.600000 0.090000 0.000000
vt 0.000000 0.290000 0.000000
vt -0.223205 0.290000 0.000000
vt 0.000000 0.090000 0.000000
vt -0.223205 0.090000 0.000000
vt 0.000000 0.290000 0.000000
vt -0.346410 0.290000 0.000000
vt 0.000000 0.090000 0.000000
vt -0.346410 0.090000 0.000000
vt 0.000000 0.290000 0.000000
vt -0.346410 0.290000 0.000000
vt 0.000000 0.090000 0.000000
vt -0.346410 0.090000 0.000000
vt -0.000000 0.290000 0.000000
vt -0.346410 0.290000 0.000000
vt -0.000000 0.090000 0.000000
vt -0.346410 0.090000 0.000000
vt -0.000000 0.290000 0.000000
vt -0.346410 0.290000 0.000000
vt -0.000000 0.090000 0.000000
vt -0.346410 0.090000 0.000000
vt -0.000000 0.290000 0.000000
vt -0.346410 0.290000 0.000000
vt -0.000000 0.090000 0.000000
vt -0.346410 0.090000 0.000000
vt -0.000000 0.290000 0.000000
vt -0.346410 0.290000 0.000000
vt -0.000000 0.090000 0.000000
vt -0.346410 0.090000 0.000000
vt 0.000000 0.290000 0.000000
vt -0.346410 0.290000 0.000000
vt 0.000000 0.090000 0.000000
vt -0.346410 0.090000 0.000000
vt -0.000000 0.290000 0.000000
vt -0.346410 0.290000 0.000000
vt -0.000000 0.090000 0.000000
vt -0.346410 0.090000 0.000000
vt -0.000000 0.290000 0.000000
vt -0.346410 0.290000 0.000000
vt -0.000000 0.090000 0.000000
vt -0.346410 0.090000 0.000000
vt 0.000000 0.290000 0.000000
vt -0.346410 0.290000 0.000000
vt 0.000000 0.090000 0.000000
vt -0.346410 0.090000 0.000000
vt -0.173205 0.290000 0.000000
vt -0.346410 0.290000 0.000000
vt -0.173205 0.090000 0.000000
vt -0.346410 0.090000 0.000000
vt -0.000000 0.290000 0.000000
vt -0.346410 0.290000 0.000000
vt -0.000000 0.090000 0.000000
vt -0.346410 0.090000 0.000000
vt 0.000000 0.290000 0.000000
vt -0.346410 0.290000 0.000000
vt 0.000000 0.090000 0.000000
vt -0.346410 0.090000 0.000000
vt 0.000000 0.290000 0.000000
vt -0.346410 0.290000 0.000000
vt 0.000000 0.090000 0.000000
vt -0.346410 0.090000 0.000000
vt -0.000000 0.290000 0.000000
vt -0.346410 0.290000 0.000000
vt -0.000000 0.090000 0.000000
vt -0.346410 0.090000 0.000000
vt -0.000000 0.290000 0.000000
vt -0.346410 0.290000 0.000000
vt -0.000000 0.090000 0.000000
vt -0.346410 0.090000 0.000000
vt -0.000000 0.290000 0.000000
vt -0.346410 0.290000 0.000000
vt -0.000000 0.090000 0.000000
vt -0.346410 0.090000 0.000000
vt -0.346410 0.090000 0.000000
vt -0.000000 0.090000 0.000000
vt -0.346410 0.290000 0.000000
vt -0.000000 0.290000 0.000000
vt -0.346410 0.090000 0.000000
vt -0.000000 0.090000 0.000000
vt -0.346410 0.290000 0.000000
vt -0.000000 0.290000 0.000000
vt -0.115470 0.090000 0.000000
vt -0.000000 0.090000 0.000000
vt -0.115470 0.290000 0.000000
vt -0.000000 0.290000 0.000000
vt -0.346410 0.090000 0.000000
vt 0.000000 0.090000 0.000000
vt -0.346410 0.290000 0.000000
vt 0.000000 0.290000 0.000000
vt -0.115470 0.090000 0.000000
vt -0.000000 0.090000 0.000000
vt -0.115470 0.290000 0.000000
vt -0.000000 0.290000 0.000000
vt -0.000000 0.290000 0.000000
vt -0.346410 0.290000 0.000000
vt -0.000000 0.090000 0.000000
vt -0.346410 0.090000 0.000000
vt -0.000000 0.290000 0.000000
vt -0.346410 0.290000 0.000000
vt -0.000000 0.090000 0.000000
vt -0.346410 0.090000 0.000000
vt 0.000000 0.290000 0.000000
vt -0.346410 0.290000 0.000000
vt 0.000000 0.090000 0.000000
vt -0.346410 0.090000 0.000000
vt 0.000000 0.290000 0.000000
vt -0.346410 0.290000 0.000000
vt 0.000000 0.090000 0.000000
vt -0.346410 0.090000 0.000000
vt -0.000000 0.290000 0.000000
vt -0.346410 0.290000 0.000000
vt -0.000000 0.090000 0.000000
vt -0.346410 0.090000 0.000000
vt -0.000000 0.290000 0.000000
vt -0.346410 0.290000 0.000000
vt -0.000000 0.090000 0.000000
vt -0.346410 0.090000 0.000000
vt -0.000000 0.290000 0.000000
vt -0.346410 0.290000 0.000000
vt -0.000000 0.090000 0.000000
vt -0.346410 0.090000 0.000000
vt -0.000000 0.290000 0.000000
vt -0.288675 0.290000 0.000000
vt -0.000000 0.090000 0.000000
vt -0.288675 0.090000 0.000000
vt -0.000000 0.290000 0.000000
vt -0.635085 0.290000 0.000000
vt -0.000000 0.090000 0.000000
vt -0.635085 0.090000 0.000000
vt -0.000000 0.290000 0.000000
vt -0.288675 0.290000 0.000000
vt -0.000000 0.090000 0.000000
vt -0.288675 0.090000 0.000000
vt -0.000000 0.290000 0.000000
vt -0.346410 0.290000 0.000000
vt -0.000000 0.090000 0.000000
vt -0.346410 0.090000 0.000000
vt -0.000000 0.290000 0.000000
vt -0.288675 0.290000 0.000000
vt -0.000000 0.090000 0.000000
vt -0.288675 0.090000 0.000000
vt -0.000000 0.290000 0.000000
vt -0.635085 0.290000 0.000000
vt -0.000000 0.090000 0.000000
vt -0.635085 0.090000 0.000000
vt -0.000000 0.290000 0.000000
vt -0.288675 0.290000 0.000000
vt -0.000000 0.090000 0.000000
vt -0.288675 0.090000 0.000000
vt 0.000000 0.290000 0.000000
vt -0.346410 0.290000 0.000000
vt 0.000000 0.090000 0.000000
vt -0.346410 0.090000 0.000000
vt 0.000000 0.290000 0.000000
vt -0.346410 0.290000 0.000000
vt 0.000000 0.090000 0.000000
vt -0.346410 0.090000 0.000000
vt -0.000000 0.290000 0.000000
vt -0.346410 0.290000 0.000000
vt -0.000000 0.090000 0.000000
vt -0.346410 0.090000 0.000000
vt -0.000000 0.290000 0.000000
vt -0.346410 0.290000 0.000000
vt -0.000000 0.090000 0.000000
vt -0.346410 0.090000 0.000000
vt -0.000000 0.290000 0.000000
vt -0.346410 0.290000 0.000000
vt -0.000000 0.090000 0.000000
vt -0.346410 0.090000 0.000000
vt -0.000000 0.290000 0.000000
vt -0.346410 0.290000 0.000000
vt -0.000000 0.090000 0.000000
vt -0.346410 0.090000 0.000000
vt -0.000000 0.290000 0.000000
vt -0.346410 0.290000 0.000000
vt -0.000000 0.090000 0.000000
vt -0.346410 0.090000 0.000000
vt -0.000000 0.290000 0.000000
vt -0.346410 0.290000 0.000000
vt -0.000000 0.090000 0.000000
vt -0.346410 0.090000 0.000000
vt -0.000000 0.290000 0.000000
vt -0.346410 0.290000 0.000000
vt -0.000000 0.090000 0.000000
vt -0.346410 0.090000 0.000000
vt -0.000000 0.290000 0.000000
vt -0.346410 0.290000 0.000000
vt -0.000000 0.090000 0.000000
vt -0.346410 0.090000 0.000000
vt -0.000000 0.290000 0.000000
vt -0.346410 0.290000 0.000000
vt -0.000000 0.090000 0.000000
vt -0.346410 0.090000 0.000000
vt -0.000000 0.290000 0.000000
vt -0.346410 0.290000 0.000000
vt -0.000000 0.090000 0.000000
vt -0.346410 0.090000 0.000000
vt -0.000000 0.290000 0.000000
vt -0.346410 0.290000 0.000000
vt -0.000000 0.090000 0.000000
vt -0.346410 0.090000 0.000000
vt -0.000000 0.290000 0.000000
vt -0.163205 0.290000 0.000000
vt -0.000000 0.090000 0.000000
vt -0.163205 0.090000 0.000000
vt -0.000000 0.290000 0.000000
vt -0.600000 0.290000 0.000000
vt -0.000000 0.090000 0.000000
vt -0.600000 0.090000 0.000000
vt -0.000000 0.290000 0.000000
vt -0.163205 0.290000 0.000000
vt -0.000000 0.090000 0.000000
vt -0.163205 0.090000 0.000000
vt -0.000000 0.290000 0.000000
vt -0.346410 0.290000 0.000000
vt -0.000000 0.090000 0.000000
vt -0.346410 0.090000 0.000000
vt -0.000000 0.290000 0.000000
vt -0.346410 0.290000 0.000000
vt -0.000000 0.090000 0.000000
vt -0.346410 0.090000 0.000000
vt -0.000000 0.290000 0.000000
vt -0.288675 0.290000 0.000000
vt -0.000000 0.090000 0.000000
vt -0.288675 0.090000 0.000000
vt -0.000000 0.290000 0.000000
vt -0.635085 0.290000 0.000000
vt -0.000000 0.090000 0.000000
vt -0.635085 0.090000 0.000000
vt -0.000000 0.290000 0.000000
vt -0.288675 0.290000 0.000000
vt -0.000000 0.090000 0.000000
vt -0.288675 0.090000 0.000000
vt -0.000000 0.290000 0.000000
vt -0.346410 0.290000 0.000000
vt -0.000000 0.090000 0.000000
vt -0.346410 0.090000 0.000000
vt 0.000000 0.290000 0.000000
vt -0.346410 0.290000 0.000000
vt 0.000000 0.090000 0.000000
vt -0.346410 0.090000 0.000000
vt 0.000000 0.290000 0.000000
vt -0.346410 0.290000 0.000000
vt 0.000000 0.090000 0.000000
vt -0.346410 0.090000 0.000000
vt -0.000000 0.290000 0.000000
vt -0.346410 0.290000 0.000000
vt -0.000000 0.090000 0.000000
vt -0.346410 0.090000 0.000000
vt -0.000000 0.290000 0.000000
vt -0.346410 0.290000 0.000000
vt -0.000000 0.090000 0.000000
vt -0.346410 0.090000 0.000000
vt -0.000000 0.290000 0.000000
vt -0.346410 0.290000 0.000000
vt -0.000000 0.090000 0.000000
vt -0.346410 0.090000 0.000000
vt -0.000000 0.290000 0.000000
vt -0.346410 0.290000 0.000000
vt -0.000000 0.090000 0.000000
vt -0.346410 0.090000 0.000000
vt -0.000000 0.290000 0.000000
vt -0.346410 0.290000 0.000000
vt -0.000000 0.090000 0.000000
vt -0.346410 0.090000 0.000000
vt -0.000000 0.290000 0.000000
vt -0.346410 0.290000 0.000000
vt -0.000000 0.090000 0.000000
vt -0.346410 0.090000 0.000000
vt -0.000000 0.290000 0.000000
vt -0.346410 0.290000 0.000000
vt -0.000000 0.090000 0.000000
vt -0.346410 0.090000 0.000000
vt 0.000000 0.290000 0.000000
vt -0.346410 0.290000 0.000000
vt 0.000000 0.090000 0.000000
vt -0.346410 0.090000 0.000000
vt 0.000000 0.290000 0.000000
vt -0.346410 0.290000 0.000000
vt 0.000000 0.090000 0.000000
vt -0.346410 0.090000 0.000000
vt -0.000000 0.290000 0.000000
vt -0.346410 0.290000 0.000000
vt -0.000000 0.090000 0.000000
vt -0.346410 0.090000 0.000000
vt -0.000000 0.290000 0.000000
vt -0.346410 0.290000 0.000000
vt -0.000000 0.090000 0.000000
vt -0.346410 0.090000 0.000000
vt -0.000000 0.290000 0.000000
vt -0.346410 0.290000 0.000000
vt -0.000000 0.090000 0.000000
vt -0.346410 0.090000 0.000000
vt -0.000000 0.290000 0.000000
vt -0.346410 0.290000 0.000000
vt -0.000000 0.090000 0.000000
vt -0.346410 0.090000 0.000000
vt 0.000000 0.290000 0.000000
vt -0.346410 0.290000 0.000000
vt 0.000000 0.090000 0.000000
vt -0.346410 0.090000 0.000000
vt 0.000000 0.290000 0.000000
vt -0.346410 0.290000 0.000000
vt 0.000000 0.090000 0.000000
vt -0.346410 0.090000 0.000000
vt -0.000000 0.290000 0.000000
vt -0.346410 0.290000 0.000000
vt -0.000000 0.090000 0.000000
vt -0.346410 0.090000 0.000000
vt -0.000000 0.290000 0.000000
vt -0.288675 0.290000 0.000000
vt -0.000000 0.090000 0.000000
vt -0.288675 0.090000 0.000000
vt -0.000000 0.290000 0.000000
vt -0.635085 0.290000 0.000000
vt -0.000000 0.090000 0.000000
vt -0.635085 0.090000 0.000000
vt -0.000000 0.290000 0.000000
vt -0.288675 0.290000 0.000000
vt -0.000000 0.090000 0.000000
vt -0.288675 0.090000 0.000000
vt -0.000000 0.290000 0.000000
vt -0.346410 0.290000 0.000000
vt -0.000000 0.090000 0.000000
vt -0.346410 0.090000 0.000000
vt -0.000000 0.290000 0.000000
vt -0.346410 0.290000 0.000000
vt -0.000000 0.090000 0.000000
vt -0.346410 0.090000 0.000000
vt -0.000000 0.290000 0.000000
vt -0.346410 0.290000 0.000000
vt -0.000000 0.090000 0.000000
vt -0.346410 0.090000 0.000000
vt -0.000000 0.290000 0.000000
vt -0.346410 0.290000 0.000000
vt -0.000000 0.090000 0.000000
vt -0.346410 0.090000 0.000000
vt 0.000000 0.290000 0.000000
vt -0.346410 0.290000 0.000000
vt 0.000000 0.090000 0.000000
vt -0.346410 0.090000 0.000000
vt 0.000000 0.290000 0.000000
vt -0.346410 0.290000 0.000000
vt 0.000000 0.090000 0.000000
vt -0.346410 0.090000 0.000000
vt -0.000000 0.290000 0.000000
vt -0.346410 0.290000 0.000000
vt -0.000000 0.090000 0.000000
vt -0.346410 0.090000 0.000000
vt -0.000000 0.290000 0.000000
vt -0.346410 0.290000 0.000000
vt -0.000000 0.090000 0.000000
vt -0.346410 0.090000 0.000000
vt -0.000000 0.290000 0.000000
vt -0.346410 0.290000 0.000000
vt -0.000000 0.090000 0.000000
vt -0.346410 0.090000 0.000000
vt -0.000000 0.290000 0.000000
vt -0.346410 0.290000 0.000000
vt -0.000000 0.090000 0.000000
vt -0.346410 0.090000 0.000000
vt -0.000000 0.290000 0.000000
vt -0.346410 0.290000 0.000000
vt -0.000000 0.090000 0.000000
vt -0.346410 0.090000 0.000000
vt 0.000000 0.290000 0.000000
vt -0.346410 0.290000 0.000000
vt 0.000000 0.090000 0.000000
vt -0.346410 0.090000 0.000000
vt -0.000000 0.290000 0.000000
vt -0.346410 0.290000 0.000000
vt -0.000000 0.090000 0.000000
vt -0.346410 0.090000 0.000000
vt -0.000000 0.290000 0.000000
vt -0.346410 0.290000 0.000000
vt -0.000000 0.090000 0.000000
vt -0.346410 0.090000 0.000000
vt -0.000000 0.290000 0.000000
vt -0.346410 0.290000 0.000000
vt -0.000000 0.090000 0.000000
vt -0.346410 0.090000 0.000000
vt 0.000000 0.290000 0.000000
vt -0.346410 0.290000 0.000000
vt 0.000000 0.090000 0.000000
vt -0.346410 0.090000 0.000000
vt 0.000000 0.290000 0.000000
vt -0.346410 0.290000 0.000000
vt 0.000000 0.090000 0.000000
vt -0.346410 0.090000 0.000000
vt -0.000000 0.290000 0.000000
vt -0.346410 0.290000 0.000000
vt -0.000000 0.090000 0.000000
vt -0.346410 0.090000 0.000000
vt -0.346410 0.090000 0.000000
vt -0.000000 0.090000 0.000000
vt -0.346410 0.290000 0.000000
vt -0.000000 0.290000 0.000000
vt -0.346410 0.090000 0.000000
vt -0.000000 0.090000 0.000000
vt -0.346410 0.290000 0.000000
vt -0.000000 0.290000 0.000000
vt -0.115470 0.090000 0.000000
vt -0.000000 0.090000 0.000000
vt -0.115470 0.290000 0.000000
vt -0.000000 0.290000 0.000000
vt -0.346410 0.090000 0.000000
vt 0.000000 0.090000 0.000000
vt -0.346410 0.290000 0.000000
vt 0.000000 0.290000 0.000000
vt -0.115470 0.090000 0.000000
vt 0.000000 0.090000 0.000000
vt -0.115470 0.290000 0.000000
vt 0.000000 0.290000 0.000000
vt -0.450000 0.090000 0.000000
vt -0.000000 0.090000 0.000000
vt -0.450000 0.290000 0.000000
vt -0.000000 0.290000 0.000000
vt -0.000000 0.290000 0.000000
vt -0.223205 0.290000 0.000000
vt -0.000000 0.090000 0.000000
vt -0.223205 0.090000 0.000000
vt 0.000000 0.290000 0.000000
vt -0.346410 0.290000 0.000000
vt 0.000000 0.090000 0.000000
vt -0.346410 0.090000 0.000000
vt -0.223205 0.090000 0.000000
vt -0.000000 0.090000 0.000000
vt -0.223205 0.290000 0.000000
vt -0.000000 0.290000 0.000000
vt -0.400000 0.090000 0.000000
vt -0.000000 0.090000 0.000000
vt -0.400000 0.290000 0.000000
vt -0.000000 0.290000 0.000000
vt -0.346410 0.090000 0.000000
vt 0.000000 0.090000 0.000000
vt -0.346410 0.290000 0.000000
vt 0.000000 0.290000 0.000000
vt -0.115470 0.090000 0.000000
vt 0.000000 0.090000 0.000000
vt -0.115470 0.290000 0.000000
vt 0.000000 0.290000 0.000000
vt -0.000000 0.290000 0.000000
vt -0.346410 0.290000 0.000000
vt -0.000000 0.090000 0.000000
vt -0.346410 0.090000 0.000000
vt -0.000000 0.290000 0.000000
vt -0.288675 0.290000 0.000000
vt -0.000000 0.090000 0.000000
vt -0.288675 0.090000 0.000000
vt -0.000000 0.290000 0.000000
vt -0.635085 0.290000 0.000000
vt -0.000000 0.090000 0.000000
vt -0.635085 0.090000 0.000000
vt -0.000000 0.290000 0.000000
vt -0.288675 0.290000 0.000000
vt -0.000000 0.090000 0.000000
vt -0.288675 0.090000 0.000000
vt -0.000000 0.290000 0.000000
vt -0.346410 0.290000 0.000000
vt -0.000000 0.090000 0.000000
vt -0.346410 0.090000 0.000000
vt -0.000000 0.290000 0.000000
vt -0.346410 0.290000 0.000000
vt -0.000000 0.090000 0.000000
vt -0.346410 0.090000 0.000000
vt -0.000000 0.290000 0.000000
vt -0.346410 0.290000 0.000000
vt -0.000000 0.090000 0.000000
vt -0.346410 0.090000 0.000000
vt 0.000000 0.290000 0.000000
vt -0.346410 0.290000 0.000000
vt 0.000000 0.090000 0.000000
vt -0.346410 0.090000 0.000000
vt 0.000000 0.290000 0.000000
vt -0.346410 0.290000 0.000000
vt 0.000000 0.090000 0.000000
vt -0.346410 0.090000 0.000000
vt -0.000000 0.290000 0.000000
vt -0.346410 0.290000 0.000000
vt -0.000000 0.090000 0.000000
vt -0.346410 0.090000 0.000000
vt -0.000000 0.290000 0.000000
vt -0.346410 0.290000 0.000000
vt -0.000000 0.090000 0.000000
vt -0.346410 0.090000 0.000000
vt -0.000000 0.290000 0.000000
vt -0.346410 0.290000 0.000000
vt -0.000000 0.090000 0.000000
vt -0.346410 0.090000 0.000000
vt -0.000000 0.290000 0.000000
vt -0.346410 0.290000 0.000000
vt -0.000000 0.090000 0.000000
vt -0.346410 0.090000 0.000000
vt -0.000000 0.290000 0.000000
vt -0.346410 0.290000 0.000000
vt -0.000000 0.090000 0.000000
vt -0.346410 0.090000 0.000000
vt 0.000000 0.290000 0.000000
vt -0.346410 0.290000 0.000000
vt 0.000000 0.090000 0.000000
vt -0.346410 0.090000 0.000000
vt 0.000000 0.290000 0.000000
vt -0.346410 0.290000 0.000000
vt 0.000000 0.090000 0.000000
vt -0.346410 0.090000 0.000000
vt -0.346410 0.090000 0.000000
vt -0.000000 0.090000 0.000000
vt -0.346410 0.290000 0.000000
vt -0.000000 0.290000 0.000000
vt -0.346410 0.090000 0.000000
vt -0.000000 0.090000 0.000000
vt -0.346410 0.290000 0.000000
vt -0.000000 0.290000 0.000000
vt -0.115470 0.090000 0.000000
vt -0.000000 0.090000 0.000000
vt -0.115470 0.290000 0.000000
vt -0.000000 0.290000 0.000000
vt -0.346410 0.090000 0.000000
vt 0.000000 0.090000 0.000000
vt -0.346410 0.290000 0.000000
vt 0.000000 0.290000 0.000000
vt -0.115470 0.090000 0.000000
vt -0.000000 0.090000 0.000000
vt -0.115470 0.290000 0.000000
vt -0.000000 0.290000 0.000000
vt -0.000000 0.290000 0.000000
vt -0.346410 0.290000 0.000000
vt -0.000000 0.090000 0.000000
vt -0.346410 0.090000 0.000000
vt -0.000000 0.290000 0.000000
vt -0.346410 0.290000 0.000000
vt -0.000000 0.090000 0.000000
vt -0.346410 0.090000 0.000000
vt -0.000000 0.290000 0.000000
vt -0.346410 0.290000 0.000000
vt -0.000000 0.090000 0.000000
vt -0.346410 0.090000 0.000000
vt -0.000000 0.290000 0.000000
vt -0.346410 0.290000 0.000000
vt -0.000000 0.090000 0.000000
vt -0.346410 0.090000 0.000000
vt 0.000000 0.290000 0.000000
vt -0.346410 0.290000 0.000000
vt 0.000000 0.090000 0.000000
vt -0.346410 0.090000 0.000000
vt -0.000000 0.290000 0.000000
vt -0.346410 0.290000 0.000000
vt -0.000000 0.090000 0.000000
vt -0.346410 0.090000 0.000000
vt -0.000000 0.290000 0.000000
vt -0.346410 0.290000 0.000000
vt -0.000000 0.090000 0.000000
vt -0.346410 0.090000 0.000000
vt -0.000000 0.290000 0.000000
vt -0.346410 0.290000 0.000000
vt -0.000000 0.090000 0.000000
vt -0.346410 0.090000 0.000000
vt 0.000000 0.290000 0.000000
vt -0.346410 0.290000 0.000000
vt 0.000000 0.090000 0.000000
vt -0.346410 0.090000 0.000000
vt -0.173205 0.290000 0.000000
vt -0.346410 0.290000 0.000000
vt -0.173205 0.090000 0.000000
vt -0.346410 0.090000 0.000000
vt 0.000000 0.290000 0.000000
vt -0.346410 0.290000 0.000000
vt 0.000000 0.090000 0.000000
vt -0.346410 0.090000 0.000000
vt -0.000000 0.290000 0.000000
vt -0.346410 0.290000 0.000000
vt -0.000000 0.090000 0.000000
vt -0.346410 0.090000 0.000000
vt -0.000000 0.290000 0.000000
vt -0.346410 0.290000 0.000000
vt -0.000000 0.090000 0.000000
vt -0.346410 0.090000 0.000000
vt -0.000000 0.290000 0.000000
vt -0.346410 0.290000 0.000000
vt -0.000000 0.090000 0.000000
vt -0.346410 0.090000 0.000000
vt -0.000000 0.290000 0.000000
vt -0.346410 0.290000 0.000000
vt -0.000000 0.090000 0.000000
vt -0.346410 0.090000 0.000000
vt -0.000000 0.290000 0.000000
vt -0.346410 0.290000 0.000000
vt -0.000000 0.090000 0.000000
vt -0.346410 0.090000 0.000000
vt -0.000000 0.290000 0.000000
vt -0.346410 0.290000 0.000000
vt -0.000000 0.090000 0.000000
vt -0.346410 0.090000 0.000000
vt -0.000000 0.290000 0.000000
vt -0.346410 0.290000 0.000000
vt -0.000000 0.090000 0.000000
vt -0.346410 0.090000 0.000000
vt -0.000000 0.290000 0.000000
vt -0.346410 0.290000 0.000000
vt -0.000000 0.090000 0.000000
vt -0.346410 0.090000 0.000000
vt 0.000000 0.290000 0.000000
vt -0.346410 0.290000 0.000000
vt 0.000000 0.090000 0.000000
vt -0.346410 0.090000 0.000000
vt 0.000000 0.290000 0.000000
vt -0.346410 0.290000 0.000000
vt 0.000000 0.090000 0.000000
vt -0.346410 0.090000 0.000000
vt -0.000000 0.290000 0.000000
vt -0.346410 0.290000 0.000000
vt -0.000000 0.090000 0.000000
vt -0.346410 0.090000 0.000000
vt -0.000000 0.290000 0.000000
vt -0.346410 0.290000 0.000000
vt -0.000000 0.090000 0.000000
vt -0.346410 0.090000 0.000000
vt -0.000000 0.290000 0.000000
vt -0.346410 0.290000 0.000000
vt -0.000000 0.090000 0.000000
vt -0.346410 0.090000 0.000000
vt -0.000000 0.290000 0.000000
vt -0.346410 0.290000 0.000000
vt -0.000000 0.090000 0.000000
vt -0.346410 0.090000 0.000000
vt -0.000000 0.290000 0.000000
vt -0.346410 0.290000 0.000000
vt -0.000000 0.090000 0.000000
vt -0.346410 0.090000 0.000000
vt 0.000000 0.290000 0.000000
vt -0.346410 0.290000 0.000000
vt 0.000000 0.090000 0.000000
vt -0.346410 0.090000 0.000000
vt 0.000000 0.290000 0.000000
vt -0.346410 0.290000 0.000000
vt 0.000000 0.090000 0.000000
vt -0.346410 0.090000 0.000000
vt -0.000000 0.290000 0.000000
vt -0.346410 0.290000 0.000000
vt -0.000000 0.090000 0.000000
vt -0.346410 0.090000 0.000000
vt -0.000000 0.290000 0.000000
vt -0.346410 0.290000 0.000000
vt -0.000000 0.090000 0.000000
vt -0.346410 0.090000 0.000000
vt -0.000000 0.290000 0.000000
vt -0.163205 0.290000 0.000000
vt -0.000000 0.090000 0.000000
vt -0.163205 0.090000 0.000000
vt -0.000000 0.290000 0.000000
vt -0.600000 0.290000 0.000000
vt -0.000000 0.090000 0.000000
vt -0.600000 0.090000 0.000000
vt -0.000000 0.290000 0.000000
vt -0.163205 0.290000 0.000000
vt -0.000000 0.090000 0.000000
vt -0.163205 0.090000 0.000000
vt -0.346410 0.000000 0.000000
vt -0.000000 0.000000 0.000000
vt -0.346410 0.200000 0.000000
vt -0.000000 0.200000 0.000000
vt -0.346410 0.000000 0.000000
vt -0.000000 0.000000 0.000000
vt -0.346410 0.200000 0.000000
vt -0.000000 0.200000 0.000000
vt -0.223205 0.000000 0.000000
vt 0.000000 0.000000 0.000000
vt -0.223205 0.200000 0.000000
vt 0.000000 0.200000 0.000000
vt -0.600000 0.000000 0.000000
vt -0.000000 0.000000 0.000000
vt -0.600000 0.200000 0.000000
vt -0.000000 0.200000 0.000000
vt -0.223205 0.000000 0.000000
vt 0.000000 0.000000 0.000000
vt -0.223205 0.200000 0.000000
vt 0.000000 0.200000 0.000000
vt -0.346410 0.000000 0.000000
vt 0.000000 0.000000 0.000000
vt -0.346410 0.200000 0.000000
vt 0.000000 0.200000 0.000000
vt -0.346410 0.000000 0.000000
vt -0.000000 0.000000 0.000000
vt -0.346410 0.200000 0.000000
vt -0.000000 0.200000 0.000000
vt -0.346410 0.000000 0.000000
vt -0.000000 0.000000 0.000000
vt -0.346410 0.200000 0.000000
vt -0.000000 0.200000 0.000000
vt -0.346410 0.000000 0.000000
vt -0.000000 0.000000 0.000000
vt -0.346410 0.200000 0.000000
vt -0.000000 0.200000 0.000000
vt -0.346410 0.000000 0.000000
vt 0.000000 0.000000 0.000000
vt -0.346410 0.200000 0.000000
vt 0.000000 0.200000 0.000000
vt -0.346410 0.000000 0.000000
vt 0.000000 0.000000 0.000000
vt -0.346410 0.200000 0.000000
vt 0.000000 0.200000 0.000000
vt -0.346410 0.000000 0.000000
vt -0.000000 0.000000 0.000000
vt -0.346410 0.200000 0.000000
vt -0.000000 0.200000 0.000000
vt -0.346410 0.000000 0.000000
vt -0.000000 0.000000 0.000000
vt -0.346410 0.200000 0.000000
vt -0.000000 0.200000 0.000000
vt -0.346410 0.000000 0.000000
vt -0.000000 0.000000 0.000000
vt -0.346410 0.200000 0.000000
vt -0.000000 0.200000 0.000000
vt -0.346410 0.000000 0.000000
vt 0.000000 0.000000 0.000000
vt -0.346410 0.200000 0.000000
vt 0.000000 0.200000 0.000000
vt -0.346410 0.000000 0.000000
vt 0.000000 0.000000 0.000000
vt -0.346410 0.200000 0.000000
vt 0.000000 0.200000 0.000000
vt -0.346410 0.000000 0.000000
vt -0.000000 0.000000 0.000000
vt -0.346410 0.200000 0.000000
vt -0.000000 0.200000 0.000000
vt -0.346410 0.000000 0.000000
vt 0.000000 0.000000 0.000000
vt -0.346410 0.200000 0.000000
vt 0.000000 0.200000 0.000000
vt -0.346410 0.000000 0.000000
vt -0.000000 0.000000 0.000000
vt -0.346410 0.200000 0.000000
vt -0.000000 0.200000 0.000000
vt -0.346410 0.000000 0.000000
vt -0.000000 0.000000 0.000000
vt -0.346410 0.200000 0.000000
vt -0.000000 0.200000 0.000000
vt -0.346410 0.000000 0.000000
vt -0.000000 0.000000 0.000000
vt -0.346410 0.200000 0.000000
vt -0.000000 0.200000 0.000000
vt -0.346410 0.000000 0.000000
vt -0.000000 0.000000 0.000000
vt -0.346410 0.200000 0.000000
vt -0.000000 0.200000 0.000000
vt -0.346410 0.000000 0.000000
vt 0.000000 0.000000 0.000000
vt -0.346410 0.200000 0.000000
vt 0.000000 0.200000 0.000000
vt -0.346410 0.000000 0.000000
vt -0.000000 0.000000 0.000000
vt -0.346410 0.200000 0.000000
vt -0.000000 0.200000 0.000000
vt -0.346410 0.000000 0.000000
vt 0.000000 0.000000 0.000000
vt -0.346410 0.200000 0.000000
vt 0.000000 0.200000 0.000000
vt -0.346410 0.000000 0.000000
vt 0.000000 0.000000 0.000000
vt -0.346410 0.200000 0.000000
vt 0.000000 0.200000 0.000000
vt -0.346410 0.000000 0.000000
vt -0.000000 0.000000 0.000000
vt -0.346410 0.200000 0.000000
vt -0.000000 0.200000 0.000000
vt -0.346410 0.000000 0.000000
vt -0.000000 0.000000 0.000000
vt -0.346410 0.200000 0.000000
vt -0.000000 0.200000 0.000000
vt -0.346410 0.000000 0.000000
vt -0.000000 0.000000 0.000000
vt -0.346410 0.200000 0.000000
vt -0.000000 0.200000 0.000000
vt -0.346410 0.000000 0.000000
vt -0.000000 0.000000 0.000000
vt -0.346410 0.200000 0.000000
vt -0.000000 0.200000 0.000000
vt -0.346410 0.000000 0.000000
vt 0.000000 0.000000 0.000000
vt -0.346410 0.200000 0.000000
vt 0.000000 0.200000 0.000000
vt -0.346410 0.000000 0.000000
vt 0.000000 0.000000 0.000000
vt -0.346410 0.200000 0.000000
vt 0.000000 0.200000 0.000000
vt -0.346410 0.000000 0.000000
vt -0.000000 0.000000 0.000000
vt -0.346410 0.200000 0.000000
vt -0.000000 0.200000 0.000000
vt -0.346410 0.000000 0.000000
vt -0.000000 0.000000 0.000000
vt -0.346410 0.200000 0.000000
vt -0.000000 0.200000 0.000000
vt -0.346410 0.000000 0.000000
vt -0.000000 0.000000 0.000000
vt -0.346410 0.200000 0.000000
vt -0.000000 0.200000 0.000000
vt -0.346410 0.000000 0.000000
vt 0.000000 0.000000 0.000000
vt -0.346410 0.200000 0.000000
vt 0.000000 0.200000 0.000000
vt -0.346410 0.000000 0.000000
vt -0.000000 0.000000 0.000000
vt -0.346410 0.200000 0.000000
vt -0.000000 0.200000 0.000000
vt -0.346410 0.000000 0.000000
vt -0.000000 0.000000 0.000000
vt -0.346410 0.200000 0.000000
vt -0.000000 0.200000 0.000000
vt -0.346410 0.000000 0.000000
vt -0.000000 0.000000 0.000000
vt -0.346410 0.200000 0.000000
vt -0.000000 0.200000 0.000000
vt -0.346410 0.000000 0.000000
vt -0.000000 0.000000 0.000000
vt -0.346410 0.200000 0.000000
vt -0.000000 0.200000 0.000000
vt -0.346410 0.000000 0.000000
vt 0.000000 0.000000 0.000000
vt -0.346410 0.200000 0.000000
vt 0.000000 0.200000 0.000000
vt -0.346410 0.000000 0.000000
vt 0.000000 0.000000 0.000000
vt -0.346410 0.200000 0.000000
vt 0.000000 0.200000 0.000000
vt -0.346410 0.000000 0.000000
vt -0.000000 0.000000 0.000000
vt -0.346410 0.200000 0.000000
vt -0.000000 0.200000 0.000000
vt -0.346410 0.000000 0.000000
vt -0.000000 0.000000 0.000000
vt -0.346410 0.200000 0.000000
vt -0.000000 0.200000 0.000000
vt -0.346410 0.000000 0.000000
vt -0.000000 0.000000 0.000000
vt -0.346410 0.200000 0.000000
vt -0.000000 0.200000 0.000000
vt -0.346410 0.000000 0.000000
vt -0.000000 0.000000 0.000000
vt -0.346410 0.200000 0.000000
vt -0.000000 0.200000 0.000000
vt -0.346410 0.000000 0.000000
vt 0.000000 0.000000 0.000000
vt -0.346410 0.200000 0.000000
vt 0.000000 0.200000 0.000000
vt -0.346410 0.000000 0.000000
vt -0.000000 0.000000 0.000000
vt -0.346410 0.200000 0.000000
vt -0.000000 0.200000 0.000000
vt -0.346410 0.000000 0.000000
vt 0.000000 0.000000 0.000000
vt -0.346410 0.200000 0.000000
vt 0.000000 0.200000 0.000000
vt -0.346410 0.000000 0.000000
vt 0.000000 0.000000 0.000000
vt -0.346410 0.200000 0.000000
vt 0.000000 0.200000 0.000000
vt -0.346410 0.000000 0.000000
vt -0.000000 0.000000 0.000000
vt -0.346410 0.200000 0.000000
vt -0.000000 0.200000 0.000000
vt -0.346410 0.000000 0.000000
vt -0.000000 0.000000 0.000000
vt -0.346410 0.200000 0.000000
vt -0.000000 0.200000 0.000000
vt -0.346410 0.000000 0.000000
vt -0.000000 0.000000 0.000000
vt -0.346410 0.200000 0.000000
vt -0.000000 0.200000 0.000000
vt -0.346410 0.000000 0.000000
vt -0.000000 0.000000 0.000000
vt -0.346410 0.200000 0.000000
vt -0.000000 0.200000 0.000000
vt -0.346410 0.000000 0.000000
vt -0.000000 0.000000 0.000000
vt -0.346410 0.200000 0.000000
vt -0.000000 0.200000 0.000000
vt -0.346410 0.000000 0.000000
vt -0.000000 0.000000 0.000000
vt -0.346410 0.200000 0.000000
vt -0.000000 0.200000 0.000000
vt -0.115470 0.000000 0.000000
vt 0.000000 0.000000 0.000000
vt -0.115470 0.200000 0.000000
vt 0.000000 0.200000 0.000000
vt -0.115470 0.000000 0.000000
vt -0.000000 0.000000 0.000000
vt -0.115470 0.200000 0.000000
vt -0.000000 0.200000 0.000000
vt -0.346410 0.000000 0.000000
vt 0.000000 0.000000 0.000000
vt -0.346410 0.200000 0.000000
vt 0.000000 0.200000 0.000000
vt -0.346410 0.000000 0.000000
vt 0.000000 0.000000 0.000000
vt -0.346410 0.200000 0.000000
vt 0.000000 0.200000 0.000000
vt -0.346410 0.000000 0.000000
vt -0.000000 0.000000 0.000000
vt -0.346410 0.200000 0.000000
vt -0.000000 0.200000 0.000000
vt -0.346410 0.000000 0.000000
vt -0.000000 0.000000 0.000000
vt -0.346410 0.200000 0.000000
vt -0.000000 0.200000 0.000000
vt -0.346410 0.000000 0.000000
vt -0.000000 0.000000 0.000000
vt -0.346410 0.200000 0.000000
vt -0.000000 0.200000 0.000000
vt -0.346410 0.000000 0.000000
vt -0.000000 0.000000 0.000000
vt -0.346410 0.200000 0.000000
vt -0.000000 0.200000 0.000000
vt -0.346410 0.000000 0.000000
vt 0.000000 0.000000 0.000000
vt -0.346410 0.200000 0.000000
vt 0.000000 0.200000 0.000000
vt -0.346410 0.000000 0.000000
vt -0.000000 0.000000 0.000000
vt -0.346410 0.200000 0.000000
vt -0.000000 0.200000 0.000000
vt -0.346410 0.000000 0.000000
vt -0.000000 0.000000 0.000000
vt -0.346410 0.200000 0.000000
vt -0.000000 0.200000 0.000000
vt -0.346410 0.000000 0.000000
vt -0.000000 0.000000 0.000000
vt -0.346410 0.200000 0.000000
vt -0.000000 0.200000 0.000000
vt -0.346410 0.000000 0.000000
vt -0.000000 0.000000 0.000000
vt -0.346410 0.200000 0.000000
vt -0.000000 0.200000 0.000000
vt -0.346410 0.000000 0.000000
vt 0.000000 0.000000 0.000000
vt -0.346410 0.200000 0.000000
vt 0.000000 0.200000 0.000000
vt -0.346410 0.000000 0.000000
vt 0.000000 0.000000 0.000000
vt -0.346410 0.200000 0.000000
vt 0.000000 0.200000 0.000000
vt -0.346410 0.000000 0.000000
vt 0.000000 0.000000 0.000000
vt -0.346410 0.200000 0.000000
vt 0.000000 0.200000 0.000000
vt -0.346410 0.000000 0.000000
vt -0.000000 0.000000 0.000000
vt -0.346410 0.200000 0.000000
vt -0.000000 0.200000 0.000000
vt -0.346410 0.000000 0.000000
vt -0.000000 0.000000 0.000000
vt -0.346410 0.200000 0.000000
vt -0.000000 0.200000 0.000000
vt -0.346410 0.000000 0.000000
vt -0.000000 0.000000 0.000000
vt -0.346410 0.200000 0.000000
vt -0.000000 0.200000 0.000000
vt -0.346410 0.000000 0.000000
vt -0.000000 0.000000 0.000000
vt -0.346410 0.200000 0.000000
vt -0.000000 0.200000 0.000000
vt -0.346410 0.000000 0.000000
vt -0.000000 0.000000 0.000000
vt -0.346410 0.200000 0.000000
vt -0.000000 0.200000 0.000000
vt -0.346410 0.000000 0.000000
vt 0.000000 0.000000 0.000000
vt -0.346410 0.200000 0.000000
vt 0.000000 0.200000 0.000000
vt -0.163205 0.000000 0.000000
vt 0.000000 0.000000 0.000000
vt -0.163205 0.200000 0.000000
vt 0.000000 0.200000 0.000000
vt -0.600000 0.000000 0.000000
vt -0.000000 0.000000 0.000000
vt -0.600000 0.200000 0.000000
vt -0.000000 0.200000 0.000000
vt -0.163205 0.000000 0.000000
vt -0.000000 0.000000 0.000000
vt -0.163205 0.200000 0.000000
vt -0.000000 0.200000 0.000000
vt -0.346410 0.000000 0.000000
vt 0.000000 0.000000 0.000000
vt -0.346410 0.200000 0.000000
vt 0.000000 0.200000 0.000000
vt -0.288675 0.000000 0.000000
vt 0.000000 0.000000 0.000000
vt -0.288675 0.200000 0.000000
vt 0.000000 0.200000 0.000000
vt -0.635085 0.000000 0.000000
vt -0.000000 0.000000 0.000000
vt -0.635085 0.200000 0.000000
vt -0.000000 0.200000 0.000000
vt -0.288675 0.000000 0.000000
vt 0.000000 0.000000 0.000000
vt -0.288675 0.200000 0.000000
vt 0.000000 0.200000 0.000000
vt -0.346410 0.000000 0.000000
vt 0.000000 0.000000 0.000000
vt -0.346410 0.200000 0.000000
vt 0.000000 0.200000 0.000000
vt -0.346410 0.000000 0.000000
vt -0.000000 0.000000 0.000000
vt -0.346410 0.200000 0.000000
vt -0.000000 0.200000 0.000000
vt -0.346410 0.000000 0.000000
vt -0.000000 0.000000 0.000000
vt -0.346410 0.200000 0.000000
vt -0.000000 0.200000 0.000000
vt -0.346410 0.000000 0.000000
vt -0.000000 0.000000 0.000000
vt -0.346410 0.200000 0.000000
vt -0.000000 0.200000 0.000000
vt -0.346410 0.000000 0.000000
vt -0.000000 0.000000 0.000000
vt -0.346410 0.200000 0.000000
vt -0.000000 0.200000 0.000000
vt -0.346410 0.000000 0.000000
vt 0.000000 0.000000 0.000000
vt -0.346410 0.200000 0.000000
vt 0.000000 0.200000 0.000000
vt -0.346410 0.000000 0.000000
vt -0.000000 0.000000 0.000000
vt -0.346410 0.200000 0.000000
vt -0.000000 0.200000 0.000000
vt -0.346410 0.000000 0.000000
vt -0.000000 0.000000 0.000000
vt -0.346410 0.200000 0.000000
vt -0.000000 0.200000 0.000000
vt -0.346410 0.000000 0.000000
vt -0.000000 0.000000 0.000000
vt -0.346410 0.200000 0.000000
vt -0.000000 0.200000 0.000000
vt -0.346410 0.000000 0.000000
vt -0.000000 0.000000 0.000000
vt -0.346410 0.200000 0.000000
vt -0.000000 0.200000 0.000000
vt -0.346410 0.000000 0.000000
vt 0.000000 0.000000 0.000000
vt -0.346410 0.200000 0.000000
vt 0.000000 0.200000 0.000000
vt -0.346410 0.000000 0.000000
vt 0.000000 0.000000 0.000000
vt -0.346410 0.200000 0.000000
vt 0.000000 0.200000 0.000000
vt -0.346410 0.000000 0.000000
vt 0.000000 0.000000 0.000000
vt -0.346410 0.200000 0.000000
vt 0.000000 0.200000 0.000000
vt -0.288675 0.000000 0.000000
vt -0.000000 0.000000 0.000000
vt -0.288675 0.200000 0.000000
vt -0.000000 0.200000 0.000000
vt -0.635085 0.000000 0.000000
vt -0.000000 0.000000 0.000000
vt -0.635085 0.200000 0.000000
vt -0.000000 0.200000 0.000000
vt -0.288675 0.000000 0.000000
vt 0.000000 0.000000 0.000000
vt -0.288675 0.200000 0.000000
vt 0.000000 0.200000 0.000000
vt -0.346410 0.000000 0.000000
vt 0.000000 0.000000 0.000000
vt -0.346410 0.200000 0.000000
vt 0.000000 0.200000 0.000000
vt -0.346410 0.000000 0.000000
vt -0.000000 0.000000 0.000000
vt -0.346410 0.200000 0.000000
vt -0.000000 0.200000 0.000000
vt -0.346410 0.000000 0.000000
vt -0.000000 0.000000 0.000000
vt -0.346410 0.200000 0.000000
vt -0.000000 0.200000 0.000000
vt -0.346410 0.000000 0.000000
vt -0.000000 0.000000 0.000000
vt -0.346410 0.200000 0.000000
vt -0.000000 0.200000 0.000000
vt -0.346410 0.000000 0.000000
vt -0.000000 0.000000 0.000000
vt -0.346410 0.200000 0.000000
vt -0.000000 0.200000 0.000000
vt -0.346410 0.000000 0.000000
vt 0.000000 0.000000 0.000000
vt -0.346410 0.200000 0.000000
vt 0.000000 0.200000 0.000000
vt -0.346410 0.000000 0.000000
vt 0.000000 0.000000 0.000000
vt -0.346410 0.200000 0.000000
vt 0.000000 0.200000 0.000000
vt -0.346410 0.000000 0.000000
vt -0.000000 0.000000 0.000000
vt -0.346410 0.200000 0.000000
vt -0.000000 0.200000 0.000000
vt -0.346410 0.000000 0.000000
vt -0.000000 0.000000 0.000000
vt -0.346410 0.200000 0.000000
vt -0.000000 0.200000 0.000000
vt -0.346410 0.000000 0.000000
vt -0.000000 0.000000 0.000000
vt -0.346410 0.200000 0.000000
vt -0.000000 0.200000 0.000000
vt -0.346410 0.000000 0.000000
vt -0.000000 0.000000 0.000000
vt -0.346410 0.200000 0.000000
vt -0.000000 0.200000 0.000000
vt -0.346410 0.000000 0.000000
vt 0.000000 0.000000 0.000000
vt -0.346410 0.200000 0.000000
vt 0.000000 0.200000 0.000000
vt -0.346410 0.000000 0.000000
vt -0.000000 0.000000 0.000000
vt -0.346410 0.200000 0.000000
vt -0.000000 0.200000 0.000000
vt -0.346410 0.000000 0.000000
vt 0.000000 0.000000 0.000000
vt -0.346410 0.200000 0.000000
vt 0.000000 0.200000 0.000000
vt -0.346410 0.000000 0.000000
vt 0.000000 0.000000 0.000000
vt -0.346410 0.200000 0.000000
vt 0.000000 0.200000 0.000000
vt -0.346410 0.000000 0.000000
vt -0.000000 0.000000 0.000000
vt -0.346410 0.200000 0.000000
vt -0.000000 0.200000 0.000000
vt -0.346410 0.000000 0.000000
vt -0.000000 0.000000 0.000000
vt -0.346410 0.200000 0.000000
vt -0.000000 0.200000 0.000000
vt -0.346410 0.000000 0.000000
vt -0.000000 0.000000 0.000000
vt -0.346410 0.200000 0.000000
vt -0.000000 0.200000 0.000000
vt -0.346410 0.000000 0.000000
vt -0.000000 0.000000 0.000000
vt -0.346410 0.200000 0.000000
vt -0.000000 0.200000 0.000000
vt -0.346410 0.000000 0.000000
vt -0.000000 0.000000 0.000000
vt -0.346410 0.200000 0.000000
vt -0.000000 0.200000 0.000000
vt -0.346410 0.000000 0.000000
vt 0.000000 0.000000 0.000000
vt -0.346410 0.200000 0.000000
vt 0.000000 0.200000 0.000000
vt -0.346410 0.000000 0.000000
vt 0.000000 0.000000 0.000000
vt -0.346410 0.200000 0.000000
vt 0.000000 0.200000 0.000000
vt -0.346410 0.000000 0.000000
vt -0.000000 0.000000 0.000000
vt -0.346410 0.200000 0.000000
vt -0.000000 0.200000 0.000000
vt -0.346410 0.000000 0.000000
vt -0.000000 0.000000 0.000000
vt -0.346410 0.200000 0.000000
vt -0.000000 0.200000 0.000000
vt -0.346410 0.000000 0.000000
vt 0.000000 0.000000 0.000000
vt -0.346410 0.200000 0.000000
vt 0.000000 0.200000 0.000000
vt -0.346410 0.000000 0.000000
vt 0.000000 0.000000 0.000000
vt -0.346410 0.200000 0.000000
vt 0.000000 0.200000 0.000000
vt -0.346410 0.000000 0.000000
vt -0.000000 0.000000 0.000000
vt -0.346410 0.200000 0.000000
vt -0.000000 0.200000 0.000000
vt -0.346410 0.000000 0.000000
vt -0.000000 0.000000 0.000000
vt -0.346410 0.200000 0.000000
vt -0.000000 0.200000 0.000000
vt -0.346410 0.000000 0.000000
vt -0.000000 0.000000 0.000000
vt -0.346410 0.200000 0.000000
vt -0.000000 0.200000 0.000000
vt -0.346410 0.000000 0.000000
vt -0.000000 0.000000 0.000000
vt -0.346410 0.200000 0.000000
vt -0.000000 0.200000 0.000000
vt -0.346410 0.000000 0.000000
vt -0.000000 0.000000 0.000000
vt -0.346410 0.200000 0.000000
vt -0.000000 0.200000 0.000000
vt -0.346410 0.000000 0.000000
vt -0.000000 0.000000 0.000000
vt -0.346410 0.200000 0.000000
vt -0.000000 0.200000 0.000000
vt -0.346410 0.000000 0.000000
vt -0.000000 0.000000 0.000000
vt -0.346410 0.200000 0.000000
vt -0.000000 0.200000 0.000000
vt -0.346410 0.000000 0.000000
vt -0.000000 0.000000 0.000000
vt -0.346410 0.200000 0.000000
vt -0.000000 0.200000 0.000000
vt -0.346410 0.000000 0.000000
vt 0.000000 0.000000 0.000000
vt -0.346410 0.200000 0.000000
vt 0.000000 0.200000 0.000000
vt -0.346410 0.000000 0.000000
vt 0.000000 0.000000 0.000000
vt -0.346410 0.200000 0.000000
vt 0.000000 0.200000 0.000000
vt -0.346410 0.000000 0.000000
vt -0.000000 0.000000 0.000000
vt -0.346410 0.200000 0.000000
vt -0.000000 0.200000 0.000000
vt -0.346410 0.000000 0.000000
vt -0.000000 0.000000 0.000000
vt -0.346410 0.200000 0.000000
vt -0.000000 0.200000 0.000000
vt -0.346410 0.000000 0.000000
vt 0.000000 0.000000 0.000000
vt -0.346410 0.200000 0.000000
vt 0.000000 0.200000 0.000000
vt -0.346410 0.000000 0.000000
vt 0.000000 0.000000 0.000000
vt -0.346410 0.200000 0.000000
vt 0.000000 0.200000 0.000000
vt -0.346410 0.000000 0.000000
vt -0.000000 0.000000 0.000000
vt -0.346410 0.200000 0.000000
vt -0.000000 0.200000 0.000000
vt -0.346410 0.000000 0.000000
vt -0.000000 0.000000 0.000000
vt -0.346410 0.200000 0.000000
vt -0.000000 0.200000 0.000000
vt -0.346410 0.000000 0.000000
vt -0.000000 0.000000 0.000000
vt -0.346410 0.200000 0.000000
vt -0.000000 0.200000 0.000000
vt -0.346410 0.000000 0.000000
vt -0.000000 0.000000 0.000000
vt -0.346410 0.200000 0.000000
vt -0.000000 0.200000 0.000000
vt -0.223205 0.000000 0.000000
vt -0.000000 0.000000 0.000000
vt -0.223205 0.200000 0.000000
vt -0.000000 0.200000 0.000000
vt -0.600000 0.000000 0.000000
vt -0.000000 0.000000 0.000000
vt -0.600000 0.200000 0.000000
vt -0.000000 0.200000 0.000000
vt -0.223205 0.000000 0.000000
vt 0.000000 0.000000 0.000000
vt -0.223205 0.200000 0.000000
vt 0.000000 0.200000 0.000000
vt -0.223205 0.000000 0.000000
vt 0.000000 0.000000 0.000000
vt -0.223205 0.200000 0.000000
vt 0.000000 0.200000 0.000000
vt -0.346410 0.000000 0.000000
vt -0.000000 0.000000 0.000000
vt -0.346410 0.200000 0.000000
vt -0.000000 0.200000 0.000000
vt -0.346410 0.000000 0.000000
vt 0.000000 0.000000 0.000000
vt -0.346410 0.200000 0.000000
vt 0.000000 0.200000 0.000000
vt -0.223205 0.000000 0.000000
vt -0.000000 0.000000 0.000000
vt -0.223205 0.200000 0.000000
vt -0.000000 0.200000 0.000000
vt -0.600000 0.000000 0.000000
vt -0.000000 0.000000 0.000000
vt -0.600000 0.200000 0.000000
vt -0.000000 0.200000 0.000000
vt -0.346410 0.000000 0.000000
vt -0.000000 0.000000 0.000000
vt -0.346410 0.200000 0.000000
vt -0.000000 0.200000 0.000000
vt -0.346410 0.000000 0.000000
vt -0.000000 0.000000 0.000000
vt -0.346410 0.200000 0.000000
vt -0.000000 0.200000 0.000000
vt -0.346410 0.000000 0.000000
vt -0.000000 0.000000 0.000000
vt -0.346410 0.200000 0.000000
vt -0.000000 0.200000 0.000000
vt -0.346410 0.000000 0.000000
vt -0.000000 0.000000 0.000000
vt -0.346410 0.200000 0.000000
vt -0.000000 0.200000 0.000000
vt -0.346410 0.000000 0.000000
vt 0.000000 0.000000 0.000000
vt -0.346410 0.200000 0.000000
vt 0.000000 0.200000 0.000000
vt -0.346410 0.000000 0.000000
vt 0.000000 0.000000 0.000000
vt -0.346410 0.200000 0.000000
vt 0.000000 0.200000 0.000000
vt -0.346410 0.000000 0.000000
vt 0.000000 0.000000 0.000000
vt -0.346410 0.200000 0.000000
vt -0.000000 0.200000 0.000000
vt -0.346410 0.000000 0.000000
vt 0.000000 0.000000 0.000000
vt -0.346410 0.200000 0.000000
vt 0.000000 0.200000 0.000000
vt -0.346410 0.000000 0.000000
vt -0.000000 0.000000 0.000000
vt -0.346410 0.200000 0.000000
vt -0.000000 0.200000 0.000000
vt -0.346410 0.000000 0.000000
vt 0.000000 0.000000 0.000000
vt -0.346410 0.200000 0.000000
vt 0.000000 0.200000 0.000000
vt -0.346410 0.000000 0.000000
vt -0.000000 0.000000 0.000000
vt -0.346410 0.200000 0.000000
vt -0.000000 0.200000 0.000000
vt -0.346410 0.000000 0.000000
vt -0.000000 0.000000 0.000000
vt -0.346410 0.200000 0.000000
vt -0.000000 0.200000 0.000000
vt -0.346410 0.000000 0.000000
vt 0.000000 0.000000 0.000000
vt -0.346410 0.200000 0.000000
vt 0.000000 0.200000 0.000000
vt -0.346410 0.000000 0.000000
vt 0.000000 0.000000 0.000000
vt -0.346410 0.200000 0.000000
vt 0.000000 0.200000 0.000000
vt -0.346410 0.000000 0.000000
vt -0.000000 0.000000 0.000000
vt -0.346410 0.200000 0.000000
vt -0.000000 0.200000 0.000000
vt -0.346410 0.000000 0.000000
vt -0.000000 0.000000 0.000000
vt -0.346410 0.200000 0.000000
vt -0.000000 0.200000 0.000000
vt -0.346410 0.000000 0.000000
vt -0.000000 0.000000 0.000000
vt -0.346410 0.200000 0.000000
vt -0.000000 0.200000 0.000000
vt -0.346410 0.000000 0.000000
vt -0.000000 0.000000 0.000000
vt -0.346410 0.200000 0.000000
vt -0.000000 0.200000 0.000000
vt -0.346410 0.000000 0.000000
vt 0.000000 0.000000 0.000000
vt -0.346410 0.200000 0.000000
vt -0.000000 0.200000 0.000000
vt -0.346410 0.000000 0.000000
vt 0.000000 0.000000 0.000000
vt -0.346410 0.200000 0.000000
vt 0.000000 0.200000 0.000000
vt -0.346410 0.000000 0.000000
vt -0.000000 0.000000 0.000000
vt -0.346410 0.200000 0.000000
vt -0.000000 0.200000 0.000000
vt -0.346410 0.000000 0.000000
vt 0.000000 0.000000 0.000000
vt -0.346410 0.200000 0.000000
vt 0.000000 0.200000 0.000000
vt -0.346410 0.000000 0.000000
vt -0.000000 0.000000 0.000000
vt -0.346410 0.200000 0.000000
vt -0.000000 0.200000 0.000000
vt -0.346410 0.000000 0.000000
vt -0.000000 0.000000 0.000000
vt -0.346410 0.200000 0.000000
vt -0.000000 0.200000 0.000000
vt -0.346410 0.000000 0.000000
vt 0.000000 0.000000 0.000000
vt -0.346410 0.200000 0.000000
vt 0.000000 0.200000 0.000000
vt -0.346410 0.000000 0.000000
vt 0.000000 0.000000 0.000000
vt -0.346410 0.200000 0.000000
vt 0.000000 0.200000 0.000000
vt -0.346410 0.000000 0.000000
vt -0.000000 0.000000 0.000000
vt -0.346410 0.200000 0.000000
vt -0.000000 0.200000 0.000000
vt -0.346410 0.000000 0.000000
vt -0.000000 0.000000 0.000000
vt -0.346410 0.200000 0.000000
vt -0.000000 0.200000 0.000000
vt -0.346410 0.000000 0.000000
vt -0.000000 0.000000 0.000000
vt -0.346410 0.200000 0.000000
vt -0.000000 0.200000 0.000000
vt -0.346410 0.000000 0.000000
vt -0.000000 0.000000 0.000000
vt -0.346410 0.200000 0.000000
vt -0.000000 0.200000 0.000000
vt -0.346410 0.000000 0.000000
vt 0.000000 0.000000 0.000000
vt -0.346410 0.200000 0.000000
vt -0.000000 0.200000 0.000000
vt -0.346410 0.000000 0.000000
vt 0.000000 0.000000 0.000000
vt -0.346410 0.200000 0.000000
vt 0.000000 0.200000 0.000000
vt -0.346410 0.000000 0.000000
vt -0.000000 0.000000 0.000000
vt -0.346410 0.200000 0.000000
vt -0.000000 0.200000 0.000000
vt -0.346410 0.000000 0.000000
vt 0.000000 0.000000 0.000000
vt -0.346410 0.200000 0.000000
vt 0.000000 0.200000 0.000000
vt -0.346410 0.000000 0.000000
vt -0.000000 0.000000 0.000000
vt -0.346410 0.200000 0.000000
vt -0.000000 0.200000 0.000000
vt -0.346410 0.000000 0.000000
vt -0.000000 0.000000 0.000000
vt -0.346410 0.200000 0.000000
vt -0.000000 0.200000 0.000000
vt -0.346410 0.000000 0.000000
vt 0.000000 0.000000 0.000000
vt -0.346410 0.200000 0.000000
vt 0.000000 0.200000 0.000000
vt -0.346410 0.000000 0.000000
vt 0.000000 0.000000 0.000000
vt -0.346410 0.200000 0.000000
vt 0.000000 0.200000 0.000000
vt -0.346410 0.000000 0.000000
vt -0.000000 0.000000 0.000000
vt -0.346410 0.200000 0.000000
vt -0.000000 0.200000 0.000000
vt -0.346410 0.000000 0.000000
vt -0.000000 0.000000 0.000000
vt -0.346410 0.200000 0.000000
vt -0.000000 0.200000 0.000000
vt -0.346410 0.000000 0.000000
vt -0.000000 0.000000 0.000000
vt -0.346410 0.200000 0.000000
vt -0.000000 0.200000 0.000000
vt -0.346410 0.000000 0.000000
vt -0.000000 0.000000 0.000000
vt -0.346410 0.200000 0.000000
vt -0.000000 0.200000 0.000000
vt -0.346410 0.000000 0.000000
vt 0.000000 0.000000 0.000000
vt -0.346410 0.200000 0.000000
vt -0.000000 0.200000 0.000000
vt -0.346410 0.000000 0.000000
vt 0.000000 0.000000 0.000000
vt -0.346410 0.200000 0.000000
vt 0.000000 0.200000 0.000000
vt -0.346410 0.000000 0.000000
vt -0.000000 0.000000 0.000000
vt -0.346410 0.200000 0.000000
vt -0.000000 0.200000 0.000000
vt -0.346410 0.000000 0.000000
vt 0.000000 0.000000 0.000000
vt -0.346410 0.200000 0.000000
vt 0.000000 0.200000 0.000000
vt -0.346410 0.000000 0.000000
vt -0.000000 0.000000 0.000000
vt -0.346410 0.200000 0.000000
vt -0.000000 0.200000 0.000000
vt -0.346410 0.000000 0.000000
vt -0.000000 0.000000 0.000000
vt -0.346410 0.200000 0.000000
vt -0.000000 0.200000 0.000000
vt -0.346410 0.000000 0.000000
vt -0.000000 0.000000 0.000000
vt -0.346410 0.200000 0.000000
vt -0.000000 0.200000 0.000000
vt -0.346410 0.000000 0.000000
vt -0.000000 0.000000 0.000000
vt -0.346410 0.200000 0.000000
vt -0.000000 0.200000 0.000000
vt -0.346410 0.000000 0.000000
vt -0.000000 0.000000 0.000000
vt -0.346410 0.200000 0.000000
vt -0.000000 0.200000 0.000000
vt -0.346410 0.000000 0.000000
vt 0.000000 0.000000 0.000000
vt -0.346410 0.200000 0.000000
vt 0.000000 0.200000 0.000000
vt -0.346410 0.000000 0.000000
vt 0.000000 0.000000 0.000000
vt -0.346410 0.200000 0.000000
vt 0.000000 0.200000 0.000000
vt -0.346410 0.000000 0.000000
vt -0.000000 0.000000 0.000000
vt -0.346410 0.200000 0.000000
vt -0.000000 0.200000 0.000000
vt -0.346410 0.000000 0.000000
vt -0.000000 0.000000 0.000000
vt -0.346410 0.200000 0.000000
vt -0.000000 0.200000 0.000000
vt -0.346410 0.000000 0.000000
vt -0.000000 0.000000 0.000000
vt -0.346410 0.200000 0.000000
vt -0.000000 0.200000 0.000000
vt -0.346410 0.000000 0.000000
vt 0.000000 0.000000 0.000000
vt -0.346410 0.200000 0.000000
vt 0.000000 0.200000 0.000000
vt -0.346410 0.000000 0.000000
vt 0.000000 0.000000 0.000000
vt -0.346410 0.200000 0.000000
vt 0.000000 0.200000 0.000000
vt -0.346410 0.000000 0.000000
vt -0.000000 0.000000 0.000000
vt -0.346410 0.200000 0.000000
vt -0.000000 0.200000 0.000000
vt -0.346410 0.000000 0.000000
vt -0.000000 0.000000 0.000000
vt -0.346410 0.200000 0.000000
vt -0.000000 0.200000 0.000000
vt -0.346410 0.000000 0.000000
vt 0.000000 0.000000 0.000000
vt -0.346410 0.200000 0.000000
vt -0.000000 0.200000 0.000000
vt -0.163205 0.000000 0.000000
vt -0.000000 0.000000 0.000000
vt -0.163205 0.200000 0.000000
vt -0.000000 0.200000 0.000000
vt -0.600000 0.000000 0.000000
vt -0.000000 0.000000 0.000000
vt -0.600000 0.200000 0.000000
vt -0.000000 0.200000 0.000000
vt -0.163205 0.000000 0.000000
vt -0.000000 0.000000 0.000000
vt -0.163205 0.200000 0.000000
vt -0.000000 0.200000 0.000000
vt -0.346410 0.000000 0.000000
vt -0.000000 0.000000 0.000000
vt -0.346410 0.200000 0.000000
vt -0.000000 0.200000 0.000000
vt -0.346410 0.000000 0.000000
vt -0.000000 0.000000 0.000000
vt -0.346410 0.200000 0.000000
vt -0.000000 0.200000 0.000000
vt -0.115470 0.000000 0.000000
vt 0.000000 0.000000 0.000000
vt -0.115470 0.200000 0.000000
vt 0.000000 0.200000 0.000000
vt -0.400000 0.000000 0.000000
vt -0.000000 0.000000 0.000000
vt -0.400000 0.200000 0.000000
vt -0.000000 0.200000 0.000000
vt -0.163205 0.000000 0.000000
vt -0.000000 0.000000 0.000000
vt -0.163205 0.200000 0.000000
vt -0.000000 0.200000 0.000000
vt -0.346410 0.000000 0.000000
vt -0.000000 0.000000 0.000000
vt -0.346410 0.200000 0.000000
vt -0.000000 0.200000 0.000000
vt -0.346410 0.000000 0.000000
vt 0.000000 0.000000 0.000000
vt -0.346410 0.200000 0.000000
vt 0.000000 0.200000 0.000000
vt -0.163205 0.000000 0.000000
vt 0.000000 0.000000 0.000000
vt -0.163205 0.200000 0.000000
vt 0.000000 0.200000 0.000000
vt -0.600000 0.000000 0.000000
vt -0.000000 0.000000 0.000000
vt -0.600000 0.200000 0.000000
vt -0.000000 0.200000 0.000000
vt -0.163205 0.000000 0.000000
vt -0.000000 0.000000 0.000000
vt -0.163205 0.200000 0.000000
vt -0.000000 0.200000 0.000000
vt -0.346410 0.000000 0.000000
vt 0.000000 0.000000 0.000000
vt -0.346410 0.200000 0.000000
vt -0.000000 0.200000 0.000000
vt -0.346410 0.000000 0.000000
vt 0.000000 0.000000 0.000000
vt -0.346410 0.200000 0.000000
vt 0.000000 0.200000 0.000000
vt -0.346410 0.000000 0.000000
vt -0.000000 0.000000 0.000000
vt -0.346410 0.200000 0.000000
vt -0.000000 0.200000 0.000000
vt -0.346410 0.000000 0.000000
vt 0.000000 0.000000 0.000000
vt -0.346410 0.200000 0.000000
vt 0.000000 0.200000 0.000000
vt -0.346410 0.000000 0.000000
vt -0.000000 0.000000 0.000000
vt -0.346410 0.200000 0.000000
vt -0.000000 0.200000 0.000000
vt -0.346410 0.000000 0.000000
vt -0.000000 0.000000 0.000000
vt -0.346410 0.200000 0.000000
vt -0.000000 0.200000 0.000000
vt -0.346410 0.000000 0.000000
vt -0.000000 0.000000 0.000000
vt -0.346410 0.200000 0.000000
vt -0.000000 0.200000 0.000000
vt -0.346410 0.000000 0.000000
vt -0.000000 0.000000 0.000000
vt -0.346410 0.200000 0.000000
vt -0.000000 0.200000 0.000000
vt -0.346410 0.000000 0.000000
vt -0.000000 0.000000 0.000000
vt -0.346410 0.200000 0.000000
vt -0.000000 0.200000 0.000000
vt -0.115470 0.000000 0.000000
vt 0.000000 0.000000 0.000000
vt -0.115470 0.200000 0.000000
vt 0.000000 0.200000 0.000000
vt -0.115470 0.000000 0.000000
vt -0.000000 0.000000 0.000000
vt -0.115470 0.200000 0.000000
vt -0.000000 0.200000 0.000000
vt -0.346410 0.000000 0.000000
vt 0.000000 0.000000 0.000000
vt -0.346410 0.200000 0.000000
vt 0.000000 0.200000 0.000000
vt -0.346410 0.000000 0.000000
vt -0.000000 0.000000 0.000000
vt -0.346410 0.200000 0.000000
vt -0.000000 0.200000 0.000000
vt -0.346410 0.000000 0.000000
vt -0.000000 0.000000 0.000000
vt -0.346410 0.200000 0.000000
vt -0.000000 0.200000 0.000000
vt -0.346410 0.000000 0.000000
vt -0.000000 0.000000 0.000000
vt -0.346410 0.200000 0.000000
vt -0.000000 0.200000 0.000000
vt -0.346410 0.000000 0.000000
vt -0.000000 0.000000 0.000000
vt -0.346410 0.200000 0.000000
vt -0.000000 0.200000 0.000000
vt -0.346410 0.000000 0.000000
vt 0.000000 0.000000 0.000000
vt -0.346410 0.200000 0.000000
vt 0.000000 0.200000 0.000000
vt -0.346410 0.000000 0.000000
vt -0.000000 0.000000 0.000000
vt -0.346410 0.200000 0.000000
vt -0.000000 0.200000 0.000000
vt -0.346410 0.000000 0.000000
vt 0.000000 0.000000 0.000000
vt -0.346410 0.200000 0.000000
vt 0.000000 0.200000 0.000000
vt -0.346410 0.000000 0.000000
vt 0.000000 0.000000 0.000000
vt -0.346410 0.200000 0.000000
vt 0.000000 0.200000 0.000000
vt -0.346410 0.000000 0.000000
vt -0.000000 0.000000 0.000000
vt -0.346410 0.200000 0.000000
vt -0.000000 0.200000 0.000000
vt -0.346410 0.000000 0.000000
vt -0.000000 0.000000 0.000000
vt -0.346410 0.200000 0.000000
vt -0.000000 0.200000 0.000000
vt -0.346410 0.000000 0.000000
vt -0.000000 0.000000 0.000000
vt -0.346410 0.200000 0.000000
vt -0.000000 0.200000 0.000000
vt -0.346410 0.000000 0.000000
vt 0.000000 0.000000 0.000000
vt -0.346410 0.200000 0.000000
vt 0.000000 0.200000 0.000000
vt -0.288675 0.000000 0.000000
vt -0.000000 0.000000 0.000000
vt -0.288675 0.200000 0.000000
vt -0.000000 0.200000 0.000000
vt -0.635085 0.000000 0.000000
vt -0.000000 0.000000 0.000000
vt -0.635085 0.200000 0.000000
vt -0.000000 0.200000 0.000000
vt -0.288675 0.000000 0.000000
vt 0.000000 0.000000 0.000000
vt -0.288675 0.200000 0.000000
vt 0.000000 0.200000 0.000000
vt -0.346410 0.000000 0.000000
vt -0.000000 0.000000 0.000000
vt -0.346410 0.200000 0.000000
vt -0.000000 0.200000 0.000000
vt -0.346410 0.000000 0.000000
vt -0.000000 0.000000 0.000000
vt -0.346410 0.200000 0.000000
vt -0.000000 0.200000 0.000000
vt -0.346410 0.000000 0.000000
vt -0.000000 0.000000 0.000000
vt -0.346410 0.200000 0.000000
vt -0.000000 0.200000 0.000000
vt -0.115470 0.000000 0.000000
vt 0.000000 0.000000 0.000000
vt -0.115470 0.200000 0.000000
vt 0.000000 0.200000 0.000000
vt -0.115470 0.000000 0.000000
vt -0.000000 0.000000 0.000000
vt -0.115470 0.200000 0.000000
vt -0.000000 0.200000 0.000000
vt -0.346410 0.000000 0.000000
vt 0.000000 0.000000 0.000000
vt -0.346410 0.200000 0.000000
vt 0.000000 0.200000 0.000000
vt -0.288675 0.000000 0.000000
vt -0.000000 0.000000 0.000000
vt -0.288675 0.200000 0.000000
vt -0.000000 0.200000 0.000000
vt -0.635085 0.000000 0.000000
vt -0.000000 0.000000 0.000000
vt -0.635085 0.200000 0.000000
vt -0.000000 0.200000 0.000000
vt -0.288675 0.000000 0.000000
vt 0.000000 0.000000 0.000000
vt -0.288675 0.200000 0.000000
vt 0.000000 0.200000 0.000000
vt -0.346410 0.000000 0.000000
vt -0.000000 0.000000 0.000000
vt -0.346410 0.200000 0.000000
vt -0.000000 0.200000 0.000000
vt -0.346410 0.000000 0.000000
vt -0.000000 0.000000 0.000000
vt -0.346410 0.200000 0.000000
vt -0.000000 0.200000 0.000000
vt -0.346410 0.000000 0.000000
vt -0.000000 0.000000 0.000000
vt -0.346410 0.200000 0.000000
vt -0.000000 0.200000 0.000000
vt -0.115470 0.000000 0.000000
vt 0.000000 0.000000 0.000000
vt -0.115470 0.200000 0.000000
vt 0.000000 0.200000 0.000000
vt -0.115470 0.000000 0.000000
vt -0.000000 0.000000 0.000000
vt -0.115470 0.200000 0.000000
vt -0.000000 0.200000 0.000000
vt -0.346410 0.000000 0.000000
vt 0.000000 0.000000 0.000000
vt -0.346410 0.200000 0.000000
vt 0.000000 0.200000 0.000000
vt -0.288675 0.000000 0.000000
vt -0.000000 0.000000 0.000000
vt -0.288675 0.200000 0.000000
vt -0.000000 0.200000 0.000000
vt -0.635085 0.000000 0.000000
vt -0.000000 0.000000 0.000000
vt -0.635085 0.200000 0.000000
vt -0.000000 0.200000 0.000000
vt -0.288675 0.000000 0.000000
vt 0.000000 0.000000 0.000000
vt -0.288675 0.200000 0.000000
vt 0.000000 0.200000 0.000000
vt -0.346410 0.000000 0.000000
vt -0.000000 0.000000 0.000000
vt -0.346410 0.200000 0.000000
vt -0.000000 0.200000 0.000000
vt -0.346410 0.000000 0.000000
vt -0.000000 0.000000 0.000000
vt -0.346410 0.200000 0.000000
vt -0.000000 0.200000 0.000000
vt -0.346410 0.000000 0.000000
vt -0.000000 0.000000 0.000000
vt -0.346410 0.200000 0.000000
vt -0.000000 0.200000 0.000000
vt -0.115470 0.000000 0.000000
vt 0.000000 0.000000 0.000000
vt -0.115470 0.200000 0.000000
vt 0.000000 0.200000 0.000000
vt -0.115470 0.000000 0.000000
vt -0.000000 0.000000 0.000000
vt -0.115470 0.200000 0.000000
vt -0.000000 0.200000 0.000000
vt -0.346410 0.000000 0.000000
vt 0.000000 0.000000 0.000000
vt -0.346410 0.200000 0.000000
vt 0.000000 0.200000 0.000000
vt -0.288675 0.000000 0.000000
vt -0.000000 0.000000 0.000000
vt -0.288675 0.200000 0.000000
vt -0.000000 0.200000 0.000000
vt -0.635085 0.000000 0.000000
vt -0.000000 0.000000 0.000000
vt -0.635085 0.200000 0.000000
vt -0.000000 0.200000 0.000000
vt -0.288675 0.000000 0.000000
vt 0.000000 0.000000 0.000000
vt -0.288675 0.200000 0.000000
vt 0.000000 0.200000 0.000000
vt -0.346410 0.000000 0.000000
vt -0.000000 0.000000 0.000000
vt -0.346410 0.200000 0.000000
vt -0.000000 0.200000 0.000000
vt -0.223205 0.000000 0.000000
vt -0.000000 0.000000 0.000000
vt -0.223205 0.200000 0.000000
vt -0.000000 0.200000 0.000000
vt -0.400000 0.000000 0.000000
vt -0.000000 0.000000 0.000000
vt -0.400000 0.200000 0.000000
vt -0.000000 0.200000 0.000000
vt -0.115470 0.000000 0.000000
vt -0.000000 0.000000 0.000000
vt -0.115470 0.200000 0.000000
vt -0.000000 0.200000 0.000000
vt 5.611325 2.700000 0.000000
vt 4.788675 2.700000 0.000000
vt 5.553590 2.600000 0.000000
vt 5.373205 2.550000 0.000000
vt 5.726795 2.300000 0.000000
vt 5.546410 2.250000 0.000000
vt 5.726795 2.150000 0.000000
vt 5.373205 1.950000 0.000000
vt 5.553590 1.850000 0.000000
vt 5.373205 1.800000 0.000000
vt 5.726795 1.550000 0.000000
vt 5.546410 1.500000 0.000000
vt 5.726795 1.400000 0.000000
vt 5.373205 1.200000 0.000000
vt 5.553590 1.100000 0.000000
vt 5.373205 1.050000 0.000000
vt 5.726795 0.800000 0.000000
vt 5.546410 0.750000 0.000000
vt 5.726795 0.650000 0.000000
vt 5.373205 0.450000 0.000000
vt 5.553590 0.350000 0.000000
vt 5.373205 0.300000 0.000000
vt 5.726795 0.050000 0.000000
vt 5.517543 0.050000 0.000000
vt 8.940000 -0.150000 0.000000
vt 4.882457 0.050000 0.000000
vt 4.673205 0.050000 0.000000
vt 5.026795 0.300000 0.000000
vt 4.846410 0.350000 0.000000
vt 5.026795 0.450000 0.000000
vt 4.673205 0.650000 0.000000
vt 4.853590 0.750000 0.000000
vt 4.673205 0.800000 0.000000
vt 5.026795 1.050000 0.000000
vt 4.846410 1.100000 0.000000
vt 5.026795 1.200000 0.000000
vt 4.673205 1.400000 0.000000
vt 4.853590 1.500000 0.000000
vt 4.673205 1.550000 0.000000
vt 5.026795 1.800000 0.000000
vt 4.846410 1.850000 0.000000
vt 5.026795 1.950000 0.000000
vt 4.673205 2.150000 0.000000
vt 4.853590 2.250000 0.000000
vt 4.673205 2.300000 0.000000
vt 5.026795 2.550000 0.000000
vt 4.846410 2.600000 0.000000
vt 4.326795 2.300000 0.000000
vt 4.326795 2.150000 0.000000
vt 4.146410 2.250000 0.000000
vt 3.973205 1.950000 0.000000
vt 3.973205 2.550000 0.000000
vt 4.153590 2.600000 0.000000
vt 3.388675 2.700000 0.000000
vt 4.211325 2.700000 0.000000
vt 3.446410 2.600000 0.000000
vt 3.626795 2.550000 0.000000
vt 3.273205 2.300000 0.000000
vt 3.453590 2.250000 0.000000
vt 3.273205 2.150000 0.000000
vt 3.626795 1.950000 0.000000
vt 3.446410 1.850000 0.000000
vt 3.626795 1.800000 0.000000
vt 3.273205 1.550000 0.000000
vt 3.453590 1.500000 0.000000
vt 3.273205 1.400000 0.000000
vt 3.626795 1.200000 0.000000
vt 3.446410 1.100000 0.000000
vt 3.626795 1.050000 0.000000
vt 3.273205 0.800000 0.000000
vt 3.453590 0.750000 0.000000
vt 3.273205 0.650000 0.000000
vt 3.626795 0.450000 0.000000
vt 3.446410 0.350000 0.000000
vt 3.626795 0.300000 0.000000
vt 3.273205 0.050000 0.000000
vt 3.482457 0.050000 0.000000
vt -0.000000 -0.150000 0.000000
vt 4.117543 0.050000 0.000000
vt 4.326795 0.050000 0.000000
vt 3.973205 0.300000 0.000000
vt 4.153590 0.350000 0.000000
vt 3.973205 0.450000 0.000000
vt 4.326795 0.650000 0.000000
vt 4.146410 0.750000 0.000000
vt 4.326795 0.800000 0.000000
vt 3.973205 1.050000 0.000000
vt 4.153590 1.100000 0.000000
vt 3.973205 1.200000 0.000000
vt 4.326795 1.400000 0.000000
vt 4.146410 1.500000 0.000000
vt 4.326795 1.550000 0.000000
vt 3.973205 1.800000 0.000000
vt 4.153590 1.850000 0.000000
vt 2.926795 2.300000 0.000000
vt 2.926795 2.150000 0.000000
vt 2.746410 2.250000 0.000000
vt 2.573205 1.950000 0.000000
vt 2.573205 2.550000 0.000000
vt 2.753590 2.600000 0.000000
vt 1.988675 2.700000 0.000000
vt 2.811325 2.700000 0.000000
vt 2.046410 2.600000 0.000000
vt 2.226795 2.550000 0.000000
vt 1.873205 2.300000 0.000000
vt 2.053590 2.250000 0.000000
vt 1.873205 2.150000 0.000000
vt 2.226795 1.950000 0.000000
vt 2.046410 1.850000 0.000000
vt 2.226795 1.800000 0.000000
vt 1.873205 1.550000 0.000000
vt 2.053590 1.500000 0.000000
vt 1.873205 1.400000 0.000000
vt 2.226795 1.200000 0.000000
vt 2.046410 1.100000 0.000000
vt 2.226795 1.050000 0.000000
vt 1.873205 0.800000 0.000000
vt 2.053590 0.750000 0.000000
vt 1.873205 0.650000 0.000000
vt 2.226795 0.450000 0.000000
vt 2.046410 0.350000 0.000000
vt 2.226795 0.300000 0.000000
vt 1.873205 0.050000 0.000000
vt 2.082457 0.050000 0.000000
vt 2.717543 0.050000 0.000000
vt 2.926795 0.050000 0.000000
vt 2.573205 0.300000 0.000000
vt 2.753590 0.350000 0.000000
vt 2.573205 0.450000 0.000000
vt 2.926795 0.650000 0.000000
vt 2.746410 0.750000 0.000000
vt 2.926795 0.800000 0.000000
vt 2.573205 1.050000 0.000000
vt 2.753590 1.100000 0.000000
vt 2.573205 1.200000 0.000000
vt 2.926795 1.400000 0.000000
vt 2.746410 1.500000 0.000000
vt 2.926795 1.550000 0.000000
vt 2.573205 1.800000 0.000000
vt 2.753590 1.850000 0.000000
vt 1.526795 2.300000 0.000000
vt 1.526795 2.150000 0.000000
vt 1.346410 2.250000 0.000000
vt 1.173205 1.950000 0.000000
vt 1.173205 2.550000 0.000000
vt 1.353590 2.600000 0.000000
vt 0.588675 2.700000 0.000000
vt 1.411325 2.700000 0.000000
vt 0.646410 2.600000 0.000000
vt 0.826795 2.550000 0.000000
vt 0.473205 2.300000 0.000000
vt 0.653590 2.250000 0.000000
vt 0.473205 2.150000 0.000000
vt 0.826795 1.950000 0.000000
vt 0.646410 1.850000 0.000000
vt 0.826795 1.800000 0.000000
vt 0.473205 1.550000 0.000000
vt 0.653590 1.500000 0.000000
vt 0.473205 1.400000 0.000000
vt 0.826795 1.200000 0.000000
vt 0.646410 1.100000 0.000000
vt 0.826795 1.050000 0.000000
vt 0.473205 0.800000 0.000000
vt 0.653590 0.750000 0.000000
vt 0.473205 0.650000 0.000000
vt 0.826795 0.450000 0.000000
vt 0.646410 0.350000 0.000000
vt 0.826795 0.300000 0.000000
vt 0.473205 0.050000 0.000000
vt 0.682457 0.050000 0.000000
vt 1.317543 0.050000 0.000000
vt 1.526795 0.050000 0.000000
vt 1.173205 0.300000 0.000000
vt 1.353590 0.350000 0.000000
vt 1.173205 0.450000 0.000000
vt 1.526795 0.650000 0.000000
vt 1.346410 0.750000 0.000000
vt 1.526795 0.800000 0.000000
vt 1.173205 1.050000 0.000000
vt 1.353590 1.100000 0.000000
vt 1.173205 1.200000 0.000000
vt 1.526795 1.400000 0.000000
vt 1.346410 1.500000 0.000000
vt 1.526795 1.550000 0.000000
vt 1.173205 1.800000 0.000000
vt 1.353590 1.850000 0.000000
vt 0.250000 2.300000 0.000000
vt 0.250000 2.150000 0.000000
vt 0.000000 2.700000 0.000000
vt 0.250000 1.550000 0.000000
vt 0.250000 1.400000 0.000000
vt 0.250000 2.700000 0.000000
vt 0.250000 0.800000 0.000000
vt 0.250000 0.650000 0.000000
vt 8.940000 2.700000 0.000000
vt 8.690000 1.400000 0.000000
vt 8.690000 0.800000 0.000000
vt 8.690000 0.650000 0.000000
vt 8.526795 0.800000 0.000000
vt 8.526795 0.650000 0.000000
vt 8.346410 0.750000 0.000000
vt 8.173205 0.450000 0.000000
vt 8.690000 2.700000 0.000000
vt 8.690000 2.300000 0.000000
vt 8.690000 2.150000 0.000000
vt 8.690000 1.550000 0.000000
vt 8.526795 2.300000 0.000000
vt 8.526795 2.150000 0.000000
vt 8.346410 2.250000 0.000000
vt 8.173205 1.950000 0.000000
vt 8.173205 2.550000 0.000000
vt 8.353590 2.600000 0.000000
vt 7.588675 2.700000 0.000000
vt 8.411325 2.700000 0.000000
vt 7.646410 2.600000 0.000000
vt 7.826795 2.550000 0.000000
vt 7.473205 2.300000 0.000000
vt 7.653590 2.250000 0.000000
vt 7.473205 2.150000 0.000000
vt 7.826795 1.950000 0.000000
vt 7.646410 1.850000 0.000000
vt 7.826795 1.800000 0.000000
vt 7.473205 1.550000 0.000000
vt 7.653590 1.500000 0.000000
vt 7.473205 1.400000 0.000000
vt 7.826795 1.200000 0.000000
vt 7.646410 1.100000 0.000000
vt 7.826795 1.050000 0.000000
vt 7.473205 0.800000 0.000000
vt 7.653590 0.750000 0.000000
vt 7.473205 0.650000 0.000000
vt 7.826795 0.450000 0.000000
vt 7.646410 0.350000 0.000000
vt 7.826795 0.300000 0.000000
vt 7.473205 0.050000 0.000000
vt 7.682457 0.050000 0.000000
vt 8.317543 0.050000 0.000000
vt 8.526795 0.050000 0.000000
vt 8.173205 0.300000 0.000000
vt 8.353590 0.350000 0.000000
vt 7.126795 2.300000 0.000000
vt 7.126795 2.150000 0.000000
vt 6.946410 2.250000 0.000000
vt 6.773205 1.950000 0.000000
vt 6.773205 2.550000 0.000000
vt 6.953590 2.600000 0.000000
vt 6.188675 2.700000 0.000000
vt 7.011325 2.700000 0.000000
vt 6.246410 2.600000 0.000000
vt 6.426795 2.550000 0.000000
vt 6.073205 2.300000 0.000000
vt 6.253590 2.250000 0.000000
vt 6.073205 2.150000 0.000000
vt 6.426795 1.950000 0.000000
vt 6.246410 1.850000 0.000000
vt 6.426795 1.800000 0.000000
vt 6.073205 1.550000 0.000000
vt 6.253590 1.500000 0.000000
vt 6.073205 1.400000 0.000000
vt 6.426795 1.200000 0.000000
vt 6.246410 1.100000 0.000000
vt 6.426795 1.050000 0.000000
vt 6.073205 0.800000 0.000000
vt 6.253590 0.750000 0.000000
vt 6.073205 0.650000 0.000000
vt 6.426795 0.450000 0.000000
vt 6.246410 0.350000 0.000000
vt 6.426795 0.300000 0.000000
vt 6.073205 0.050000 0.000000
vt 6.282457 0.050000 0.000000
vt 6.917543 0.050000 0.000000
vt 7.126795 0.050000 0.000000
vt 6.773205 0.300000 0.000000
vt 6.953590 0.350000 0.000000
vt 6.773205 0.450000 0.000000
vt 7.126795 0.650000 0.000000
vt 6.946410 0.750000 0.000000
vt 7.126795 0.800000 0.000000
vt 6.773205 1.050000 0.000000
vt 6.953590 1.100000 0.000000
vt 6.773205 1.200000 0.000000
vt 7.126795 1.400000 0.000000
vt 6.946410 1.500000 0.000000
vt 7.126795 1.550000 0.000000
vt 6.773205 1.800000 0.000000
vt 6.953590 1.850000 0.000000
vt 8.173205 1.050000 0.000000
vt 8.353590 1.100000 0.000000
vt 8.173205 1.200000 0.000000
vt 8.526795 1.400000 0.000000
vt 8.346410 1.500000 0.000000
vt 8.526795 1.550000 0.000000
vt 8.173205 1.800000 0.000000
vt 8.353590 1.850000 0.000000
vt 8.690000 0.050000 0.000000
vt 0.250000 0.050000 0.000000
vt -2.900000 0.163625 0.000000
vt -2.290000 0.163625 0.000000
vt -2.900000 0.196350 0.000000
vt -1.680000 0.163625 0.000000
vt -1.070000 0.163625 0.000000
vt -1.070000 0.130900 0.000000
vt -0.460000 0.130900 0.000000
vt -0.460000 0.098175 0.000000
vt 0.150000 0.098175 0.000000
vt 0.150000 0.065450 0.000000
vt -0.460000 0.065450 0.000000
vt 0.150000 0.032725 0.000000
vt -0.460000 0.032725 0.000000
vt 0.150000 0.000000 0.000000
vt -0.460000 0.000000 0.000000
vt 0.150000 -0.032725 0.000000
vt -0.460000 -0.032725 0.000000
vt 0.150000 -0.065450 0.000000
vt -0.460000 -0.065450 0.000000
vt 0.150000 -0.098175 0.000000
vt -0.460000 -0.098175 0.000000
vt 0.150000 -0.130900 0.000000
vt -0.460000 -0.130900 0.000000
vt 0.150000 -0.163625 0.000000
vt -0.460000 -0.163625 0.000000
vt 0.150000 -0.196350 0.000000
vt -1.070000 -0.163625 0.000000
vt -1.680000 -0.163625 0.000000
vt -1.680000 -0.130900 0.000000
vt -2.290000 -0.130900 0.000000
vt -2.290000 -0.098175 0.000000
vt -2.900000 -0.098175 0.000000
vt -2.900000 -0.065450 0.000000
vt -2.290000 -0.065450 0.000000
vt -2.900000 -0.032725 0.000000
vt -2.290000 -0.032725 0.000000
vt -2.900000 0.000000 0.000000
vt -2.290000 0.000000 0.000000
vt -2.900000 0.032725 0.000000
vt -2.290000 0.032725 0.000000
vt -2.900000 0.065450 0.000000
vt -2.290000 0.065450 0.000000
vt -2.900000 0.098175 0.000000
vt -2.290000 0.098175 0.000000
vt -2.900000 0.130900 0.000000
vt -2.290000 0.130900 0.000000
vt -2.900000 -0.130900 0.000000
vt -2.290000 -0.163625 0.000000
vt -2.900000 -0.196350 0.000000
vt -2.900000 -0.163625 0.000000
vt 0.150000 0.130900 0.000000
vt -0.460000 0.163625 0.000000
vt 0.150000 0.196350 0.000000
vt 0.150000 0.163625 0.000000
vt -1.680000 0.130900 0.000000
vt -1.680000 0.098175 0.000000
vt -1.680000 0.065450 0.000000
vt -1.680000 0.032725 0.000000
vt -1.680000 0.000000 0.000000
vt -1.680000 -0.032725 0.000000
vt -1.680000 -0.065450 0.000000
vt -1.680000 -0.098175 0.000000
vt -1.070000 0.098175 0.000000
vt -1.070000 0.065450 0.000000
vt -1.070000 0.032725 0.000000
vt -1.070000 0.000000 0.000000
vt -1.070000 -0.032725 0.000000
vt -1.070000 -0.065450 0.000000
vt -1.070000 -0.098175 0.000000
vt -1.070000 -0.130900 0.000000
vt 9.090000 2.900000 0.000000
vt 8.890000 1.400000 0.000000
vt 9.090000 -0.150000 0.000000
vt 8.890000 0.800000 0.000000
vt 8.890000 0.650000 0.000000
vt 8.666795 0.800000 0.000000
vt 8.666795 0.650000 0.000000
vt 8.486410 0.750000 0.000000
vt 8.313205 0.450000 0.000000
vt 0.250000 2.900000 0.000000
vt 4.928675 2.700000 0.000000
vt 5.751325 2.700000 0.000000
vt 6.328675 2.700000 0.000000
vt 0.250000 -0.150000 0.000000
vt 0.450000 1.400000 0.000000
vt 0.450000 1.550000 0.000000
vt 0.450000 2.150000 0.000000
vt 4.813205 0.050000 0.000000
vt 4.466795 0.050000 0.000000
vt 4.257543 0.050000 0.000000
vt 4.113205 0.300000 0.000000
vt 4.293590 0.350000 0.000000
vt 4.113205 0.450000 0.000000
vt 4.466795 0.650000 0.000000
vt 4.286410 0.750000 0.000000
vt 4.466795 0.800000 0.000000
vt 4.113205 1.050000 0.000000
vt 4.293590 1.100000 0.000000
vt 4.113205 1.200000 0.000000
vt 4.466795 1.400000 0.000000
vt 4.286410 1.500000 0.000000
vt 4.466795 1.550000 0.000000
vt 4.113205 1.800000 0.000000
vt 4.293590 1.850000 0.000000
vt 4.113205 1.950000 0.000000
vt 4.466795 2.150000 0.000000
vt 4.286410 2.250000 0.000000
vt 4.466795 2.300000 0.000000
vt 4.113205 2.550000 0.000000
vt 4.293590 2.600000 0.000000
vt 3.528675 2.700000 0.000000
vt 4.351325 2.700000 0.000000
vt 8.493590 2.600000 0.000000
vt 8.313205 2.550000 0.000000
vt 8.666795 2.300000 0.000000
vt 8.486410 2.250000 0.000000
vt 8.666795 2.150000 0.000000
vt 8.313205 1.950000 0.000000
vt 8.493590 1.850000 0.000000
vt 8.313205 1.800000 0.000000
vt 8.666795 1.550000 0.000000
vt 8.486410 1.500000 0.000000
vt 8.666795 1.400000 0.000000
vt 8.313205 1.200000 0.000000
vt 8.493590 1.100000 0.000000
vt 8.313205 1.050000 0.000000
vt 7.728675 2.700000 0.000000
vt 8.551325 2.700000 0.000000
vt 8.890000 2.700000 0.000000
vt 8.890000 2.300000 0.000000
vt 8.890000 2.150000 0.000000
vt 8.313205 0.300000 0.000000
vt 7.966795 0.450000 0.000000
vt 7.966795 0.300000 0.000000
vt 7.786410 0.350000 0.000000
vt 7.613205 0.050000 0.000000
vt 8.457543 0.050000 0.000000
vt 8.666795 0.050000 0.000000
vt 8.493590 0.350000 0.000000
vt 7.822457 0.050000 0.000000
vt 7.093590 2.600000 0.000000
vt 6.913205 2.550000 0.000000
vt 7.266795 2.300000 0.000000
vt 7.086410 2.250000 0.000000
vt 7.266795 2.150000 0.000000
vt 6.913205 1.950000 0.000000
vt 7.093590 1.850000 0.000000
vt 6.913205 1.800000 0.000000
vt 7.266795 1.550000 0.000000
vt 7.086410 1.500000 0.000000
vt 7.266795 1.400000 0.000000
vt 6.913205 1.200000 0.000000
vt 7.093590 1.100000 0.000000
vt 6.913205 1.050000 0.000000
vt 7.266795 0.800000 0.000000
vt 7.086410 0.750000 0.000000
vt 7.266795 0.650000 0.000000
vt 6.913205 0.450000 0.000000
vt 7.093590 0.350000 0.000000
vt 6.913205 0.300000 0.000000
vt 7.266795 0.050000 0.000000
vt 7.057543 0.050000 0.000000
vt 6.422457 0.050000 0.000000
vt 6.213205 0.050000 0.000000
vt 6.566795 0.300000 0.000000
vt 6.386410 0.350000 0.000000
vt 6.566795 0.450000 0.000000
vt 6.213205 0.650000 0.000000
vt 6.393590 0.750000 0.000000
vt 6.213205 0.800000 0.000000
vt 6.566795 1.050000 0.000000
vt 6.386410 1.100000 0.000000
vt 6.566795 1.200000 0.000000
vt 6.213205 1.400000 0.000000
vt 6.393590 1.500000 0.000000
vt 6.213205 1.550000 0.000000
vt 6.566795 1.800000 0.000000
vt 6.386410 1.850000 0.000000
vt 6.566795 1.950000 0.000000
vt 6.213205 2.150000 0.000000
vt 6.393590 2.250000 0.000000
vt 6.213205 2.300000 0.000000
vt 6.566795 2.550000 0.000000
vt 6.386410 2.600000 0.000000
vt 7.151325 2.700000 0.000000
vt 7.966795 2.550000 0.000000
vt 7.786410 2.600000 0.000000
vt 7.613205 2.300000 0.000000
vt 7.613205 2.150000 0.000000
vt 7.793590 2.250000 0.000000
vt 5.693590 2.600000 0.000000
vt 5.513205 2.550000 0.000000
vt 5.866795 2.300000 0.000000
vt 5.686410 2.250000 0.000000
vt 5.866795 2.150000 0.000000
vt 5.513205 1.950000 0.000000
vt 5.693590 1.850000 0.000000
vt 5.513205 1.800000 0.000000
vt 5.866795 1.550000 0.000000
vt 5.686410 1.500000 0.000000
vt 5.866795 1.400000 0.000000
vt 5.513205 1.200000 0.000000
vt 5.693590 1.100000 0.000000
vt 5.513205 1.050000 0.000000
vt 5.866795 0.800000 0.000000
vt 5.686410 0.750000 0.000000
vt 5.866795 0.650000 0.000000
vt 5.513205 0.450000 0.000000
vt 5.693590 0.350000 0.000000
vt 5.513205 0.300000 0.000000
vt 5.866795 0.050000 0.000000
vt 5.657543 0.050000 0.000000
vt 5.022457 0.050000 0.000000
vt 5.166795 0.300000 0.000000
vt 4.986410 0.350000 0.000000
vt 5.166795 0.450000 0.000000
vt 4.813205 0.650000 0.000000
vt 4.993590 0.750000 0.000000
vt 4.813205 0.800000 0.000000
vt 5.166795 1.050000 0.000000
vt 4.986410 1.100000 0.000000
vt 5.166795 1.200000 0.000000
vt 4.813205 1.400000 0.000000
vt 4.993590 1.500000 0.000000
vt 4.813205 1.550000 0.000000
vt 5.166795 1.800000 0.000000
vt 4.986410 1.850000 0.000000
vt 5.166795 1.950000 0.000000
vt 4.813205 2.150000 0.000000
vt 4.993590 2.250000 0.000000
vt 4.813205 2.300000 0.000000
vt 5.166795 2.550000 0.000000
vt 4.986410 2.600000 0.000000
vt 3.766795 0.450000 0.000000
vt 3.766795 0.300000 0.000000
vt 3.586410 0.350000 0.000000
vt 3.413205 0.050000 0.000000
vt 3.622457 0.050000 0.000000
vt 3.066795 0.050000 0.000000
vt 3.413205 1.550000 0.000000
vt 3.766795 1.800000 0.000000
vt 3.586410 1.850000 0.000000
vt 3.766795 1.950000 0.000000
vt 3.413205 2.150000 0.000000
vt 3.593590 2.250000 0.000000
vt 3.413205 2.300000 0.000000
vt 3.766795 2.550000 0.000000
vt 3.586410 2.600000 0.000000
vt 3.066795 1.550000 0.000000
vt 3.413205 1.400000 0.000000
vt 3.593590 1.500000 0.000000
vt 2.893590 1.850000 0.000000
vt 2.713205 1.800000 0.000000
vt 2.886410 1.500000 0.000000
vt 3.066795 1.400000 0.000000
vt 2.713205 1.200000 0.000000
vt 2.893590 1.100000 0.000000
vt 2.713205 1.050000 0.000000
vt 3.066795 0.800000 0.000000
vt 2.886410 0.750000 0.000000
vt 3.066795 0.650000 0.000000
vt 2.713205 0.450000 0.000000
vt 2.893590 0.350000 0.000000
vt 2.713205 0.300000 0.000000
vt 2.857543 0.050000 0.000000
vt 2.222457 0.050000 0.000000
vt 2.013205 0.050000 0.000000
vt 2.366795 0.300000 0.000000
vt 2.186410 0.350000 0.000000
vt 2.366795 0.450000 0.000000
vt 2.013205 0.650000 0.000000
vt 2.193590 0.750000 0.000000
vt 2.013205 0.800000 0.000000
vt 2.366795 1.050000 0.000000
vt 2.186410 1.100000 0.000000
vt 2.366795 1.200000 0.000000
vt 2.013205 1.400000 0.000000
vt 2.193590 1.500000 0.000000
vt 2.013205 1.550000 0.000000
vt 2.366795 1.800000 0.000000
vt 2.186410 1.850000 0.000000
vt 2.366795 1.950000 0.000000
vt 2.013205 2.150000 0.000000
vt 2.193590 2.250000 0.000000
vt 2.013205 2.300000 0.000000
vt 2.366795 2.550000 0.000000
vt 2.186410 2.600000 0.000000
vt 2.128675 2.700000 0.000000
vt 2.713205 2.550000 0.000000
vt 2.893590 2.600000 0.000000
vt 3.066795 2.300000 0.000000
vt 2.886410 2.250000 0.000000
vt 3.066795 2.150000 0.000000
vt 2.713205 1.950000 0.000000
vt 1.493590 2.600000 0.000000
vt 1.313205 2.550000 0.000000
vt 1.666795 2.300000 0.000000
vt 1.486410 2.250000 0.000000
vt 1.666795 2.150000 0.000000
vt 1.313205 1.950000 0.000000
vt 1.493590 1.850000 0.000000
vt 1.313205 1.800000 0.000000
vt 1.666795 1.550000 0.000000
vt 1.486410 1.500000 0.000000
vt 1.666795 1.400000 0.000000
vt 1.313205 1.200000 0.000000
vt 1.493590 1.100000 0.000000
vt 1.313205 1.050000 0.000000
vt 1.666795 0.800000 0.000000
vt 1.486410 0.750000 0.000000
vt 1.666795 0.650000 0.000000
vt 1.313205 0.450000 0.000000
vt 1.493590 0.350000 0.000000
vt 1.313205 0.300000 0.000000
vt 1.666795 0.050000 0.000000
vt 1.457543 0.050000 0.000000
vt 0.822457 0.050000 0.000000
vt 0.613205 0.050000 0.000000
vt 0.966795 0.300000 0.000000
vt 0.786410 0.350000 0.000000
vt 0.966795 0.450000 0.000000
vt 0.613205 0.650000 0.000000
vt 0.793590 0.750000 0.000000
vt 0.613205 0.800000 0.000000
vt 0.966795 1.050000 0.000000
vt 0.786410 1.100000 0.000000
vt 0.966795 1.200000 0.000000
vt 0.613205 1.400000 0.000000
vt 0.793590 1.500000 0.000000
vt 0.613205 1.550000 0.000000
vt 0.966795 1.800000 0.000000
vt 0.786410 1.850000 0.000000
vt 0.966795 1.950000 0.000000
vt 0.613205 2.150000 0.000000
vt 0.793590 2.250000 0.000000
vt 0.613205 2.300000 0.000000
vt 0.966795 2.550000 0.000000
vt 0.786410 2.600000 0.000000
vt 0.728675 2.700000 0.000000
vt 1.551325 2.700000 0.000000
vt 0.450000 2.700000 0.000000
vt 0.450000 2.300000 0.000000
vt 2.951325 2.700000 0.000000
vt 0.450000 0.800000 0.000000
vt 0.450000 0.650000 0.000000
vt 0.450000 0.050000 0.000000
vt 3.413205 0.650000 0.000000
vt 3.593590 0.750000 0.000000
vt 3.413205 0.800000 0.000000
vt 3.766795 1.050000 0.000000
vt 3.586410 1.100000 0.000000
vt 3.766795 1.200000 0.000000
vt 7.613205 0.650000 0.000000
vt 7.793590 0.750000 0.000000
vt 7.613205 0.800000 0.000000
vt 7.966795 1.050000 0.000000
vt 7.786410 1.100000 0.000000
vt 7.966795 1.200000 0.000000
vt 7.613205 1.400000 0.000000
vt 7.793590 1.500000 0.000000
vt 7.613205 1.550000 0.000000
vt 7.966795 1.800000 0.000000
vt 7.786410 1.850000 0.000000
vt 7.966795 1.950000 0.000000
vt 8.890000 0.050000 0.000000
vt 8.890000 1.550000 0.000000
vt -2.900000 0.163625 0.000000
vt -2.290000 0.163625 0.000000
vt -2.900000 0.196350 0.000000
vt -1.680000 0.163625 0.000000
vt -1.070000 0.163625 0.000000
vt -1.070000 0.130900 0.000000
vt -0.460000 0.130900 0.000000
vt -0.460000 0.098175 0.000000
vt 0.150000 0.098175 0.000000
vt 0.150000 0.065450 0.000000
vt -0.460000 0.065450 0.000000
vt 0.150000 0.032725 0.000000
vt -0.460000 0.032725 0.000000
vt 0.150000 0.000000 0.000000
vt -0.460000 0.000000 0.000000
vt 0.150000 -0.032725 0.000000
vt -0.460000 -0.032725 0.000000
vt 0.150000 -0.065450 0.000000
vt -0.460000 -0.065450 0.000000
vt 0.150000 -0.098175 0.000000
vt -0.460000 -0.098175 0.000000
vt 0.150000 -0.130900 0.000000
vt -0.460000 -0.130900 0.000000
vt 0.150000 -0.163625 0.000000
vt -0.460000 -0.163625 0.000000
vt 0.150000 -0.196350 0.000000
vt -1.070000 -0.163625 0.000000
vt -1.680000 -0.163625 0.000000
vt -1.680000 -0.130900 0.000000
vt -2.290000 -0.130900 0.000000
vt -2.290000 -0.098175 0.000000
vt -2.900000 -0.098175 0.000000
vt -2.900000 -0.065450 0.000000
vt -2.290000 -0.065450 0.000000
vt -2.900000 -0.032725 0.000000
vt -2.290000 -0.032725 0.000000
vt -2.900000 0.000000 0.000000
vt -2.290000 0.000000 0.000000
vt -2.900000 0.032725 0.000000
vt -2.290000 0.032725 0.000000
vt -2.900000 0.065450 0.000000
vt -2.290000 0.065450 0.000000
vt -2.900000 0.098175 0.000000
vt -2.290000 0.098175 0.000000
vt -2.900000 0.130900 0.000000
vt -2.290000 0.130900 0.000000
vt -2.900000 -0.130900 0.000000
vt -2.290000 -0.163625 0.000000
vt -2.900000 -0.196350 0.000000
vt -2.900000 -0.163625 0.000000
vt 0.150000 0.130900 0.000000
vt -0.460000 0.163625 0.000000
vt 0.150000 0.196350 0.000000
vt 0.150000 0.163625 0.000000
vt -1.680000 0.130900 0.000000
vt -1.680000 0.098175 0.000000
vt -1.680000 0.065450 0.000000
vt -1.680000 0.032725 0.000000
vt -1.680000 0.000000 0.000000
vt -1.680000 -0.032725 0.000000
vt -1.680000 -0.065450 0.000000
vt -1.680000 -0.098175 0.000000
vt -1.070000 0.098175 0.000000
vt -1.070000 0.065450 0.000000
vt -1.070000 0.032725 0.000000
vt -1.070000 0.000000 0.000000
vt -1.070000 -0.032725 0.000000
vt -1.070000 -0.065450 0.000000
vt -1.070000 -0.098175 0.000000
vt -1.070000 -0.130900 0.000000
vt -0.150000 0.163625 0.000000
vt 0.460000 0.163625 0.000000
vt -0.150000 0.196350 0.000000
vt 1.070000 0.163625 0.000000
vt 1.680000 0.163625 0.000000
vt 1.680000 0.130900 0.000000
vt 2.290000 0.130900 0.000000
vt 2.290000 0.098175 0.000000
vt 2.900000 0.098175 0.000000
vt 2.900000 0.065450 0.000000
vt 2.290000 0.065450 0.000000
vt 2.900000 0.032725 0.000000
vt 2.290000 0.032725 0.000000
vt 2.900000 0.000000 0.000000
vt 2.290000 0.000000 0.000000
vt 2.900000 -0.032725 0.000000
vt 2.290000 -0.032725 0.000000
vt 2.900000 -0.065450 0.000000
vt 2.290000 -0.065450 0.000000
vt 2.900000 -0.098175 0.000000
vt 2.290000 -0.098175 0.000000
vt 2.900000 -0.130900 0.000000
vt 2.290000 -0.130900 0.000000
vt 2.900000 -0.163625 0.000000
vt 2.290000 -0.163625 0.000000
vt 2.900000 -0.196350 0.000000
vt 1.680000 -0.163625 0.000000
vt 1.070000 -0.163625 0.000000
vt 1.070000 -0.130900 0.000000
vt 0.460000 -0.130900 0.000000
vt 0.460000 -0.098175 0.000000
vt -0.150000 -0.098175 0.000000
vt -0.150000 -0.065450 0.000000
vt 0.460000 -0.065450 0.000000
vt -0.150000 -0.032725 0.000000
vt 0.460000 -0.032725 0.000000
vt -0.150000 0.000000 0.000000
vt 0.460000 0.000000 0.000000
vt -0.150000 0.032725 0.000000
vt 0.460000 0.032725 0.000000
vt -0.150000 0.065450 0.000000
vt 0.460000 0.065450 0.000000
vt -0.150000 0.098175 0.000000
vt 0.460000 0.098175 0.000000
vt -0.150000 0.130900 0.000000
vt 0.460000 0.130900 0.000000
vt -0.150000 -0.130900 0.000000
vt 0.460000 -0.163625 0.000000
vt -0.150000 -0.196350 0.000000
vt -0.150000 -0.163625 0.000000
vt 2.900000 0.130900 0.000000
vt 2.290000 0.163625 0.000000
vt 2.900000 0.196350 0.000000
vt 2.900000 0.163625 0.000000
vt 1.070000 0.130900 0.000000
vt 1.070000 0.098175 0.000000
vt 1.070000 0.065450 0.000000
vt 1.070000 0.032725 0.000000
vt 1.070000 0.000000 0.000000
vt 1.070000 -0.032725 0.000000
vt 1.070000 -0.065450 0.000000
vt 1.070000 -0.098175 0.000000
vt 1.680000 0.098175 0.000000
vt 1.680000 0.065450 0.000000
vt 1.680000 0.032725 0.000000
vt 1.680000 0.000000 0.000000
vt 1.680000 -0.032725 0.000000
vt 1.680000 -0.065450 0.000000
vt 1.680000 -0.098175 0.000000
vt 1.680000 -0.130900 0.000000
vt -2.900000 0.163625 0.000000
vt -2.290000 0.163625 0.000000
vt -2.900000 0.196350 0.000000
vt -1.680000 0.163625 0.000000
vt -1.070000 0.163625 0.000000
vt -1.070000 0.130900 0.000000
vt -0.460000 0.130900 0.000000
vt -0.460000 0.098175 0.000000
vt 0.150000 0.098175 0.000000
vt 0.150000 0.065450 0.000000
vt -0.460000 0.065450 0.000000
vt 0.150000 0.032725 0.000000
vt -0.460000 0.032725 0.000000
vt 0.150000 0.000000 0.000000
vt -0.460000 0.000000 0.000000
vt 0.150000 -0.032725 0.000000
vt -0.460000 -0.032725 0.000000
vt 0.150000 -0.065450 0.000000
vt -0.460000 -0.065450 0.000000
vt 0.150000 -0.098175 0.000000
vt -0.460000 -0.098175 0.000000
vt 0.150000 -0.130900 0.000000
vt -0.460000 -0.130900 0.000000
vt 0.150000 -0.163625 0.000000
vt -0.460000 -0.163625 0.000000
vt 0.150000 -0.196350 0.000000
vt -1.070000 -0.163625 0.000000
vt -1.680000 -0.163625 0.000000
vt -1.680000 -0.130900 0.000000
vt -2.290000 -0.130900 0.000000
vt -2.290000 -0.098175 0.000000
vt -2.900000 -0.098175 0.000000
vt -2.900000 -0.065450 0.000000
vt -2.290000 -0.065450 0.000000
vt -2.900000 -0.032725 0.000000
vt -2.290000 -0.032725 0.000000
vt -2.900000 0.000000 0.000000
vt -2.290000 0.000000 0.000000
vt -2.900000 0.032725 0.000000
vt -2.290000 0.032725 0.000000
vt -2.900000 0.065450 0.000000
vt -2.290000 0.065450 0.000000
vt -2.900000 0.098175 0.000000
vt -2.290000 0.098175 0.000000
vt -2.900000 0.130900 0.000000
vt -2.290000 0.130900 0.000000
vt -2.900000 -0.130900 0.000000
vt -2.290000 -0.163625 0.000000
vt -2.900000 -0.196350 0.000000
vt -2.900000 -0.163625 0.000000
vt 0.150000 0.130900 0.000000
vt -0.460000 0.163625 0.000000
vt 0.150000 0.196350 0.000000
vt 0.150000 0.163625 0.000000
vt -1.680000 0.130900 0.000000
vt -1.680000 0.098175 0.000000
vt -1.680000 0.065450 0.000000
vt -1.680000 0.032725 0.000000
vt -1.680000 0.000000 0.000000
vt -1.680000 -0.032725 0.000000
vt -1.680000 -0.065450 0.000000
vt -1.680000 -0.098175 0.000000
vt -1.070000 0.098175 0.000000
vt -1.070000 0.065450 0.000000
vt -1.070000 0.032725 0.000000
vt -1.070000 0.000000 0.000000
vt -1.070000 -0.032725 0.000000
vt -1.070000 -0.065450 0.000000
vt -1.070000 -0.098175 0.000000
vt -1.070000 -0.130900 0.000000
vt 2.937632 -4.667861 0.000000
vt 2.955000 -4.470000 0.000000
vt 2.905000 -4.670000 0.000000
vt -2.955000 -4.470000 0.000000
vt -2.905000 -4.670000 0.000000
vt -2.937632 -4.667861 0.000000
vt -2.969705 -4.661481 0.000000
vt -3.000671 -4.650970 0.000000
vt -3.030000 -4.636506 0.000000
vt -3.057190 -4.618338 0.000000
vt -3.081777 -4.596777 0.000000
vt -3.103338 -4.572190 0.000000
vt -3.121506 -4.545000 0.000000
vt -3.135970 -4.515671 0.000000
vt -3.146481 -4.484705 0.000000
vt -3.152861 -4.452632 0.000000
vt -3.155000 -4.420000 0.000000
vt -3.155000 4.420000 0.000000
vt -2.955000 4.470000 0.000000
vt -3.152861 4.452632 0.000000
vt -3.146481 4.484705 0.000000
vt -3.135970 4.515671 0.000000
vt -3.121506 4.545000 0.000000
vt -3.103338 4.572190 0.000000
vt -3.081777 4.596777 0.000000
vt -3.057190 4.618338 0.000000
vt -3.030000 4.636506 0.000000
vt -3.000671 4.650970 0.000000
vt -2.969705 4.661481 0.000000
vt -2.937632 4.667861 0.000000
vt -2.905000 4.670000 0.000000
vt 2.955000 4.470000 0.000000
vt 2.905000 4.670000 0.000000
vt 2.937632 4.667861 0.000000
vt 2.969705 4.661481 0.000000
vt 3.000671 4.650970 0.000000
vt 3.030000 4.636506 0.000000
vt 3.057190 4.618338 0.000000
vt 3.081777 4.596777 0.000000
vt 3.103338 4.572190 0.000000
vt 3.121506 4.545000 0.000000
vt 3.135970 4.515671 0.000000
vt 3.146481 4.484705 0.000000
vt 3.152861 4.452632 0.000000
vt 3.155000 4.420000 0.000000
vt 3.155000 -4.420000 0.000000
vt 3.152861 -4.452632 0.000000
vt 3.146481 -4.484705 0.000000
vt 3.135970 -4.515671 0.000000
vt 3.121506 -4.545000 0.000000
vt 3.103338 -4.572190 0.000000
vt 3.081777 -4.596777 0.000000
vt 3.057190 -4.618338 0.000000
vt 3.030000 -4.636506 0.000000
vt 3.000671 -4.650970 0.000000
vt 2.969705 -4.661481 0.000000
vt 3.810000 2.500000 0.000000
vt 5.510000 2.500000 0.000000
vt 5.910000 2.700000 0.000000
vt 5.510000 0.850000 0.000000
vt 5.910000 -0.150000 0.000000
vt 3.810000 0.850000 0.000000
vt 3.480000 0.850000 0.000000
vt 3.480000 2.500000 0.000000
vt 0.000000 2.700000 0.000000
vt 2.080000 2.500000 0.000000
vt 1.680000 2.500000 0.000000
vt 2.080000 0.850000 0.000000
vt 1.680000 0.850000 0.000000
vt 0.000000 -0.150000 0.000000
vt 0.280000 0.850000 0.000000
vt 0.280000 2.500000 0.000000
vt -1.600000 0.040000 0.000000
vt 0.050000 0.040000 0.000000
vt -1.600000 0.240000 0.000000
vt 0.050000 0.240000 0.000000
vt -1.600000 0.040000 0.000000
vt 0.050000 0.040000 0.000000
vt -1.600000 0.240000 0.000000
vt 0.050000 0.240000 0.000000
vt 0.300000 0.240000 0.000000
vt -1.350000 0.240000 0.000000
vt 0.300000 0.040000 0.000000
vt -1.350000 0.040000 0.000000
vt -1.600000 0.040000 0.000000
vt 0.050000 0.040000 0.000000
vt -1.600000 0.240000 0.000000
vt 0.050000 0.240000 0.000000
vt -1.600000 0.040000 0.000000
vt 0.050000 0.040000 0.000000
vt -1.600000 0.240000 0.000000
vt 0.050000 0.240000 0.000000
vt -1.350000 0.040000 0.000000
vt 0.050000 0.040000 0.000000
vt -1.350000 0.240000 0.000000
vt 0.050000 0.240000 0.000000
vt -1.350000 0.040000 0.000000
vt 0.050000 0.040000 0.000000
vt -1.350000 0.240000 0.000000
vt 0.050000 0.240000 0.000000
vt -1.650000 0.040000 0.000000
vt 0.050000 0.040000 0.000000
vt -1.650000 0.240000 0.000000
vt 0.050000 0.240000 0.000000
vt -1.350000 0.040000 0.000000
vt 0.050000 0.040000 0.000000
vt -1.350000 0.240000 0.000000
vt 0.050000 0.240000 0.000000
vt -1.350000 0.040000 0.000000
vt 0.050000 0.040000 0.000000
vt -1.350000 0.240000 0.000000
vt 0.050000 0.240000 0.000000
vn -0.100000 0.000000 0.000000
vn -0.100000 0.000000 0.000000
vn -0.100000 0.000000 0.000000
vn -0.100000 0.000000 0.000000
vn -0.100000 0.000000 0.000000
vn -0.100000 0.000000 0.000000
vn 0.000000 -0.070711 -0.070711
vn 0.000000 -0.070711 -0.070711
vn 0.000000 -0.070711 -0.070711
vn 0.000000 -0.070711 -0.070711
vn 0.000000 -0.070711 -0.070711
vn 0.000000 -0.070711 -0.070711
vn 0.000000 -0.070711 -0.070711
vn 0.000000 -0.070711 -0.070711
vn 0.000000 -0.100000 0.000000
vn 0.000000 -0.100000 0.000000
vn 0.000000 -0.100000 0.000000
vn 0.000000 -0.100000 0.000000
vn 0.000000 -0.100000 0.000000
vn 0.000000 -0.100000 0.000000
vn 0.070711 0.000000 -0.070711
vn 0.070711 0.000000 -0.070711
vn 0.070711 0.000000 -0.070711
vn 0.070711 0.000000 -0.070711
vn 0.070711 0.000000 -0.070711
vn 0.070711 0.000000 -0.070711
vn 0.070711 0.000000 -0.070711
vn 0.070711 0.000000 -0.070711
vn 0.070711 0.000000 -0.070711
vn 0.070711 0.000000 -0.070711
vn 0.070711 0.000000 -0.070711
vn 0.070711 0.000000 -0.070711
vn 0.070711 0.000000 -0.070711
vn 0.070711 0.000000 -0.070711
vn 0.070711 0.000000 -0.070711
vn 0.070711 0.000000 -0.070711
vn 0.070711 0.000000 -0.070711
vn 0.070711 0.000000 -0.070711
vn 0.070711 0.000000 -0.070711
vn -0.000000 0.100000 -0.000000
vn -0.000000 0.100000 -0.000000
vn -0.000000 0.100000 -0.000000
vn -0.000000 0.100000 -0.000000
vn 0.100000 -0.000000 0.000000
vn 0.100000 -0.000000 0.000000
vn 0.098481 -0.000000 0.017365
vn 0.098481 -0.000000 0.017365
vn 0.093969 -0.000000 0.034202
vn 0.093969 -0.000000 0.034202
vn 0.086603 -0.000000 0.050000
vn 0.086603 -0.000000 0.050000
vn 0.076604 -0.000000 0.064279
vn 0.076604 -0.000000 0.064279
vn 0.064279 -0.000000 0.076604
vn 0.064279 -0.000000 0.076604
vn 0.050000 -0.000000 0.086603
vn 0.050000 -0.000000 0.086603
vn 0.034202 -0.000000 0.093969
vn 0.034202 -0.000000 0.093969
vn 0.017365 -0.000000 0.098481
vn 0.017365 -0.000000 0.098481
vn 0.000000 0.000000 0.100000
vn 0.000000 0.000000 0.100000
vn 0.100000 -0.000000 0.000000
vn 0.100000 -0.000000 0.000000
vn 0.000000 -0.100000 0.000000
vn 0.000000 -0.100000 0.000000
vn 0.000000 -0.100000 0.000000
vn 0.000000 -0.100000 0.000000
vn 0.000000 -0.100000 0.000000
vn 0.000000 -0.100000 0.000000
vn 0.000000 -0.100000 0.000000
vn 0.000000 -0.100000 0.000000
vn 0.000000 -0.100000 0.000000
vn 0.000000 -0.100000 0.000000
vn 0.000000 -0.100000 0.000000
vn 0.000000 -0.100000 0.000000
vn 0.000000 -0.100000 0.000000
vn 0.000000 -0.100000 0.000000
vn 0.000000 -0.100000 0.000000
vn 0.000000 -0.100000 0.000000
vn 0.000000 -0.100000 0.000000
vn 0.000000 -0.100000 0.000000
vn 0.000000 -0.100000 0.000000
vn 0.000000 -0.100000 0.000000
vn 0.000000 -0.100000 0.000000
vn 0.000000 -0.100000 0.000000
vn 0.000000 -0.100000 0.000000
vn 0.000000 -0.100000 0.000000
vn 0.000000 -0.100000 0.000000
vn 0.000000 -0.100000 0.000000
vn 0.000000 -0.100000 0.000000
vn 0.000000 -0.100000 0.000000
vn 0.000000 -0.100000 0.000000
vn 0.000000 -0.100000 0.000000
vn 0.000000 -0.100000 0.000000
vn 0.000000 -0.100000 0.000000
vn 0.000000 -0.100000 0.000000
vn 0.000000 -0.100000 0.000000
vn 0.000000 -0.100000 0.000000
vn 0.000000 -0.100000 0.000000
vn 0.000000 -0.100000 0.000000
vn 0.000000 -0.100000 0.000000
vn 0.000000 -0.100000 0.000000
vn 0.000000 -0.100000 0.000000
vn 0.000000 -0.100000 0.000000
vn 0.000000 -0.100000 0.000000
vn 0.000000 -0.100000 0.000000
vn 0.000000 -0.100000 0.000000
vn 0.000000 -0.100000 0.000000
vn 0.000000 -0.100000 0.000000
vn 0.000000 -0.100000 0.000000
vn 0.000000 -0.100000 0.000000
vn 0.000000 -0.100000 0.000000
vn 0.000000 -0.100000 0.000000
vn 0.000000 -0.100000 0.000000
vn 0.000000 -0.100000 0.000000
vn 0.000000 -0.100000 0.000000
vn 0.000000 -0.100000 0.000000
vn 0.000000 -0.100000 0.000000
vn 0.000000 -0.100000 0.000000
vn 0.000000 -0.100000 0.000000
vn 0.000000 -0.100000 0.000000
vn 0.000000 -0.100000 0.000000
vn 0.000000 -0.100000 0.000000
vn 0.000000 -0.100000 0.000000
vn 0.000000 -0.100000 0.000000
vn 0.000000 -0.100000 0.000000
vn 0.000000 -0.100000 0.000000
vn 0.000000 -0.100000 0.000000
vn 0.000000 -0.100000 0.000000
vn 0.000000 -0.100000 0.000000
vn 0.000000 -0.100000 0.000000
vn 0.000000 -0.100000 0.000000
vn 0.000000 -0.100000 0.000000
vn 0.000000 -0.100000 0.000000
vn 0.000000 -0.100000 0.000000
vn 0.000000 -0.100000 0.000000
vn 0.000000 -0.100000 0.000000
vn 0.000000 -0.100000 0.000000
vn 0.000000 -0.100000 0.000000
vn 0.000000 -0.100000 0.000000
vn 0.000000 -0.100000 0.000000
vn 0.000000 -0.100000 0.000000
vn 0.000000 -0.100000 0.000000
vn 0.000000 -0.100000 0.000000
vn 0.000000 -0.100000 0.000000
vn 0.000000 -0.100000 0.000000
vn 0.000000 -0.100000 0.000000
vn 0.000000 -0.100000 0.000000
vn 0.000000 -0.100000 0.000000
vn 0.000000 -0.100000 0.000000
vn 0.000000 -0.100000 0.000000
vn 0.000000 -0.100000 0.000000
vn 0.000000 -0.100000 0.000000
vn 0.000000 -0.100000 0.000000
vn 0.000000 -0.100000 0.000000
vn 0.000000 -0.100000 0.000000
vn 0.000000 -0.100000 0.000000
vn 0.000000 -0.100000 0.000000
vn 0.000000 -0.100000 0.000000
vn 0.000000 -0.100000 0.000000
vn 0.000000 -0.100000 0.000000
vn 0.000000 -0.100000 0.000000
vn 0.000000 -0.100000 0.000000
vn 0.000000 -0.100000 0.000000
vn 0.000000 -0.100000 0.000000
vn 0.000000 -0.100000 0.000000
vn 0.000000 -0.100000 0.000000
vn 0.000000 -0.100000 0.000000
vn 0.000000 -0.100000 0.000000
vn 0.000000 -0.100000 0.000000
vn 0.000000 -0.100000 0.000000
vn 0.000000 -0.100000 0.000000
vn 0.000000 -0.100000 0.000000
vn 0.000000 -0.100000 0.000000
vn 0.000000 -0.100000 0.000000
vn 0.000000 -0.100000 0.000000
vn 0.000000 -0.100000 0.000000
vn 0.000000 -0.100000 0.000000
vn 0.000000 -0.100000 0.000000
vn 0.000000 -0.100000 0.000000
vn 0.000000 -0.100000 0.000000
vn 0.000000 -0.100000 0.000000
vn 0.000000 -0.100000 0.000000
vn 0.000000 -0.100000 0.000000
vn 0.000000 -0.100000 0.000000
vn 0.000000 -0.100000 0.000000
vn 0.000000 -0.100000 0.000000
vn 0.000000 -0.100000 0.000000
vn 0.000000 -0.100000 0.000000
vn 0.000000 -0.100000 0.000000
vn 0.000000 -0.100000 0.000000
vn 0.000000 -0.100000 0.000000
vn 0.000000 -0.100000 0.000000
vn 0.000000 -0.100000 0.000000
vn 0.000000 -0.100000 0.000000
vn 0.000000 -0.100000 0.000000
vn 0.000000 -0.100000 0.000000
vn 0.000000 -0.100000 0.000000
vn 0.000000 -0.100000 0.000000
vn 0.000000 -0.100000 0.000000
vn 0.000000 -0.100000 0.000000
vn 0.000000 -0.100000 0.000000
vn 0.000000 -0.100000 0.000000
vn 0.000000 -0.100000 0.000000
vn 0.000000 -0.100000 0.000000
vn 0.000000 -0.100000 0.000000
vn 0.000000 -0.100000 0.000000
vn 0.000000 -0.100000 0.000000
vn 0.000000 -0.100000 0.000000
vn 0.000000 -0.100000 0.000000
vn 0.000000 -0.100000 0.000000
vn 0.000000 -0.100000 0.000000
vn 0.000000 -0.100000 0.000000
vn 0.000000 -0.100000 0.000000
vn 0.000000 -0.100000 0.000000
vn 0.000000 -0.100000 0.000000
vn 0.000000 -0.100000 0.000000
vn 0.000000 -0.100000 0.000000
vn 0.000000 -0.100000 0.000000
vn 0.000000 -0.100000 0.000000
vn 0.000000 -0.100000 0.000000
vn 0.000000 -0.100000 0.000000
vn 0.000000 -0.100000 0.000000
vn 0.000000 -0.100000 0.000000
vn 0.000000 -0.100000 0.000000
vn 0.000000 -0.100000 0.000000
vn 0.000000 -0.100000 0.000000
vn 0.000000 -0.100000 0.000000
vn 0.000000 -0.100000 0.000000
vn 0.000000 -0.100000 0.000000
vn 0.000000 -0.100000 0.000000
vn 0.000000 -0.100000 0.000000
vn 0.000000 -0.100000 0.000000
vn 0.000000 -0.100000 0.000000
vn 0.000000 -0.100000 0.000000
vn 0.000000 -0.100000 0.000000
vn 0.000000 -0.100000 0.000000
vn 0.000000 -0.100000 0.000000
vn 0.000000 -0.100000 0.000000
vn 0.000000 -0.100000 0.000000
vn 0.000000 -0.100000 0.000000
vn 0.000000 -0.100000 0.000000
vn 0.000000 -0.100000 0.000000
vn 0.000000 -0.100000 0.000000
vn 0.000000 -0.100000 0.000000
vn 0.000000 -0.100000 0.000000
vn 0.000000 -0.100000 0.000000
vn 0.000000 -0.100000 0.000000
vn 0.000000 -0.100000 0.000000
vn 0.000000 -0.100000 0.000000
vn 0.000000 -0.100000 0.000000
vn 0.000000 -0.100000 0.000000
vn 0.000000 -0.100000 0.000000
vn 0.000000 -0.100000 0.000000
vn 0.000000 -0.100000 0.000000
vn 0.000000 -0.100000 0.000000
vn 0.000000 -0.100000 0.000000
vn 0.000000 -0.100000 0.000000
vn 0.000000 -0.100000 0.000000
vn 0.000000 -0.100000 0.000000
vn 0.000000 -0.100000 0.000000
vn 0.000000 -0.100000 0.000000
vn 0.000000 -0.100000 0.000000
vn 0.000000 -0.100000 0.000000
vn 0.000000 -0.100000 0.000000
vn 0.000000 -0.100000 0.000000
vn 0.000000 -0.100000 0.000000
vn 0.000000 -0.100000 0.000000
vn 0.000000 -0.100000 0.000000
vn 0.000000 -0.100000 0.000000
vn 0.000000 -0.100000 0.000000
vn 0.000000 -0.100000 0.000000
vn 0.000000 -0.100000 0.000000
vn 0.000000 -0.100000 0.000000
vn 0.000000 -0.100000 0.000000
vn 0.000000 -0.100000 0.000000
vn 0.000000 -0.100000 0.000000
vn 0.000000 -0.100000 0.000000
vn 0.000000 -0.100000 0.000000
vn 0.000000 -0.100000 0.000000
vn 0.000000 -0.100000 0.000000
vn 0.000000 -0.100000 0.000000
vn 0.000000 -0.100000 0.000000
vn 0.000000 -0.100000 0.000000
vn 0.000000 -0.100000 0.000000
vn 0.000000 -0.100000 0.000000
vn 0.000000 -0.100000 0.000000
vn 0.000000 -0.100000 0.000000
vn 0.000000 -0.100000 0.000000
vn 0.000000 -0.100000 0.000000
vn 0.000000 -0.100000 0.000000
vn 0.000000 -0.100000 0.000000
vn 0.000000 -0.100000 0.000000
vn 0.000000 -0.100000 0.000000
vn 0.000000 -0.100000 0.000000
vn 0.000000 -0.100000 0.000000
vn 0.000000 -0.100000 0.000000
vn 0.000000 -0.100000 0.000000
vn 0.000000 -0.100000 0.000000
vn 0.000000 0.000000 0.100000
vn 0.000000 0.000000 0.100000
vn -0.017365 0.000000 0.098481
vn -0.017365 0.000000 0.098481
vn -0.034202 0.000000 0.093969
vn -0.034202 0.000000 0.093969
vn -0.050000 0.000000 0.086603
vn -0.050000 0.000000 0.086603
vn -0.064279 0.000000 0.076604
vn -0.064279 0.000000 0.076604
vn -0.076604 0.000000 0.064279
vn -0.076604 0.000000 0.064279
vn -0.086603 0.000000 0.050000
vn -0.086603 0.000000 0.050000
vn -0.093969 0.000000 0.034202
vn -0.093969 0.000000 0.034202
vn -0.098481 0.000000 0.017365
vn -0.098481 0.000000 0.017365
vn -0.100000 0.000000 -0.000000
vn -0.100000 0.000000 -0.000000
vn 0.000000 0.000000 0.100000
vn 0.000000 0.000000 0.100000
vn -0.100000 0.000000 0.000000
vn -0.100000 0.000000 0.000000
vn -0.098481 0.000000 -0.017365
vn -0.098481 0.000000 -0.017365
vn -0.093969 0.000000 -0.034202
vn -0.093969 0.000000 -0.034202
vn -0.086603 0.000000 -0.050000
vn -0.086603 0.000000 -0.050000
vn -0.076604 0.000000 -0.064279
vn -0.076604 0.000000 -0.064279
vn -0.064279 0.000000 -0.076604
vn -0.064279 0.000000 -0.076604
vn -0.050000 0.000000 -0.086603
vn -0.050000 0.000000 -0.086603
vn -0.034202 0.000000 -0.093969
vn -0.034202 0.000000 -0.093969
vn -0.017365 0.000000 -0.098481
vn -0.017365 0.000000 -0.098481
vn 0.000000 0.000000 -0.100000
vn 0.000000 0.000000 -0.100000
vn 0.000000 0.000000 -0.100000
vn 0.000000 0.000000 -0.100000
vn 0.000000 0.000000 0.100000
vn 0.000000 0.000000 0.100000
vn 0.000000 0.000000 0.100000
vn 0.000000 0.000000 0.100000
vn 0.000000 0.000000 -0.100000
vn 0.000000 0.000000 -0.100000
vn 0.000000 0.000000 -0.100000
vn 0.000000 0.000000 -0.100000
vn 0.000000 0.000000 0.100000
vn 0.000000 0.000000 0.100000
vn 0.000000 0.000000 0.100000
vn 0.000000 0.000000 0.100000
vn -0.100000 0.000000 0.000000
vn -0.100000 0.000000 0.000000
vn -0.100000 0.000000 0.000000
vn -0.100000 0.000000 0.000000
vn -0.100000 0.000000 0.000000
vn -0.100000 0.000000 0.000000
vn 0.000000 0.000000 0.100000
vn 0.000000 0.000000 0.100000
vn 0.000000 0.000000 0.100000
vn 0.000000 0.000000 0.100000
vn 0.000000 0.000000 0.100000
vn 0.000000 0.000000 0.100000
vn 0.100000 0.000000 0.000000
vn 0.100000 0.000000 0.000000
vn 0.100000 0.000000 0.000000
vn 0.100000 0.000000 0.000000
vn 0.000000 0.000000 -0.100000
vn 0.000000 0.000000 -0.100000
vn 0.000000 0.000000 -0.100000
vn 0.000000 0.000000 -0.100000
vn -0.086603 0.000000 -0.050000
vn -0.086603 0.000000 -0.050000
vn -0.086603 0.000000 -0.050000
vn -0.086603 0.000000 -0.050000
vn -0.000000 0.000000 0.100000
vn -0.000000 0.000000 0.100000
vn -0.000000 0.000000 0.100000
vn -0.000000 0.000000 0.100000
vn 0.086603 0.000000 -0.050000
vn 0.086603 0.000000 -0.050000
vn 0.086603 0.000000 -0.050000
vn 0.086603 0.000000 -0.050000
vn 0.086603 0.000000 -0.050000
vn 0.086603 0.000000 -0.050000
vn 0.086603 0.000000 -0.050000
vn 0.086603 0.000000 -0.050000
vn 0.000000 0.100000 0.000000
vn 0.000000 0.100000 0.000000
vn 0.000000 0.100000 0.000000
vn 0.000000 0.100000 0.000000
vn 0.000000 0.100000 0.000000
vn 0.000000 0.100000 0.000000
vn 0.000000 0.100000 0.000000
vn 0.000000 0.100000 0.000000
vn 0.000000 0.100000 0.000000
vn 0.000000 0.100000 0.000000
vn 0.000000 0.100000 0.000000
vn 0.000000 0.100000 0.000000
vn 0.000000 0.100000 0.000000
vn 0.000000 0.100000 0.000000
vn 0.000000 0.100000 0.000000
vn 0.000000 0.100000 0.000000
vn 0.000000 0.100000 0.000000
vn 0.000000 0.100000 0.000000
vn 0.000000 0.100000 0.000000
vn 0.000000 0.100000 0.000000
vn 0.000000 0.100000 0.000000
vn 0.000000 0.100000 0.000000
vn 0.000000 0.100000 0.000000
vn 0.000000 0.100000 0.000000
vn 0.000000 0.100000 0.000000
vn 0.000000 0.100000 0.000000
vn 0.000000 0.100000 0.000000
vn 0.000000 0.100000 0.000000
vn 0.000000 0.100000 0.000000
vn 0.000000 0.100000 0.000000
vn 0.000000 0.100000 0.000000
vn 0.000000 0.100000 0.000000
vn 0.000000 0.100000 0.000000
vn 0.000000 0.100000 0.000000
vn 0.000000 0.100000 0.000000
vn 0.000000 0.100000 0.000000
vn 0.000000 0.100000 0.000000
vn 0.000000 0.100000 0.000000
vn 0.000000 0.100000 0.000000
vn 0.000000 0.100000 0.000000
vn 0.000000 0.100000 0.000000
vn 0.000000 0.100000 0.000000
vn 0.000000 0.100000 0.000000
vn 0.000000 0.100000 0.000000
vn 0.000000 0.100000 0.000000
vn 0.000000 0.100000 0.000000
vn 0.000000 0.100000 0.000000
vn 0.000000 0.100000 0.000000
vn 0.000000 0.100000 0.000000
vn 0.000000 0.100000 0.000000
vn 0.000000 0.100000 0.000000
vn 0.000000 0.100000 0.000000
vn 0.000000 0.100000 0.000000
vn 0.000000 0.100000 0.000000
vn 0.000000 0.100000 0.000000
vn 0.000000 0.100000 0.000000
vn 0.000000 0.100000 0.000000
vn 0.000000 0.100000 0.000000
vn 0.000000 0.100000 0.000000
vn 0.000000 0.100000 0.000000
vn 0.000000 0.100000 0.000000
vn 0.000000 0.100000 0.000000
vn 0.000000 0.100000 0.000000
vn 0.000000 0.100000 0.000000
vn 0.000000 0.100000 0.000000
vn 0.000000 0.100000 0.000000
vn 0.000000 0.100000 0.000000
vn 0.000000 0.100000 0.000000
vn 0.000000 0.100000 0.000000
vn 0.000000 0.100000 0.000000
vn 0.000000 0.100000 0.000000
vn 0.000000 0.100000 0.000000
vn 0.000000 0.100000 0.000000
vn 0.000000 0.100000 0.000000
vn 0.000000 0.100000 0.000000
vn 0.000000 0.100000 0.000000
vn 0.000000 0.100000 0.000000
vn 0.000000 0.100000 0.000000
vn 0.000000 0.100000 0.000000
vn 0.000000 0.100000 0.000000
vn 0.000000 0.100000 0.000000
vn 0.000000 0.100000 0.000000
vn 0.000000 0.100000 0.000000
vn 0.000000 0.100000 0.000000
vn 0.000000 0.100000 0.000000
vn 0.000000 0.100000 0.000000
vn 0.000000 0.100000 0.000000
vn 0.000000 0.100000 0.000000
vn 0.000000 0.100000 0.000000
vn 0.000000 0.100000 0.000000
vn 0.000000 0.100000 0.000000
vn 0.000000 0.100000 0.000000
vn 0.000000 0.100000 0.000000
vn 0.000000 0.100000 0.000000
vn 0.000000 0.100000 0.000000
vn 0.000000 0.100000 0.000000
vn 0.000000 0.100000 0.000000
vn 0.000000 0.100000 0.000000
vn 0.000000 0.100000 0.000000
vn 0.000000 0.100000 0.000000
vn 0.000000 0.100000 0.000000
vn 0.000000 0.100000 0.000000
vn 0.000000 0.100000 0.000000
vn 0.000000 0.100000 0.000000
vn 0.000000 0.100000 0.000000
vn 0.000000 0.100000 0.000000
vn 0.000000 0.100000 0.000000
vn 0.000000 0.100000 0.000000
vn 0.000000 0.100000 0.000000
vn 0.000000 0.100000 0.000000
vn 0.000000 0.100000 0.000000
vn 0.000000 0.100000 0.000000
vn 0.000000 0.100000 0.000000
vn 0.000000 0.100000 0.000000
vn 0.000000 0.100000 0.000000
vn 0.000000 0.100000 0.000000
vn 0.000000 0.100000 0.000000
vn 0.000000 0.100000 0.000000
vn 0.000000 0.100000 0.000000
vn 0.000000 0.100000 0.000000
vn 0.000000 0.100000 0.000000
vn 0.000000 0.100000 0.000000
vn 0.000000 0.100000 0.000000
vn 0.000000 0.100000 0.000000
vn 0.000000 0.100000 0.000000
vn 0.000000 0.100000 0.000000
vn 0.000000 0.100000 0.000000
vn 0.000000 0.100000 0.000000
vn 0.000000 0.100000 0.000000
vn 0.000000 0.100000 0.000000
vn 0.000000 0.100000 0.000000
vn 0.000000 0.100000 0.000000
vn 0.000000 0.100000 0.000000
vn 0.000000 0.100000 0.000000
vn 0.000000 0.100000 0.000000
vn 0.000000 0.100000 0.000000
vn 0.000000 0.100000 0.000000
vn 0.000000 0.100000 0.000000
vn 0.000000 0.100000 0.000000
vn 0.000000 0.100000 0.000000
vn 0.000000 0.100000 0.000000
vn 0.000000 0.100000 0.000000
vn 0.000000 0.100000 0.000000
vn 0.000000 0.100000 0.000000
vn 0.000000 0.100000 0.000000
vn 0.000000 0.100000 0.000000
vn 0.000000 0.100000 0.000000
vn 0.000000 0.100000 0.000000
vn 0.000000 0.100000 0.000000
vn 0.000000 0.100000 0.000000
vn 0.000000 0.100000 0.000000
vn 0.000000 0.100000 0.000000
vn 0.000000 0.100000 0.000000
vn 0.000000 0.100000 0.000000
vn 0.000000 0.100000 0.000000
vn 0.000000 0.100000 0.000000
vn 0.000000 0.100000 0.000000
vn 0.000000 0.100000 0.000000
vn 0.000000 0.100000 0.000000
vn 0.000000 0.100000 0.000000
vn 0.000000 0.100000 0.000000
vn 0.000000 0.100000 0.000000
vn 0.000000 0.100000 0.000000
vn 0.000000 0.100000 0.000000
vn 0.000000 0.100000 0.000000
vn 0.000000 0.100000 0.000000
vn 0.000000 0.100000 0.000000
vn 0.000000 0.100000 0.000000
vn 0.000000 0.100000 0.000000
vn 0.000000 0.100000 0.000000
vn 0.000000 0.100000 0.000000
vn 0.000000 0.100000 0.000000
vn 0.000000 0.100000 0.000000
vn 0.000000 0.100000 0.000000
vn 0.000000 0.100000 0.000000
vn 0.000000 0.100000 0.000000
vn 0.000000 0.100000 0.000000
vn 0.000000 0.100000 0.000000
vn 0.000000 0.100000 0.000000
vn 0.000000 0.100000 0.000000
vn 0.000000 0.100000 0.000000
vn 0.000000 0.100000 0.000000
vn 0.000000 0.100000 0.000000
vn 0.000000 0.100000 0.000000
vn 0.000000 0.100000 0.000000
vn 0.000000 0.100000 0.000000
vn 0.000000 0.100000 0.000000
vn 0.000000 0.100000 0.000000
vn 0.000000 0.100000 0.000000
vn 0.000000 0.100000 0.000000
vn 0.000000 0.100000 0.000000
vn 0.000000 0.100000 0.000000
vn 0.000000 0.100000 0.000000
vn 0.000000 0.100000 0.000000
vn 0.000000 0.100000 0.000000
vn 0.000000 0.100000 0.000000
vn 0.000000 0.100000 0.000000
vn 0.000000 0.100000 0.000000
vn 0.000000 0.100000 0.000000
vn 0.000000 0.100000 0.000000
vn 0.000000 0.100000 0.000000
vn 0.000000 0.100000 0.000000
vn 0.000000 0.100000 0.000000
vn 0.000000 0.100000 0.000000
vn 0.000000 0.100000 0.000000
vn 0.000000 0.100000 0.000000
vn 0.000000 0.100000 0.000000
vn 0.000000 0.100000 0.000000
vn 0.000000 0.100000 0.000000
vn 0.000000 0.100000 0.000000
vn 0.000000 0.100000 0.000000
vn 0.000000 0.100000 0.000000
vn 0.000000 0.100000 0.000000
vn 0.000000 0.100000 0.000000
vn 0.000000 0.100000 0.000000
vn 0.000000 0.100000 0.000000
vn 0.000000 0.100000 0.000000
vn 0.000000 0.100000 0.000000
vn 0.000000 0.100000 0.000000
vn 0.000000 0.100000 0.000000
vn 0.000000 0.100000 0.000000
vn 0.000000 0.100000 0.000000
vn 0.000000 0.100000 0.000000
vn 0.000000 0.100000 0.000000
vn 0.000000 0.100000 0.000000
vn 0.000000 0.100000 0.000000
vn 0.000000 0.100000 0.000000
vn 0.000000 0.100000 0.000000
vn 0.000000 0.100000 0.000000
vn 0.000000 0.100000 0.000000
vn 0.000000 0.100000 0.000000
vn 0.000000 0.100000 0.000000
vn 0.000000 0.100000 0.000000
vn 0.000000 0.100000 0.000000
vn 0.000000 0.100000 0.000000
vn 0.000000 0.100000 0.000000
vn 0.000000 0.100000 0.000000
vn 0.000000 0.100000 0.000000
vn 0.000000 0.100000 0.000000
vn -0.086603 0.000000 -0.050000
vn -0.086603 0.000000 -0.050000
vn -0.086603 0.000000 -0.050000
vn -0.086603 0.000000 -0.050000
vn 0.000000 0.000000 0.100000
vn 0.000000 0.000000 0.100000
vn 0.000000 0.000000 0.100000
vn 0.000000 0.000000 0.100000
vn 0.000000 0.000000 0.100000
vn 0.000000 0.000000 0.100000
vn 0.000000 0.000000 0.100000
vn 0.000000 0.000000 0.100000
vn 0.000000 -0.100000 0.000000
vn 0.000000 -0.100000 0.000000
vn 0.000000 -0.100000 0.000000
vn 0.000000 -0.100000 0.000000
vn 0.100000 0.000000 0.000000
vn 0.100000 0.000000 0.000000
vn 0.100000 0.000000 0.000000
vn 0.100000 0.000000 0.000000
vn 0.100000 0.000000 0.000000
vn 0.100000 0.000000 0.000000
vn 0.100000 0.000000 0.000000
vn -0.000000 0.100000 -0.000000
vn -0.000000 0.100000 -0.000000
vn -0.000000 0.100000 -0.000000
vn -0.000000 0.100000 -0.000000
vn 0.100000 0.000000 0.000000
vn 0.100000 0.000000 0.000000
vn 0.100000 0.000000 0.000000
vn 0.100000 0.000000 0.000000
vn 0.000000 -0.100000 0.000000
vn 0.000000 -0.100000 0.000000
vn 0.000000 -0.100000 0.000000
vn 0.000000 -0.100000 0.000000
vn -0.100000 0.000000 0.000000
vn -0.100000 0.000000 0.000000
vn -0.100000 0.000000 0.000000
vn -0.100000 0.000000 0.000000
vn 0.000000 0.000000 0.100000
vn 0.000000 0.000000 0.100000
vn 0.000000 0.000000 0.100000
vn 0.000000 0.000000 0.100000
vn 0.000000 0.000000 0.100000
vn 0.000000 0.000000 0.100000
vn 0.000000 0.000000 0.100000
vn 0.000000 0.000000 0.100000
vn 0.000000 0.000000 0.100000
vn 0.000000 0.000000 0.100000
vn 0.000000 0.000000 0.100000
vn 0.000000 0.000000 0.100000
vn 0.000000 0.000000 0.100000
vn 0.000000 0.000000 0.100000
vn 0.000000 0.000000 0.100000
vn 0.000000 0.000000 0.100000
vn 0.000000 0.000000 0.100000
vn 0.000000 0.000000 0.100000
vn 0.000000 0.000000 0.100000
vn 0.000000 0.000000 0.100000
vn 0.000000 0.000000 0.100000
vn 0.000000 0.000000 0.100000
vn 0.000000 0.000000 0.100000
vn 0.000000 0.000000 0.100000
vn 0.000000 0.000000 0.100000
vn 0.000000 0.000000 0.100000
vn 0.000000 0.000000 0.100000
vn 0.000000 0.000000 0.100000
vn 0.000000 0.000000 0.100000
vn 0.000000 0.000000 0.100000
vn 0.000000 0.000000 0.100000
vn 0.000000 0.000000 0.100000
vn 0.000000 0.000000 0.100000
vn 0.000000 0.000000 0.100000
vn 0.000000 0.000000 0.100000
vn 0.000000 0.000000 0.100000
vn 0.000000 0.000000 0.100000
vn 0.000000 0.000000 0.100000
vn 0.000000 0.000000 0.100000
vn 0.000000 0.000000 0.100000
vn 0.000000 0.000000 0.100000
vn 0.000000 0.000000 0.100000
vn 0.000000 0.000000 0.100000
vn 0.000000 0.000000 0.100000
vn 0.000000 0.000000 0.100000
vn 0.000000 0.000000 0.100000
vn 0.000000 0.000000 0.100000
vn 0.000000 0.000000 0.100000
vn 0.000000 0.000000 0.100000
vn 0.000000 0.000000 0.100000
vn 0.000000 0.000000 0.100000
vn 0.000000 0.000000 0.100000
vn 0.000000 0.000000 0.100000
vn 0.000000 0.000000 0.100000
vn 0.000000 0.000000 0.100000
vn 0.000000 0.000000 0.100000
vn 0.000000 0.000000 -0.100000
vn 0.000000 0.000000 -0.100000
vn 0.017365 0.000000 -0.098481
vn 0.017365 0.000000 -0.098481
vn 0.034202 0.000000 -0.093969
vn 0.034202 0.000000 -0.093969
vn 0.050000 0.000000 -0.086603
vn 0.050000 0.000000 -0.086603
vn 0.064279 0.000000 -0.076604
vn 0.064279 0.000000 -0.076604
vn 0.076604 0.000000 -0.064279
vn 0.076604 0.000000 -0.064279
vn 0.086603 0.000000 -0.050000
vn 0.086603 0.000000 -0.050000
vn 0.093969 0.000000 -0.034202
vn 0.093969 0.000000 -0.034202
vn 0.098481 0.000000 -0.017365
vn 0.098481 0.000000 -0.017365
vn 0.100000 0.000000 0.000000
vn 0.100000 0.000000 0.000000
vn 0.100000 0.000000 0.000000
vn 0.100000 0.000000 0.000000
vn 0.000000 0.000000 0.100000
vn 0.000000 0.000000 0.100000
vn -0.017365 0.000000 0.098481
vn -0.017365 0.000000 0.098481
vn -0.034202 0.000000 0.093969
vn -0.034202 0.000000 0.093969
vn -0.050000 0.000000 0.086603
vn -0.050000 0.000000 0.086603
vn -0.064279 0.000000 0.076604
vn -0.064279 0.000000 0.076604
vn -0.076604 0.000000 0.064279
vn -0.076604 0.000000 0.064279
vn -0.086603 0.000000 0.050000
vn -0.086603 0.000000 0.050000
vn -0.093969 0.000000 0.034202
vn -0.093969 0.000000 0.034202
vn -0.098481 0.000000 0.017365
vn -0.098481 0.000000 0.017365
vn -0.100000 0.000000 0.000000
vn -0.100000 0.000000 0.000000
vn -0.100000 0.000000 0.000000
vn -0.100000 0.000000 0.000000
vn 0.000000 0.000000 -0.100000
vn 0.000000 0.000000 -0.100000
vn 0.000000 0.000000 -0.100000
vn 0.000000 0.000000 -0.100000
vn 0.000000 0.000000 -0.100000
vn 0.000000 0.000000 -0.100000
vn 0.000000 0.000000 -0.100000
vn 0.000000 0.000000 -0.100000
vn 0.000000 0.100000 0.000000
vn 0.000000 0.100000 0.000000
vn 0.000000 0.100000 0.000000
vn 0.000000 0.100000 0.000000
vn 0.000000 0.100000 0.000000
vn 0.000000 0.100000 0.000000
vn 0.000000 0.100000 0.000000
vn 0.000000 0.100000 0.000000
vn 0.000000 0.100000 0.000000
vn 0.000000 0.100000 0.000000
vn 0.000000 0.100000 0.000000
vn 0.000000 0.100000 0.000000
vn 0.000000 0.100000 0.000000
vn 0.000000 0.100000 0.000000
vn 0.000000 0.100000 0.000000
vn 0.000000 0.100000 0.000000
vn 0.000000 0.070711 -0.070711
vn 0.000000 0.070711 -0.070711
vn 0.000000 0.070711 -0.070711
vn 0.000000 0.070711 -0.070711
vn 0.000000 0.070711 -0.070711
vn 0.000000 0.070711 -0.070711
vn 0.000000 0.070711 -0.070711
vn 0.000000 0.070711 -0.070711
vn 0.000000 0.070711 -0.070711
vn 0.000000 0.070711 -0.070711
vn 0.000000 0.070711 -0.070711
vn 0.000000 0.070711 -0.070711
vn 0.000000 0.070711 -0.070711
vn 0.000000 0.070711 -0.070711
vn 0.000000 0.070711 -0.070711
vn 0.000000 0.070711 -0.070711
vn 0.000000 0.000000 -0.100000
vn 0.000000 0.000000 -0.100000
vn 0.000000 0.000000 -0.100000
vn 0.000000 0.000000 -0.100000
vn 0.000000 0.000000 -0.100000
vn 0.000000 0.000000 -0.100000
vn 0.000000 0.000000 -0.100000
vn 0.000000 0.000000 -0.100000
vn 0.000000 0.000000 -0.100000
vn 0.000000 0.000000 -0.100000
vn 0.000000 0.000000 -0.100000
vn 0.000000 0.000000 -0.100000
vn 0.070711 0.000000 -0.070711
vn 0.070711 0.000000 -0.070711
vn 0.070711 0.000000 -0.070711
vn -0.100000 0.000000 0.000000
vn -0.100000 0.000000 0.000000
vn -0.100000 0.000000 0.000000
vn 0.000000 0.000000 -0.100000
vn 0.000000 0.000000 -0.100000
vn 0.000000 0.000000 -0.100000
vn 0.000000 0.000000 -0.100000
vn 0.000000 0.000000 -0.100000
vn 0.000000 0.000000 -0.100000
vn 0.000000 0.000000 -0.100000
vn 0.000000 0.000000 -0.100000
vn 0.000000 0.000000 -0.100000
vn 0.000000 0.000000 -0.100000
vn 0.000000 0.000000 -0.100000
vn 0.000000 0.000000 -0.100000
vn 0.000000 0.000000 -0.100000
vn 0.000000 0.000000 -0.100000
vn 0.000000 0.000000 -0.100000
vn 0.000000 0.000000 -0.100000
vn 0.000000 0.000000 -0.100000
vn 0.000000 0.000000 -0.100000
vn 0.000000 0.000000 -0.100000
vn 0.000000 0.000000 -0.100000
vn 0.000000 0.000000 -0.100000
vn 0.000000 0.000000 -0.100000
vn 0.000000 0.000000 -0.100000
vn 0.000000 0.000000 -0.100000
vn 0.000000 0.000000 -0.100000
vn 0.000000 0.000000 -0.100000
vn 0.000000 0.000000 -0.100000
vn 0.000000 0.000000 -0.100000
vn -0.070711 0.000000 -0.070711
vn -0.070711 0.000000 -0.070711
vn -0.070711 0.000000 -0.070711
vn -0.070711 0.000000 -0.070711
vn -0.070711 0.000000 -0.070711
vn -0.070711 0.000000 -0.070711
vn -0.070711 0.000000 -0.070711
vn -0.070711 0.000000 -0.070711
vn -0.070711 0.000000 -0.070711
vn -0.070711 0.000000 -0.070711
vn -0.070711 0.000000 -0.070711
vn -0.070711 0.000000 -0.070711
vn -0.070711 0.000000 -0.070711
vn -0.070711 0.000000 -0.070711
vn -0.070711 0.000000 -0.070711
vn -0.070711 0.000000 -0.070711
vn -0.070711 0.000000 -0.070711
vn -0.070711 0.000000 -0.070711
vn -0.070711 0.000000 -0.070711
vn 0.000000 0.000000 -0.100000
vn 0.000000 0.000000 -0.100000
vn 0.000000 0.000000 -0.100000
vn 0.000000 0.000000 -0.100000
vn 0.000000 0.000000 -0.100000
vn 0.000000 0.000000 -0.100000
vn 0.000000 0.000000 -0.100000
vn 0.000000 0.000000 -0.100000
vn 0.000000 0.000000 -0.100000
vn 0.000000 0.000000 -0.100000
vn 0.000000 0.000000 -0.100000
vn 0.000000 0.000000 -0.100000
vn 0.000000 0.000000 -0.100000
vn 0.000000 0.000000 -0.100000
vn 0.000000 0.000000 -0.100000
vn 0.000000 0.000000 -0.100000
vn 0.000000 0.000000 -0.100000
vn 0.000000 0.000000 -0.100000
vn 0.000000 0.000000 -0.100000
vn 0.000000 0.000000 -0.100000
vn 0.000000 0.000000 -0.100000
vn 0.000000 0.000000 -0.100000
vn 0.000000 0.000000 -0.100000
vn 0.000000 0.000000 -0.100000
vn 0.000000 0.000000 -0.100000
vn 0.000000 0.000000 -0.100000
vn 0.000000 0.000000 -0.100000
vn 0.000000 0.000000 -0.100000
vn 0.000000 0.000000 -0.100000
vn 0.000000 0.000000 -0.100000
vn 0.000000 0.000000 -0.100000
vn 0.000000 0.000000 -0.100000
vn 0.100000 0.000000 0.000000
vn 0.100000 0.000000 0.000000
vn 0.100000 0.000000 0.000000
vn 0.100000 0.000000 0.000000
vn 0.000000 0.000000 0.100000
vn 0.000000 0.000000 0.100000
vn -0.017365 0.000000 0.098481
vn -0.017365 0.000000 0.098481
vn -0.034202 0.000000 0.093969
vn -0.034202 0.000000 0.093969
vn -0.050000 0.000000 0.086603
vn -0.050000 0.000000 0.086603
vn -0.064279 0.000000 0.076604
vn -0.064279 0.000000 0.076604
vn -0.076604 0.000000 0.064279
vn -0.076604 0.000000 0.064279
vn -0.086603 0.000000 0.050000
vn -0.086603 0.000000 0.050000
vn -0.093969 0.000000 0.034202
vn -0.093969 0.000000 0.034202
vn -0.098481 0.000000 0.017365
vn -0.098481 0.000000 0.017365
vn -0.100000 0.000000 0.000000
vn -0.100000 0.000000 0.000000
vn -0.100000 0.000000 0.000000
vn -0.100000 0.000000 0.000000
vn 0.000000 0.000000 -0.100000
vn 0.000000 0.000000 -0.100000
vn -0.017365 0.000000 -0.098481
vn -0.017365 0.000000 -0.098481
vn -0.034202 0.000000 -0.093969
vn -0.034202 0.000000 -0.093969
vn -0.050000 0.000000 -0.086603
vn -0.050000 0.000000 -0.086603
vn -0.064279 0.000000 -0.076604
vn -0.064279 0.000000 -0.076604
vn -0.076604 0.000000 -0.064279
vn -0.076604 0.000000 -0.064279
vn -0.086603 0.000000 -0.050000
vn -0.086603 0.000000 -0.050000
vn -0.093969 0.000000 -0.034202
vn -0.093969 0.000000 -0.034202
vn -0.098481 0.000000 -0.017365
vn -0.098481 0.000000 -0.017365
vn 0.000000 0.000000 -0.100000
vn 0.000000 0.000000 -0.100000
vn 0.017365 0.000000 -0.098481
vn 0.017365 0.000000 -0.098481
vn 0.034202 0.000000 -0.093969
vn 0.034202 0.000000 -0.093969
vn 0.050000 0.000000 -0.086603
vn 0.050000 0.000000 -0.086603
vn 0.064279 0.000000 -0.076604
vn 0.064279 0.000000 -0.076604
vn 0.076604 0.000000 -0.064279
vn 0.076604 0.000000 -0.064279
vn 0.086603 0.000000 -0.050000
vn 0.086603 0.000000 -0.050000
vn 0.093969 0.000000 -0.034202
vn 0.093969 0.000000 -0.034202
vn 0.098481 0.000000 -0.017365
vn 0.098481 0.000000 -0.017365
vn 0.100000 -0.000000 0.000000
vn 0.100000 -0.000000 0.000000
vn 0.100000 0.000000 0.000000
vn 0.100000 0.000000 0.000000
vn 0.000000 0.000000 0.100000
vn 0.000000 0.000000 0.100000
vn 0.017365 0.000000 0.098481
vn 0.017365 0.000000 0.098481
vn 0.034202 0.000000 0.093969
vn 0.034202 0.000000 0.093969
vn 0.050000 0.000000 0.086603
vn 0.050000 0.000000 0.086603
vn 0.064279 0.000000 0.076604
vn 0.064279 0.000000 0.076604
vn 0.076604 0.000000 0.064279
vn 0.076604 0.000000 0.064279
vn 0.086603 0.000000 0.050000
vn 0.086603 0.000000 0.050000
vn 0.093969 0.000000 0.034202
vn 0.093969 0.000000 0.034202
vn 0.098481 0.000000 0.017365
vn 0.098481 0.000000 0.017365
vn 0.000000 -0.100000 0.000000
vn 0.000000 -0.100000 0.000000
vn 0.000000 -0.098481 -0.017365
vn 0.000000 -0.098481 -0.017365
vn 0.000000 -0.093969 -0.034202
vn 0.000000 -0.093969 -0.034202
vn 0.000000 -0.086603 -0.050000
vn 0.000000 -0.086603 -0.050000
vn 0.000000 -0.076604 -0.064279
vn 0.000000 -0.076604 -0.064279
vn 0.000000 -0.064279 -0.076604
vn 0.000000 -0.064279 -0.076604
vn 0.000000 -0.050000 -0.086603
vn 0.000000 -0.050000 -0.086603
vn 0.000000 -0.034202 -0.093969
vn 0.000000 -0.034202 -0.093969
vn 0.000000 -0.017365 -0.098481
vn 0.000000 -0.017365 -0.098481
vn -0.000000 0.000000 -0.100000
vn -0.000000 0.000000 -0.100000
vn -0.000000 0.000000 -0.100000
vn -0.000000 0.000000 -0.100000
vn 0.000000 0.000000 0.100000
vn 0.000000 0.000000 0.100000
vn 0.000000 -0.017365 0.098481
vn 0.000000 -0.017365 0.098481
vn 0.000000 -0.034202 0.093969
vn 0.000000 -0.034202 0.093969
vn 0.000000 -0.050000 0.086603
vn 0.000000 -0.050000 0.086603
vn 0.000000 -0.064279 0.076604
vn 0.000000 -0.064279 0.076604
vn 0.000000 -0.076604 0.064279
vn 0.000000 -0.076604 0.064279
vn 0.000000 -0.086603 0.050000
vn 0.000000 -0.086603 0.050000
vn 0.000000 -0.093969 0.034202
vn 0.000000 -0.093969 0.034202
vn 0.000000 -0.098481 0.017365
vn 0.000000 -0.098481 0.017365
vn 0.000000 -0.100000 0.000000
vn 0.000000 -0.100000 0.000000
vn 0.000000 0.100000 -0.000000
vn 0.000000 0.100000 -0.000000
vn 0.000000 0.098481 0.017365
vn 0.000000 0.098481 0.017365
vn 0.000000 0.093969 0.034202
vn 0.000000 0.093969 0.034202
vn 0.000000 0.086603 0.050000
vn 0.000000 0.086603 0.050000
vn 0.000000 0.076604 0.064279
vn 0.000000 0.076604 0.064279
vn 0.000000 0.064279 0.076604
vn 0.000000 0.064279 0.076604
vn 0.000000 0.050000 0.086603
vn 0.000000 0.050000 0.086603
vn 0.000000 0.034202 0.093969
vn 0.000000 0.034202 0.093969
vn 0.000000 0.017365 0.098481
vn 0.000000 0.017365 0.098481
vn 0.000000 -0.000000 0.100000
vn 0.000000 -0.000000 0.100000
vn 0.000000 -0.000000 0.100000
vn 0.000000 -0.000000 0.100000
vn 0.000000 -0.000000 -0.100000
vn 0.000000 -0.000000 -0.100000
vn 0.000000 0.017365 -0.098481
vn 0.000000 0.017365 -0.098481
vn 0.000000 0.034202 -0.093969
vn 0.000000 0.034202 -0.093969
vn 0.000000 0.050000 -0.086603
vn 0.000000 0.050000 -0.086603
vn 0.000000 0.064279 -0.076604
vn 0.000000 0.064279 -0.076604
vn 0.000000 0.076604 -0.064279
vn 0.000000 0.076604 -0.064279
vn 0.000000 0.086603 -0.050000
vn 0.000000 0.086603 -0.050000
vn 0.000000 0.093969 -0.034202
vn 0.000000 0.093969 -0.034202
vn 0.000000 0.098481 -0.017365
vn 0.000000 0.098481 -0.017365
vn 0.000000 0.100000 -0.000000
vn 0.000000 0.100000 -0.000000
vn 0.000000 0.000000 0.100000
vn 0.000000 0.000000 0.100000
vn 0.100000 0.000000 0.000000
vn 0.100000 0.000000 0.000000
vn 0.100000 0.000000 0.000000
vn 0.100000 0.000000 0.000000
vn 0.100000 0.000000 0.000000
vn 0.100000 0.000000 0.000000
vn 0.100000 0.000000 0.000000
vn 0.100000 0.000000 0.000000
vn 0.100000 0.000000 0.000000
vn 0.100000 0.000000 0.000000
vn 0.100000 0.000000 0.000000
vn 0.100000 0.000000 0.000000
vn 0.100000 0.000000 0.000000
vn 0.100000 0.000000 0.000000
vn 0.100000 0.000000 0.000000
vn 0.100000 0.000000 0.000000
vn 0.100000 0.000000 0.000000
vn 0.100000 0.000000 0.000000
vn 0.100000 0.000000 0.000000
vn 0.100000 0.000000 0.000000
vn 0.100000 0.000000 0.000000
vn 0.100000 0.000000 0.000000
vn 0.100000 0.000000 0.000000
vn 0.100000 0.000000 0.000000
vn 0.100000 0.000000 0.000000
vn 0.100000 0.000000 0.000000
vn 0.100000 0.000000 0.000000
vn 0.100000 0.000000 0.000000
vn 0.100000 0.000000 0.000000
vn 0.100000 0.000000 0.000000
vn 0.100000 0.000000 0.000000
vn 0.100000 0.000000 0.000000
vn 0.100000 0.000000 0.000000
vn 0.100000 0.000000 0.000000
vn 0.100000 0.000000 0.000000
vn 0.100000 0.000000 0.000000
vn 0.100000 0.000000 0.000000
vn 0.100000 0.000000 0.000000
vn 0.100000 0.000000 0.000000
vn 0.100000 0.000000 0.000000
vn 0.100000 0.000000 0.000000
vn 0.100000 0.000000 0.000000
vn 0.100000 0.000000 0.000000
vn 0.100000 0.000000 0.000000
vn 0.100000 0.000000 0.000000
vn 0.100000 0.000000 0.000000
vn 0.100000 0.000000 0.000000
vn 0.100000 0.000000 0.000000
vn 0.100000 0.000000 0.000000
vn 0.100000 0.000000 0.000000
vn 0.100000 0.000000 0.000000
vn 0.100000 0.000000 0.000000
vn 0.100000 0.000000 0.000000
vn 0.100000 0.000000 0.000000
vn 0.100000 0.000000 0.000000
vn 0.100000 0.000000 0.000000
vn 0.100000 0.000000 0.000000
vn 0.100000 0.000000 0.000000
vn 0.100000 0.000000 0.000000
vn 0.100000 0.000000 0.000000
vn 0.100000 0.000000 0.000000
vn 0.100000 0.000000 0.000000
vn 0.100000 0.000000 0.000000
vn 0.100000 0.000000 0.000000
vn 0.100000 0.000000 0.000000
vn 0.100000 0.000000 0.000000
vn 0.100000 0.000000 0.000000
vn 0.100000 0.000000 0.000000
vn 0.100000 0.000000 0.000000
vn 0.100000 0.000000 0.000000
vn 0.100000 0.000000 0.000000
vn 0.100000 0.000000 0.000000
vn 0.100000 0.000000 0.000000
vn 0.100000 0.000000 0.000000
vn 0.100000 0.000000 0.000000
vn 0.100000 0.000000 0.000000
vn 0.100000 0.000000 0.000000
vn 0.100000 0.000000 0.000000
vn 0.100000 0.000000 0.000000
vn 0.100000 0.000000 0.000000
vn 0.100000 0.000000 0.000000
vn 0.100000 0.000000 0.000000
vn 0.100000 0.000000 0.000000
vn 0.100000 0.000000 0.000000
vn 0.100000 0.000000 0.000000
vn 0.100000 0.000000 0.000000
vn 0.100000 0.000000 0.000000
vn 0.100000 0.000000 0.000000
vn 0.100000 0.000000 0.000000
vn 0.100000 0.000000 0.000000
vn 0.100000 0.000000 0.000000
vn 0.100000 0.000000 0.000000
vn 0.100000 0.000000 0.000000
vn 0.100000 0.000000 0.000000
vn 0.100000 0.000000 0.000000
vn 0.100000 0.000000 0.000000
vn 0.100000 0.000000 0.000000
vn 0.100000 0.000000 0.000000
vn 0.100000 0.000000 0.000000
vn 0.100000 0.000000 0.000000
vn 0.100000 0.000000 0.000000
vn 0.100000 0.000000 0.000000
vn 0.100000 0.000000 0.000000
vn 0.100000 0.000000 0.000000
vn 0.100000 0.000000 0.000000
vn 0.100000 0.000000 0.000000
vn 0.100000 0.000000 0.000000
vn 0.100000 0.000000 0.000000
vn 0.100000 0.000000 0.000000
vn 0.100000 0.000000 0.000000
vn 0.100000 0.000000 0.000000
vn 0.100000 0.000000 0.000000
vn 0.100000 0.000000 0.000000
vn 0.100000 0.000000 0.000000
vn 0.100000 0.000000 0.000000
vn 0.100000 0.000000 0.000000
vn 0.100000 0.000000 0.000000
vn 0.100000 0.000000 0.000000
vn 0.100000 0.000000 0.000000
vn 0.100000 0.000000 0.000000
vn 0.100000 0.000000 0.000000
vn 0.100000 0.000000 0.000000
vn 0.100000 0.000000 0.000000
vn 0.100000 0.000000 0.000000
vn 0.100000 0.000000 0.000000
vn 0.100000 0.000000 0.000000
vn 0.100000 0.000000 0.000000
vn 0.100000 0.000000 0.000000
vn 0.100000 0.000000 0.000000
vn 0.100000 0.000000 0.000000
vn 0.100000 0.000000 0.000000
vn 0.100000 0.000000 0.000000
vn 0.100000 0.000000 0.000000
vn 0.100000 0.000000 0.000000
vn 0.100000 0.000000 0.000000
vn 0.100000 0.000000 0.000000
vn 0.100000 0.000000 0.000000
vn 0.100000 0.000000 0.000000
vn 0.100000 0.000000 0.000000
vn 0.100000 0.000000 0.000000
vn 0.100000 0.000000 0.000000
vn 0.100000 0.000000 0.000000
vn 0.100000 0.000000 0.000000
vn 0.100000 0.000000 0.000000
vn 0.100000 0.000000 0.000000
vn 0.100000 0.000000 0.000000
vn 0.100000 0.000000 0.000000
vn 0.100000 0.000000 0.000000
vn 0.100000 0.000000 0.000000
vn 0.100000 0.000000 0.000000
vn 0.100000 0.000000 0.000000
vn 0.100000 0.000000 0.000000
vn 0.100000 0.000000 0.000000
vn 0.100000 0.000000 0.000000
vn 0.100000 0.000000 0.000000
vn 0.100000 0.000000 0.000000
vn 0.100000 0.000000 0.000000
vn 0.100000 0.000000 0.000000
vn 0.100000 0.000000 0.000000
vn 0.100000 0.000000 0.000000
vn 0.100000 0.000000 0.000000
vn 0.100000 0.000000 0.000000
vn 0.100000 0.000000 0.000000
vn 0.100000 0.000000 0.000000
vn 0.100000 0.000000 0.000000
vn 0.100000 0.000000 0.000000
vn 0.100000 0.000000 0.000000
vn 0.100000 0.000000 0.000000
vn 0.100000 0.000000 0.000000
vn 0.100000 0.000000 0.000000
vn 0.100000 0.000000 0.000000
vn 0.100000 0.000000 0.000000
vn 0.100000 0.000000 0.000000
vn 0.100000 0.000000 0.000000
vn 0.100000 0.000000 0.000000
vn 0.100000 0.000000 0.000000
vn 0.100000 0.000000 0.000000
vn 0.100000 0.000000 0.000000
vn 0.100000 0.000000 0.000000
vn 0.100000 0.000000 0.000000
vn 0.100000 0.000000 0.000000
vn 0.100000 0.000000 0.000000
vn 0.100000 0.000000 0.000000
vn 0.100000 0.000000 0.000000
vn 0.100000 0.000000 0.000000
vn 0.100000 0.000000 0.000000
vn 0.100000 0.000000 0.000000
vn 0.100000 0.000000 0.000000
vn 0.100000 0.000000 0.000000
vn 0.100000 0.000000 0.000000
vn 0.100000 0.000000 0.000000
vn 0.100000 0.000000 0.000000
vn 0.100000 0.000000 0.000000
vn 0.100000 0.000000 0.000000
vn 0.100000 0.000000 0.000000
vn 0.100000 0.000000 0.000000
vn 0.100000 0.000000 0.000000
vn 0.100000 0.000000 0.000000
vn 0.100000 0.000000 0.000000
vn 0.100000 0.000000 0.000000
vn 0.100000 0.000000 0.000000
vn 0.100000 0.000000 0.000000
vn 0.100000 0.000000 0.000000
vn 0.100000 0.000000 0.000000
vn 0.100000 0.000000 0.000000
vn 0.100000 0.000000 0.000000
vn 0.100000 0.000000 0.000000
vn 0.100000 0.000000 0.000000
vn 0.100000 0.000000 0.000000
vn 0.100000 0.000000 0.000000
vn 0.100000 0.000000 0.000000
vn 0.100000 0.000000 0.000000
vn 0.100000 0.000000 0.000000
vn 0.100000 0.000000 0.000000
vn 0.100000 0.000000 0.000000
vn 0.100000 0.000000 0.000000
vn 0.100000 0.000000 0.000000
vn 0.100000 0.000000 0.000000
vn 0.100000 0.000000 0.000000
vn 0.100000 0.000000 0.000000
vn 0.100000 0.000000 0.000000
vn 0.100000 0.000000 0.000000
vn 0.100000 0.000000 0.000000
vn 0.100000 0.000000 0.000000
vn 0.100000 0.000000 0.000000
vn 0.100000 0.000000 0.000000
vn 0.100000 0.000000 0.000000
vn 0.100000 0.000000 0.000000
vn 0.100000 0.000000 0.000000
vn 0.100000 0.000000 0.000000
vn 0.100000 0.000000 0.000000
vn 0.100000 0.000000 0.000000
vn 0.100000 0.000000 0.000000
vn 0.100000 0.000000 0.000000
vn 0.100000 0.000000 0.000000
vn 0.100000 0.000000 0.000000
vn 0.100000 0.000000 0.000000
vn 0.100000 0.000000 0.000000
vn 0.100000 0.000000 0.000000
vn 0.100000 0.000000 0.000000
vn 0.100000 0.000000 0.000000
vn 0.100000 0.000000 0.000000
vn 0.100000 0.000000 0.000000
vn 0.100000 0.000000 0.000000
vn 0.100000 0.000000 0.000000
vn 0.100000 0.000000 0.000000
vn 0.100000 0.000000 0.000000
vn 0.100000 0.000000 0.000000
vn 0.100000 0.000000 0.000000
vn 0.100000 0.000000 0.000000
vn 0.100000 0.000000 0.000000
vn 0.100000 0.000000 0.000000
vn 0.100000 0.000000 0.000000
vn 0.100000 0.000000 0.000000
vn 0.100000 0.000000 0.000000
vn 0.100000 0.000000 0.000000
vn 0.100000 0.000000 0.000000
vn 0.100000 0.000000 0.000000
vn 0.100000 0.000000 0.000000
vn 0.100000 0.000000 0.000000
vn 0.100000 0.000000 0.000000
vn 0.100000 0.000000 0.000000
vn 0.100000 0.000000 0.000000
vn 0.100000 0.000000 0.000000
vn 0.100000 0.000000 0.000000
vn 0.100000 0.000000 0.000000
vn 0.100000 0.000000 0.000000
vn 0.100000 0.000000 0.000000
vn 0.100000 0.000000 0.000000
vn 0.100000 0.000000 0.000000
vn 0.100000 0.000000 0.000000
vn 0.100000 0.000000 0.000000
vn 0.100000 0.000000 0.000000
vn 0.100000 0.000000 0.000000
vn 0.100000 0.000000 0.000000
vn 0.100000 0.000000 0.000000
vn 0.100000 0.000000 0.000000
vn 0.100000 0.000000 0.000000
vn 0.100000 0.000000 0.000000
vn 0.100000 0.000000 0.000000
vn 0.100000 0.000000 0.000000
vn 0.100000 0.000000 0.000000
vn 0.100000 0.000000 0.000000
vn 0.100000 0.000000 0.000000
vn 0.100000 0.000000 0.000000
vn 0.100000 0.000000 0.000000
vn 0.100000 0.000000 0.000000
vn 0.100000 0.000000 0.000000
vn 0.100000 0.000000 0.000000
vn 0.100000 0.000000 0.000000
vn 0.100000 0.000000 0.000000
vn 0.100000 0.000000 0.000000
vn 0.100000 0.000000 0.000000
vn 0.100000 0.000000 0.000000
vn 0.100000 0.000000 0.000000
vn 0.100000 0.000000 0.000000
vn 0.100000 0.000000 0.000000
vn 0.100000 0.000000 0.000000
vn 0.100000 0.000000 0.000000
vn 0.100000 0.000000 0.000000
vn 0.100000 0.000000 0.000000
vn 0.100000 0.000000 0.000000
vn 0.100000 0.000000 0.000000
vn 0.100000 0.000000 0.000000
vn 0.100000 0.000000 0.000000
vn 0.100000 0.000000 0.000000
vn 0.100000 0.000000 0.000000
vn 0.100000 0.000000 0.000000
vn 0.100000 0.000000 0.000000
vn 0.100000 0.000000 0.000000
vn 0.100000 0.000000 0.000000
vn 0.100000 0.000000 0.000000
vn 0.100000 0.000000 0.000000
vn 0.100000 0.000000 0.000000
vn 0.100000 0.000000 0.000000
vn 0.100000 0.000000 0.000000
vn 0.100000 0.000000 0.000000
vn 0.100000 0.000000 0.000000
vn 0.100000 0.000000 0.000000
vn 0.100000 0.000000 0.000000
vn 0.100000 0.000000 0.000000
vn 0.100000 0.000000 0.000000
vn 0.100000 0.000000 0.000000
vn 0.100000 0.000000 0.000000
vn 0.100000 0.000000 0.000000
vn 0.100000 0.000000 0.000000
vn 0.100000 0.000000 0.000000
vn 0.100000 0.000000 0.000000
vn 0.100000 0.000000 0.000000
vn 0.100000 0.000000 0.000000
vn 0.100000 0.000000 0.000000
vn 0.100000 0.000000 0.000000
vn 0.100000 0.000000 0.000000
vn 0.100000 0.000000 0.000000
vn 0.100000 0.000000 0.000000
vn 0.100000 0.000000 0.000000
vn 0.000000 -0.000000 -0.100000
vn 0.000000 -0.000000 -0.100000
vn 0.000000 -0.000000 -0.100000
vn 0.000000 -0.000000 -0.100000
vn 0.000000 -0.000000 -0.100000
vn 0.000000 -0.000000 -0.100000
vn 0.000000 0.000000 -0.100000
vn 0.000000 0.000000 -0.100000
vn 0.000000 0.000000 -0.100000
vn 0.000000 0.000000 -0.100000
vn 0.000000 -0.100000 0.000000
vn 0.000000 -0.100000 0.000000
vn 0.000000 -0.098481 -0.017365
vn 0.000000 -0.098481 -0.017365
vn 0.000000 -0.093969 -0.034202
vn 0.000000 -0.093969 -0.034202
vn 0.000000 -0.086603 -0.050000
vn 0.000000 -0.086603 -0.050000
vn 0.000000 -0.076604 -0.064279
vn 0.000000 -0.076604 -0.064279
vn 0.000000 -0.064279 -0.076604
vn 0.000000 -0.064279 -0.076604
vn 0.000000 -0.050000 -0.086603
vn 0.000000 -0.050000 -0.086603
vn 0.000000 -0.034202 -0.093969
vn 0.000000 -0.034202 -0.093969
vn 0.000000 -0.017365 -0.098481
vn 0.000000 -0.017365 -0.098481
vn 0.000000 0.000000 -0.100000
vn 0.000000 -0.000000 -0.100000
vn 0.000000 0.000000 -0.100000
vn 0.000000 0.000000 -0.100000
vn 0.000000 -0.100000 0.000000
vn 0.000000 -0.100000 0.000000
vn 0.000000 -0.098481 0.017365
vn 0.000000 -0.098481 0.017365
vn 0.000000 -0.093969 0.034202
vn 0.000000 -0.093969 0.034202
vn 0.000000 -0.086603 0.050000
vn 0.000000 -0.086603 0.050000
vn 0.000000 -0.076604 0.064279
vn 0.000000 -0.076604 0.064279
vn 0.000000 -0.064279 0.076604
vn 0.000000 -0.064279 0.076604
vn 0.000000 -0.050000 0.086603
vn 0.000000 -0.050000 0.086603
vn 0.000000 -0.034202 0.093969
vn 0.000000 -0.034202 0.093969
vn 0.000000 -0.017365 0.098481
vn 0.000000 -0.017365 0.098481
vn 0.000000 0.000000 0.100000
vn 0.000000 0.000000 0.100000
vn 0.000000 0.000000 0.100000
vn 0.000000 0.000000 0.100000
vn 0.000000 0.100000 0.000000
vn 0.000000 0.100000 0.000000
vn 0.000000 0.098481 0.017365
vn 0.000000 0.098481 0.017365
vn 0.000000 0.093969 0.034202
vn 0.000000 0.093969 0.034202
vn 0.000000 0.086603 0.050000
vn 0.000000 0.086603 0.050000
vn 0.000000 0.076604 0.064279
vn 0.000000 0.076604 0.064279
vn 0.000000 0.064279 0.076604
vn 0.000000 0.064279 0.076604
vn 0.000000 0.050000 0.086603
vn 0.000000 0.050000 0.086603
vn 0.000000 0.034202 0.093969
vn 0.000000 0.034202 0.093969
vn 0.000000 0.017365 0.098481
vn 0.000000 0.017365 0.098481
vn 0.000000 0.100000 0.000000
vn 0.000000 0.100000 0.000000
vn 0.000000 0.098481 -0.017365
vn 0.000000 0.098481 -0.017365
vn 0.000000 0.093969 -0.034202
vn 0.000000 0.093969 -0.034202
vn 0.000000 0.086603 -0.050000
vn 0.000000 0.086603 -0.050000
vn 0.000000 0.076604 -0.064279
vn 0.000000 0.076604 -0.064279
vn 0.000000 0.064279 -0.076604
vn 0.000000 0.064279 -0.076604
vn 0.000000 0.050000 -0.086603
vn 0.000000 0.050000 -0.086603
vn 0.000000 0.034202 -0.093969
vn 0.000000 0.034202 -0.093969
vn 0.000000 0.017365 -0.098481
vn 0.000000 0.017365 -0.098481
vn -0.000000 0.000000 0.100000
vn -0.000000 0.000000 0.100000
vn -0.000000 0.000000 0.100000
vn -0.000000 0.000000 0.100000
vn -0.086603 0.000000 0.050000
vn -0.086603 0.000000 0.050000
vn -0.086603 0.000000 0.050000
vn -0.086603 0.000000 0.050000
vn 0.086603 -0.000000 0.050000
vn 0.086603 -0.000000 0.050000
vn 0.086603 -0.000000 0.050000
vn 0.086603 -0.000000 0.050000
vn -0.086603 0.000000 -0.050000
vn -0.086603 0.000000 -0.050000
vn -0.086603 0.000000 -0.050000
vn -0.086603 0.000000 -0.050000
vn 0.000000 0.000000 -0.100000
vn 0.000000 0.000000 -0.100000
vn 0.000000 0.000000 -0.100000
vn 0.000000 0.000000 -0.100000
vn 0.086603 0.000000 -0.050000
vn 0.086603 0.000000 -0.050000
vn 0.086603 0.000000 -0.050000
vn 0.086603 0.000000 -0.050000
vn 0.000000 0.000000 0.100000
vn 0.000000 0.000000 0.100000
vn 0.000000 0.000000 0.100000
vn 0.000000 0.000000 0.100000
vn -0.086603 0.000000 0.050000
vn -0.086603 0.000000 0.050000
vn -0.086603 0.000000 0.050000
vn -0.086603 0.000000 0.050000
vn 0.086603 -0.000000 0.050000
vn 0.086603 -0.000000 0.050000
vn 0.086603 -0.000000 0.050000
vn 0.086603 -0.000000 0.050000
vn -0.000000 0.000000 0.100000
vn -0.000000 0.000000 0.100000
vn -0.000000 0.000000 0.100000
vn -0.000000 0.000000 0.100000
vn -0.086603 0.000000 0.050000
vn -0.086603 0.000000 0.050000
vn -0.086603 0.000000 0.050000
vn -0.086603 0.000000 0.050000
vn 0.086603 -0.000000 0.050000
vn 0.086603 -0.000000 0.050000
vn 0.086603 -0.000000 0.050000
vn 0.086603 -0.000000 0.050000
vn 0.086603 0.000000 -0.050000
vn 0.086603 0.000000 -0.050000
vn 0.086603 0.000000 -0.050000
vn 0.086603 0.000000 -0.050000
vn 0.000000 0.000000 0.100000
vn 0.000000 0.000000 0.100000
vn 0.000000 0.000000 0.100000
vn 0.000000 0.000000 0.100000
vn -0.100000 0.000000 0.000000
vn -0.100000 0.000000 0.000000
vn -0.100000 0.000000 0.000000
vn -0.100000 0.000000 0.000000
vn 0.000000 0.000000 -0.100000
vn 0.000000 0.000000 -0.100000
vn 0.000000 0.000000 -0.100000
vn 0.000000 0.000000 -0.100000
vn 0.000000 0.000000 -0.100000
vn 0.000000 0.000000 -0.100000
vn 0.000000 0.000000 -0.100000
vn 0.000000 0.000000 -0.100000
vn 0.086603 0.000000 -0.050000
vn 0.086603 0.000000 -0.050000
vn 0.086603 0.000000 -0.050000
vn 0.086603 0.000000 -0.050000
vn 0.000000 0.000000 0.100000
vn 0.000000 0.000000 0.100000
vn 0.000000 0.000000 0.100000
vn 0.000000 0.000000 0.100000
vn -0.086603 0.000000 -0.050000
vn -0.086603 0.000000 -0.050000
vn -0.086603 0.000000 -0.050000
vn -0.086603 0.000000 -0.050000
vn 0.000000 0.000000 -0.100000
vn 0.000000 0.000000 -0.100000
vn 0.000000 0.000000 -0.100000
vn 0.000000 0.000000 -0.100000
vn 0.086603 0.000000 -0.050000
vn 0.086603 0.000000 -0.050000
vn 0.086603 0.000000 -0.050000
vn 0.086603 0.000000 -0.050000
vn 0.000000 0.000000 0.100000
vn 0.000000 0.000000 0.100000
vn 0.000000 0.000000 0.100000
vn 0.000000 0.000000 0.100000
vn -0.086603 0.000000 -0.050000
vn -0.086603 0.000000 -0.050000
vn -0.086603 0.000000 -0.050000
vn -0.086603 0.000000 -0.050000
vn 0.000000 0.000000 -0.100000
vn 0.000000 0.000000 -0.100000
vn 0.000000 0.000000 -0.100000
vn 0.000000 0.000000 -0.100000
vn 0.086603 -0.000000 0.050000
vn 0.086603 -0.000000 0.050000
vn 0.086603 -0.000000 0.050000
vn 0.086603 -0.000000 0.050000
vn 0.000000 0.000000 0.100000
vn 0.000000 0.000000 0.100000
vn 0.000000 0.000000 0.100000
vn 0.000000 0.000000 0.100000
vn -0.086603 0.000000 0.050000
vn -0.086603 0.000000 0.050000
vn -0.086603 0.000000 0.050000
vn -0.086603 0.000000 0.050000
vn -0.086603 0.000000 -0.050000
vn -0.086603 0.000000 -0.050000
vn -0.086603 0.000000 -0.050000
vn -0.086603 0.000000 -0.050000
vn 0.000000 0.000000 -0.100000
vn 0.000000 0.000000 -0.100000
vn 0.000000 0.000000 -0.100000
vn 0.000000 0.000000 -0.100000
vn 0.000000 0.000000 -0.100000
vn 0.000000 0.000000 -0.100000
vn 0.086603 -0.000000 0.050000
vn 0.086603 -0.000000 0.050000
vn 0.086603 -0.000000 0.050000
vn 0.086603 -0.000000 0.050000
vn 0.000000 0.000000 0.100000
vn 0.000000 0.000000 0.100000
vn 0.000000 0.000000 0.100000
vn 0.000000 0.000000 0.100000
vn -0.086603 0.000000 0.050000
vn -0.086603 0.000000 0.050000
vn -0.086603 0.000000 0.050000
vn -0.086603 0.000000 0.050000
vn 0.086603 0.000000 -0.050000
vn 0.086603 0.000000 -0.050000
vn 0.086603 0.000000 -0.050000
vn 0.086603 0.000000 -0.050000
vn 0.086603 -0.000000 0.050000
vn 0.086603 -0.000000 0.050000
vn 0.086603 -0.000000 0.050000
vn 0.086603 -0.000000 0.050000
vn -0.000000 0.000000 0.100000
vn -0.000000 0.000000 0.100000
vn -0.000000 0.000000 0.100000
vn -0.000000 0.000000 0.100000
vn -0.100000 0.000000 0.000000
vn -0.100000 0.000000 0.000000
vn -0.100000 0.000000 0.000000
vn -0.100000 0.000000 0.000000
vn 0.000000 0.000000 -0.100000
vn 0.000000 0.000000 -0.100000
vn 0.000000 0.000000 -0.100000
vn 0.000000 0.000000 -0.100000
vn 0.000000 0.000000 0.100000
vn 0.000000 0.000000 0.100000
vn 0.000000 0.000000 0.100000
vn 0.000000 0.000000 0.100000
vn -0.086603 0.000000 0.050000
vn -0.086603 0.000000 0.050000
vn -0.086603 0.000000 0.050000
vn -0.086603 0.000000 0.050000
vn -0.086603 0.000000 -0.050000
vn -0.086603 0.000000 -0.050000
vn -0.086603 0.000000 -0.050000
vn -0.086603 0.000000 -0.050000
vn 0.000000 0.000000 -0.100000
vn 0.000000 0.000000 -0.100000
vn 0.000000 0.000000 -0.100000
vn 0.000000 0.000000 -0.100000
vn 0.000000 0.000000 -0.100000
vn 0.000000 0.000000 -0.100000
vn 0.000000 0.000000 -0.100000
vn 0.000000 0.000000 -0.100000
vn -0.086603 0.000000 -0.050000
vn -0.086603 0.000000 -0.050000
vn -0.086603 0.000000 -0.050000
vn -0.086603 0.000000 -0.050000
vn 0.000000 0.000000 0.100000
vn 0.000000 0.000000 0.100000
vn -0.086603 0.000000 -0.050000
vn -0.086603 0.000000 -0.050000
vn -0.086603 0.000000 -0.050000
vn -0.086603 0.000000 -0.050000
vn 0.000000 0.000000 -0.100000
vn 0.000000 0.000000 -0.100000
vn 0.000000 0.000000 -0.100000
vn 0.000000 0.000000 -0.100000
vn 0.086603 0.000000 -0.050000
vn 0.086603 0.000000 -0.050000
vn 0.086603 0.000000 -0.050000
vn 0.086603 0.000000 -0.050000
vn 0.086603 -0.000000 0.050000
vn 0.086603 -0.000000 0.050000
vn 0.086603 -0.000000 0.050000
vn 0.086603 -0.000000 0.050000
vn -0.000000 0.000000 0.100000
vn -0.000000 0.000000 0.100000
vn -0.000000 0.000000 0.100000
vn -0.000000 0.000000 0.100000
vn 0.000000 0.000000 -0.100000
vn 0.000000 0.000000 -0.100000
vn 0.000000 0.000000 -0.100000
vn 0.000000 0.000000 -0.100000
vn 0.086603 0.000000 -0.050000
vn 0.086603 0.000000 -0.050000
vn 0.086603 0.000000 -0.050000
vn 0.086603 0.000000 -0.050000
vn 0.086603 -0.000000 0.050000
vn 0.086603 -0.000000 0.050000
vn 0.086603 -0.000000 0.050000
vn 0.086603 -0.000000 0.050000
vn -0.000000 0.000000 0.100000
vn -0.000000 0.000000 0.100000
vn -0.000000 0.000000 0.100000
vn -0.000000 0.000000 0.100000
vn -0.086603 0.000000 0.050000
vn -0.086603 0.000000 0.050000
vn -0.086603 0.000000 0.050000
vn -0.086603 0.000000 0.050000
vn -0.086603 0.000000 -0.050000
vn -0.086603 0.000000 -0.050000
vn -0.086603 0.000000 -0.050000
vn -0.086603 0.000000 -0.050000
vn -0.086603 0.000000 -0.050000
vn -0.086603 0.000000 -0.050000
vn -0.086603 0.000000 -0.050000
vn -0.086603 0.000000 -0.050000
vn 0.000000 0.000000 -0.100000
vn 0.000000 0.000000 -0.100000
vn 0.000000 0.000000 -0.100000
vn 0.000000 0.000000 -0.100000
vn 0.086603 0.000000 -0.050000
vn 0.086603 0.000000 -0.050000
vn 0.086603 0.000000 -0.050000
vn 0.086603 0.000000 -0.050000
vn 0.086603 -0.000000 0.050000
vn 0.086603 -0.000000 0.050000
vn 0.086603 -0.000000 0.050000
vn 0.086603 -0.000000 0.050000
vn -0.000000 0.000000 0.100000
vn -0.000000 0.000000 0.100000
vn -0.000000 0.000000 0.100000
vn -0.000000 0.000000 0.100000
vn -0.086603 0.000000 0.050000
vn -0.086603 0.000000 0.050000
vn -0.086603 0.000000 0.050000
vn -0.086603 0.000000 0.050000
vn -0.000000 0.000000 0.100000
vn -0.000000 0.000000 0.100000
vn -0.000000 0.000000 0.100000
vn -0.000000 0.000000 0.100000
vn -0.086603 0.000000 0.050000
vn -0.086603 0.000000 0.050000
vn -0.086603 0.000000 0.050000
vn -0.086603 0.000000 0.050000
vn 0.000000 0.000000 -0.100000
vn 0.000000 0.000000 -0.100000
vn 0.000000 0.000000 -0.100000
vn 0.000000 0.000000 -0.100000
vn 0.086603 0.000000 -0.050000
vn 0.086603 0.000000 -0.050000
vn 0.086603 0.000000 -0.050000
vn 0.086603 0.000000 -0.050000
vn 0.086603 -0.000000 0.050000
vn 0.086603 -0.000000 0.050000
vn 0.086603 -0.000000 0.050000
vn 0.086603 -0.000000 0.050000
vn 0.086603 0.000000 -0.050000
vn 0.086603 0.000000 -0.050000
vn 0.086603 0.000000 -0.050000
vn 0.086603 0.000000 -0.050000
vn 0.086603 -0.000000 0.050000
vn 0.086603 -0.000000 0.050000
vn 0.086603 -0.000000 0.050000
vn 0.086603 -0.000000 0.050000
vn -0.000000 0.000000 0.100000
vn -0.000000 0.000000 0.100000
vn -0.000000 0.000000 0.100000
vn -0.000000 0.000000 0.100000
vn -0.086603 0.000000 0.050000
vn -0.086603 0.000000 0.050000
vn -0.086603 0.000000 0.050000
vn -0.086603 0.000000 0.050000
vn 0.086603 0.000000 -0.050000
vn 0.086603 0.000000 -0.050000
vn 0.086603 0.000000 -0.050000
vn 0.086603 0.000000 -0.050000
vn 0.086603 -0.000000 0.050000
vn 0.086603 -0.000000 0.050000
vn 0.086603 -0.000000 0.050000
vn 0.086603 -0.000000 0.050000
vn 0.000000 0.000000 0.100000
vn 0.000000 0.000000 0.100000
vn 0.000000 0.000000 0.100000
vn 0.000000 0.000000 0.100000
vn -0.100000 0.000000 0.000000
vn -0.100000 0.000000 0.000000
vn -0.100000 0.000000 0.000000
vn -0.100000 0.000000 0.000000
vn 0.000000 0.000000 -0.100000
vn 0.000000 0.000000 -0.100000
vn 0.000000 0.000000 -0.100000
vn 0.000000 0.000000 -0.100000
vn 0.086603 0.000000 -0.050000
vn 0.086603 0.000000 -0.050000
vn 0.086603 0.000000 -0.050000
vn 0.086603 0.000000 -0.050000
vn 0.086603 -0.000000 0.050000
vn 0.086603 -0.000000 0.050000
vn 0.086603 -0.000000 0.050000
vn 0.086603 -0.000000 0.050000
vn -0.000000 0.000000 0.100000
vn -0.000000 0.000000 0.100000
vn -0.000000 0.000000 0.100000
vn -0.000000 0.000000 0.100000
vn -0.100000 0.000000 0.000000
vn -0.100000 0.000000 0.000000
vn -0.100000 0.000000 0.000000
vn -0.100000 0.000000 0.000000
vn 0.000000 0.000000 -0.100000
vn 0.000000 0.000000 -0.100000
vn 0.000000 0.000000 -0.100000
vn 0.000000 0.000000 -0.100000
vn 0.000000 0.000000 -0.100000
vn 0.000000 0.000000 -0.100000
vn 0.000000 0.000000 -0.100000
vn 0.000000 0.000000 -0.100000
vn 0.086603 -0.000000 0.050000
vn 0.086603 -0.000000 0.050000
vn 0.086603 -0.000000 0.050000
vn 0.086603 -0.000000 0.050000
vn 0.000000 0.000000 0.100000
vn 0.000000 0.000000 0.100000
vn 0.000000 0.000000 0.100000
vn 0.000000 0.000000 0.100000
vn -0.086603 0.000000 0.050000
vn -0.086603 0.000000 0.050000
vn -0.086603 0.000000 0.050000
vn -0.086603 0.000000 0.050000
vn -0.086603 0.000000 -0.050000
vn -0.086603 0.000000 -0.050000
vn -0.086603 0.000000 -0.050000
vn -0.086603 0.000000 -0.050000
vn 0.000000 0.000000 -0.100000
vn 0.000000 0.000000 -0.100000
vn 0.000000 0.000000 -0.100000
vn 0.000000 0.000000 -0.100000
vn 0.086603 0.000000 -0.050000
vn 0.086603 0.000000 -0.050000
vn 0.086603 0.000000 -0.050000
vn 0.086603 0.000000 -0.050000
vn 0.086603 -0.000000 0.050000
vn 0.086603 -0.000000 0.050000
vn 0.086603 -0.000000 0.050000
vn 0.086603 -0.000000 0.050000
vn 0.000000 0.000000 0.100000
vn 0.000000 0.000000 0.100000
vn 0.000000 0.000000 0.100000
vn 0.000000 0.000000 0.100000
vn -0.086603 0.000000 0.050000
vn -0.086603 0.000000 0.050000
vn -0.086603 0.000000 0.050000
vn -0.086603 0.000000 0.050000
vn 0.000000 0.000000 -0.100000
vn 0.000000 0.000000 -0.100000
vn 0.000000 0.000000 -0.100000
vn 0.000000 0.000000 -0.100000
vn 0.086603 0.000000 -0.050000
vn 0.086603 0.000000 -0.050000
vn 0.086603 0.000000 -0.050000
vn 0.086603 0.000000 -0.050000
vn 0.000000 0.000000 0.100000
vn 0.000000 0.000000 0.100000
vn 0.000000 0.000000 0.100000
vn 0.000000 0.000000 0.100000
vn -0.086603 0.000000 -0.050000
vn -0.086603 0.000000 -0.050000
vn -0.086603 0.000000 -0.050000
vn -0.086603 0.000000 -0.050000
vn -0.086603 0.000000 -0.050000
vn -0.086603 0.000000 -0.050000
vn -0.086603 0.000000 -0.050000
vn -0.086603 0.000000 -0.050000
vn 0.000000 0.000000 -0.100000
vn 0.000000 0.000000 -0.100000
vn 0.000000 0.000000 -0.100000
vn 0.000000 0.000000 -0.100000
vn 0.100000 0.000000 0.000000
vn 0.100000 0.000000 0.000000
vn 0.100000 0.000000 0.000000
vn 0.100000 0.000000 0.000000
vn -0.000000 0.000000 0.100000
vn -0.000000 0.000000 0.100000
vn -0.000000 0.000000 0.100000
vn -0.000000 0.000000 0.100000
vn -0.086603 0.000000 0.050000
vn -0.086603 0.000000 0.050000
vn -0.086603 0.000000 0.050000
vn -0.086603 0.000000 0.050000
vn 0.086603 0.000000 -0.050000
vn 0.086603 0.000000 -0.050000
vn 0.086603 0.000000 -0.050000
vn 0.086603 0.000000 -0.050000
vn 0.086603 -0.000000 0.050000
vn 0.086603 -0.000000 0.050000
vn 0.086603 -0.000000 0.050000
vn 0.086603 -0.000000 0.050000
vn -0.000000 0.000000 0.100000
vn -0.000000 0.000000 0.100000
vn -0.000000 0.000000 0.100000
vn -0.000000 0.000000 0.100000
vn -0.086603 0.000000 0.050000
vn -0.086603 0.000000 0.050000
vn -0.086603 0.000000 0.050000
vn -0.086603 0.000000 0.050000
vn -0.086603 0.000000 -0.050000
vn -0.086603 0.000000 -0.050000
vn -0.086603 0.000000 -0.050000
vn -0.086603 0.000000 -0.050000
vn 0.000000 0.000000 -0.100000
vn 0.000000 0.000000 -0.100000
vn 0.000000 0.000000 -0.100000
vn 0.000000 0.000000 -0.100000
vn 0.086603 0.000000 -0.050000
vn 0.086603 0.000000 -0.050000
vn 0.086603 0.000000 -0.050000
vn 0.086603 0.000000 -0.050000
vn 0.000000 0.000000 0.100000
vn 0.000000 0.000000 0.100000
vn 0.000000 0.000000 0.100000
vn 0.000000 0.000000 0.100000
vn -0.086603 0.000000 -0.050000
vn -0.086603 0.000000 -0.050000
vn -0.086603 0.000000 -0.050000
vn -0.086603 0.000000 -0.050000
vn 0.000000 0.000000 -0.100000
vn 0.000000 0.000000 -0.100000
vn 0.000000 0.000000 -0.100000
vn 0.000000 0.000000 -0.100000
vn -0.086603 0.000000 0.050000
vn -0.086603 0.000000 0.050000
vn -0.086603 0.000000 0.050000
vn -0.086603 0.000000 0.050000
vn 0.086603 -0.000000 0.050000
vn 0.086603 -0.000000 0.050000
vn 0.086603 -0.000000 0.050000
vn 0.086603 -0.000000 0.050000
vn 0.000000 0.000000 -0.100000
vn 0.000000 0.000000 -0.100000
vn 0.000000 0.000000 -0.100000
vn 0.000000 0.000000 -0.100000
vn 0.086603 0.000000 -0.050000
vn 0.086603 0.000000 -0.050000
vn 0.086603 0.000000 -0.050000
vn 0.086603 0.000000 -0.050000
vn 0.086603 -0.000000 0.050000
vn 0.086603 -0.000000 0.050000
vn 0.086603 -0.000000 0.050000
vn 0.086603 -0.000000 0.050000
vn 0.000000 0.000000 0.100000
vn 0.000000 0.000000 0.100000
vn 0.000000 0.000000 0.100000
vn 0.000000 0.000000 0.100000
vn -0.086603 0.000000 0.050000
vn -0.086603 0.000000 0.050000
vn -0.086603 0.000000 0.050000
vn -0.086603 0.000000 0.050000
vn -0.086603 0.000000 -0.050000
vn -0.086603 0.000000 -0.050000
vn -0.086603 0.000000 -0.050000
vn -0.086603 0.000000 -0.050000
vn -0.100000 0.000000 0.000000
vn -0.100000 0.000000 0.000000
vn -0.100000 0.000000 0.000000
vn -0.100000 0.000000 0.000000
vn 0.000000 0.000000 -0.100000
vn 0.000000 0.000000 -0.100000
vn 0.000000 0.000000 -0.100000
vn 0.000000 0.000000 -0.100000
vn 0.086603 0.000000 -0.050000
vn 0.086603 0.000000 -0.050000
vn 0.086603 0.000000 -0.050000
vn 0.086603 0.000000 -0.050000
vn 0.086603 -0.000000 0.050000
vn 0.086603 -0.000000 0.050000
vn 0.086603 -0.000000 0.050000
vn 0.086603 -0.000000 0.050000
vn -0.000000 0.000000 0.100000
vn -0.000000 0.000000 0.100000
vn -0.000000 0.000000 0.100000
vn -0.000000 0.000000 0.100000
vn 0.000000 -0.086603 -0.050000
vn 0.000000 -0.086603 -0.050000
vn 0.000000 -0.086603 -0.050000
vn 0.000000 -0.086603 -0.050000
vn -0.000000 0.086418 -0.050319
vn -0.000000 0.086418 -0.050319
vn -0.000000 0.086418 -0.050319
vn -0.000000 0.086418 -0.050319
vn 0.000000 0.000000 0.100000
vn 0.000000 0.000000 0.100000
vn 0.000000 0.000000 0.100000
vn 0.000000 0.000000 0.100000
vn 0.000000 -0.086786 -0.049680
vn 0.000000 -0.086786 -0.049680
vn 0.000000 -0.086786 -0.049680
vn 0.000000 -0.086786 -0.049680
vn 0.000000 -0.000369 -0.099999
vn 0.000000 -0.000369 -0.099999
vn 0.000000 -0.000369 -0.099999
vn 0.000000 -0.000369 -0.099999
vn -0.000000 0.086418 -0.050319
vn -0.000000 0.086418 -0.050319
vn -0.000000 0.086418 -0.050319
vn -0.000000 0.086418 -0.050319
vn 0.000000 0.000000 0.100000
vn 0.000000 0.000000 0.100000
vn 0.000000 0.000000 0.100000
vn 0.000000 0.000000 0.100000
vn 0.000000 -0.086786 -0.049680
vn 0.000000 -0.086786 -0.049680
vn 0.000000 -0.086786 -0.049680
vn 0.000000 -0.086786 -0.049680
vn 0.000000 -0.000369 -0.099999
vn 0.000000 -0.000369 -0.099999
vn 0.000000 -0.000369 -0.099999
vn 0.000000 -0.000369 -0.099999
vn 0.000000 -0.000369 -0.099999
vn 0.000000 -0.000369 -0.099999
vn 0.000000 -0.000369 -0.099999
vn 0.000000 -0.000369 -0.099999
vn -0.000000 0.086418 -0.050319
vn -0.000000 0.086418 -0.050319
vn -0.000000 0.086418 -0.050319
vn -0.000000 0.086418 -0.050319
vn 0.000000 0.000000 0.100000
vn 0.000000 0.000000 0.100000
vn 0.000000 0.000000 0.100000
vn 0.000000 0.000000 0.100000
vn 0.000000 -0.086786 -0.049680
vn 0.000000 -0.086786 -0.049680
vn 0.000000 -0.086786 -0.049680
vn 0.000000 -0.086786 -0.049680
vn 0.000000 0.000369 0.099999
vn 0.000000 0.000369 0.099999
vn 0.000000 0.000369 0.099999
vn 0.000000 0.000369 0.099999
vn 0.000000 -0.086418 0.050319
vn 0.000000 -0.086418 0.050319
vn 0.000000 -0.086418 0.050319
vn 0.000000 -0.086418 0.050319
vn 0.000000 0.000000 -0.100000
vn 0.000000 0.000000 -0.100000
vn 0.000000 0.000000 -0.100000
vn 0.000000 0.000000 -0.100000
vn 0.000000 -0.086603 -0.050000
vn 0.000000 -0.086603 -0.050000
vn 0.000000 -0.086603 -0.050000
vn 0.000000 -0.086603 -0.050000
vn 0.000000 0.000000 -0.100000
vn 0.000000 0.000000 -0.100000
vn 0.000000 0.000000 -0.100000
vn 0.000000 0.000000 -0.100000
vn -0.000000 0.086603 -0.050000
vn -0.000000 0.086603 -0.050000
vn -0.000000 0.086603 -0.050000
vn -0.000000 0.086603 -0.050000
vn 0.000000 0.000000 -0.100000
vn 0.000000 0.000000 -0.100000
vn 0.000000 0.000000 -0.100000
vn 0.000000 0.000000 -0.100000
vn 0.000000 0.000000 -0.100000
vn 0.000000 0.000000 -0.100000
vn 0.000000 0.000000 -0.100000
vn 0.000000 0.000000 -0.100000
vn -0.000000 0.086603 -0.050000
vn -0.000000 0.086603 -0.050000
vn -0.000000 0.086603 -0.050000
vn -0.000000 0.086603 -0.050000
vn 0.000000 0.086603 0.050000
vn 0.000000 0.086603 0.050000
vn 0.000000 0.086603 0.050000
vn 0.000000 0.086603 0.050000
vn 0.000000 0.000000 0.100000
vn 0.000000 0.000000 0.100000
vn 0.000000 0.000000 0.100000
vn 0.000000 0.000000 0.100000
vn 0.000000 -0.100000 0.000000
vn 0.000000 -0.100000 0.000000
vn 0.000000 -0.100000 0.000000
vn 0.000000 -0.100000 0.000000
vn -0.000000 0.086603 -0.050000
vn -0.000000 0.086603 -0.050000
vn -0.000000 0.086603 -0.050000
vn -0.000000 0.086603 -0.050000
vn -0.100000 0.000000 0.000000
vn -0.100000 0.000000 0.000000
vn -0.100000 0.000000 0.000000
vn -0.100000 0.000000 0.000000
vn -0.100000 0.000000 0.000000
vn -0.100000 0.000000 0.000000
vn -0.100000 0.000000 0.000000
vn -0.100000 0.000000 0.000000
vn -0.100000 0.000000 0.000000
vn -0.100000 0.000000 0.000000
vn -0.100000 0.000000 0.000000
vn -0.100000 0.000000 0.000000
vn -0.100000 0.000000 0.000000
vn -0.100000 0.000000 0.000000
vn -0.100000 0.000000 0.000000
vn -0.100000 0.000000 0.000000
vn -0.100000 0.000000 0.000000
vn -0.100000 0.000000 0.000000
vn -0.100000 0.000000 0.000000
vn -0.100000 0.000000 0.000000
vn -0.100000 0.000000 0.000000
vn -0.100000 0.000000 0.000000
vn -0.100000 0.000000 0.000000
vn -0.100000 0.000000 0.000000
vn -0.100000 0.000000 0.000000
vn -0.100000 0.000000 0.000000
vn -0.100000 0.000000 0.000000
vn -0.100000 0.000000 0.000000
vn -0.100000 0.000000 0.000000
vn -0.100000 0.000000 0.000000
vn -0.100000 0.000000 0.000000
vn -0.100000 0.000000 0.000000
vn -0.100000 0.000000 0.000000
vn -0.100000 0.000000 0.000000
vn -0.100000 0.000000 0.000000
vn -0.100000 0.000000 0.000000
vn -0.100000 0.000000 0.000000
vn -0.100000 0.000000 0.000000
vn -0.100000 0.000000 0.000000
vn -0.100000 0.000000 0.000000
vn -0.100000 0.000000 0.000000
vn -0.100000 0.000000 0.000000
vn -0.100000 0.000000 0.000000
vn -0.100000 0.000000 0.000000
vn -0.100000 0.000000 0.000000
vn -0.100000 0.000000 0.000000
vn -0.100000 0.000000 0.000000
vn -0.100000 0.000000 0.000000
vn -0.100000 0.000000 0.000000
vn -0.100000 0.000000 0.000000
vn -0.100000 0.000000 0.000000
vn -0.100000 0.000000 0.000000
vn -0.100000 0.000000 0.000000
vn -0.100000 0.000000 0.000000
vn -0.100000 0.000000 0.000000
vn -0.100000 0.000000 0.000000
vn -0.100000 0.000000 0.000000
vn -0.100000 0.000000 0.000000
vn -0.100000 0.000000 0.000000
vn -0.100000 0.000000 0.000000
vn -0.100000 0.000000 0.000000
vn -0.100000 0.000000 0.000000
vn -0.100000 0.000000 0.000000
vn -0.100000 0.000000 0.000000
vn -0.100000 0.000000 0.000000
vn -0.100000 0.000000 0.000000
vn -0.100000 0.000000 0.000000
vn -0.100000 0.000000 0.000000
vn -0.100000 0.000000 0.000000
vn -0.100000 0.000000 0.000000
vn -0.100000 0.000000 0.000000
vn -0.100000 0.000000 0.000000
vn -0.100000 0.000000 0.000000
vn -0.100000 0.000000 0.000000
vn -0.100000 0.000000 0.000000
vn -0.100000 0.000000 0.000000
vn -0.100000 0.000000 0.000000
vn -0.100000 0.000000 0.000000
vn -0.100000 0.000000 0.000000
vn -0.100000 0.000000 0.000000
vn -0.100000 0.000000 0.000000
vn -0.100000 0.000000 0.000000
vn -0.100000 0.000000 0.000000
vn -0.100000 0.000000 0.000000
vn -0.100000 0.000000 0.000000
vn -0.100000 0.000000 0.000000
vn -0.100000 0.000000 0.000000
vn -0.100000 0.000000 0.000000
vn -0.100000 0.000000 0.000000
vn -0.100000 0.000000 0.000000
vn -0.100000 0.000000 0.000000
vn -0.100000 0.000000 0.000000
vn -0.100000 0.000000 0.000000
vn -0.100000 0.000000 0.000000
vn -0.100000 0.000000 0.000000
vn -0.100000 0.000000 0.000000
vn -0.100000 0.000000 0.000000
vn -0.100000 0.000000 0.000000
vn -0.100000 0.000000 0.000000
vn -0.100000 0.000000 0.000000
vn -0.100000 0.000000 0.000000
vn -0.100000 0.000000 0.000000
vn -0.100000 0.000000 0.000000
vn -0.100000 0.000000 0.000000
vn -0.100000 0.000000 0.000000
vn -0.100000 0.000000 0.000000
vn -0.100000 0.000000 0.000000
vn -0.100000 0.000000 0.000000
vn -0.100000 0.000000 0.000000
vn -0.100000 0.000000 0.000000
vn -0.100000 0.000000 0.000000
vn -0.100000 0.000000 0.000000
vn -0.100000 0.000000 0.000000
vn -0.100000 0.000000 0.000000
vn -0.100000 0.000000 0.000000
vn -0.100000 0.000000 0.000000
vn -0.100000 0.000000 0.000000
vn -0.100000 0.000000 0.000000
vn -0.100000 0.000000 0.000000
vn -0.100000 0.000000 0.000000
vn -0.100000 0.000000 0.000000
vn -0.100000 0.000000 0.000000
vn -0.100000 0.000000 0.000000
vn -0.100000 0.000000 0.000000
vn -0.100000 0.000000 0.000000
vn -0.100000 0.000000 0.000000
vn -0.100000 0.000000 0.000000
vn -0.100000 0.000000 0.000000
vn -0.100000 0.000000 0.000000
vn -0.100000 0.000000 0.000000
vn -0.100000 0.000000 0.000000
vn -0.100000 0.000000 0.000000
vn -0.100000 0.000000 0.000000
vn -0.100000 0.000000 0.000000
vn -0.100000 0.000000 0.000000
vn -0.100000 0.000000 0.000000
vn -0.100000 0.000000 0.000000
vn -0.100000 0.000000 0.000000
vn -0.100000 0.000000 0.000000
vn -0.100000 0.000000 0.000000
vn -0.100000 0.000000 0.000000
vn -0.100000 0.000000 0.000000
vn -0.100000 0.000000 0.000000
vn -0.100000 0.000000 0.000000
vn -0.100000 0.000000 0.000000
vn -0.100000 0.000000 0.000000
vn -0.100000 0.000000 0.000000
vn -0.100000 0.000000 0.000000
vn -0.100000 0.000000 0.000000
vn -0.100000 0.000000 0.000000
vn -0.100000 0.000000 0.000000
vn -0.100000 0.000000 0.000000
vn -0.100000 0.000000 0.000000
vn -0.100000 0.000000 0.000000
vn -0.100000 0.000000 0.000000
vn -0.100000 0.000000 0.000000
vn -0.100000 0.000000 0.000000
vn -0.100000 0.000000 0.000000
vn -0.100000 0.000000 0.000000
vn -0.100000 0.000000 0.000000
vn -0.100000 0.000000 0.000000
vn -0.100000 0.000000 0.000000
vn -0.100000 0.000000 0.000000
vn -0.100000 0.000000 0.000000
vn -0.100000 0.000000 0.000000
vn -0.100000 0.000000 0.000000
vn -0.100000 0.000000 0.000000
vn -0.100000 0.000000 0.000000
vn -0.100000 0.000000 0.000000
vn -0.100000 0.000000 0.000000
vn -0.100000 0.000000 0.000000
vn -0.100000 0.000000 0.000000
vn -0.100000 0.000000 0.000000
vn -0.100000 0.000000 0.000000
vn -0.100000 0.000000 0.000000
vn -0.100000 0.000000 0.000000
vn -0.100000 0.000000 0.000000
vn -0.100000 0.000000 0.000000
vn -0.100000 0.000000 0.000000
vn -0.100000 0.000000 0.000000
vn -0.100000 0.000000 0.000000
vn -0.100000 0.000000 0.000000
vn -0.100000 0.000000 0.000000
vn -0.100000 0.000000 0.000000
vn -0.100000 0.000000 0.000000
vn -0.100000 0.000000 0.000000
vn -0.100000 0.000000 0.000000
vn -0.100000 0.000000 0.000000
vn -0.100000 0.000000 0.000000
vn -0.100000 0.000000 0.000000
vn -0.100000 0.000000 0.000000
vn -0.100000 0.000000 0.000000
vn -0.100000 0.000000 0.000000
vn -0.100000 0.000000 0.000000
vn -0.100000 0.000000 0.000000
vn -0.100000 0.000000 0.000000
vn -0.100000 0.000000 0.000000
vn -0.100000 0.000000 0.000000
vn -0.100000 0.000000 0.000000
vn -0.100000 0.000000 0.000000
vn -0.100000 0.000000 0.000000
vn -0.100000 0.000000 0.000000
vn -0.100000 0.000000 0.000000
vn -0.100000 0.000000 0.000000
vn -0.100000 0.000000 0.000000
vn -0.100000 0.000000 0.000000
vn -0.100000 0.000000 0.000000
vn -0.100000 0.000000 0.000000
vn -0.100000 0.000000 0.000000
vn -0.100000 0.000000 0.000000
vn -0.100000 0.000000 0.000000
vn -0.100000 0.000000 0.000000
vn -0.100000 0.000000 0.000000
vn -0.100000 0.000000 0.000000
vn -0.100000 0.000000 0.000000
vn -0.100000 0.000000 0.000000
vn -0.100000 0.000000 0.000000
vn -0.100000 0.000000 0.000000
vn -0.100000 0.000000 0.000000
vn -0.100000 0.000000 0.000000
vn -0.100000 0.000000 0.000000
vn -0.100000 0.000000 0.000000
vn -0.100000 0.000000 0.000000
vn -0.100000 0.000000 0.000000
vn -0.100000 0.000000 0.000000
vn -0.100000 0.000000 0.000000
vn -0.100000 0.000000 0.000000
vn -0.100000 0.000000 0.000000
vn -0.100000 0.000000 0.000000
vn -0.100000 0.000000 0.000000
vn -0.100000 0.000000 0.000000
vn -0.100000 0.000000 0.000000
vn -0.100000 0.000000 0.000000
vn -0.100000 0.000000 0.000000
vn -0.100000 0.000000 0.000000
vn -0.100000 0.000000 0.000000
vn -0.100000 0.000000 0.000000
vn -0.100000 0.000000 0.000000
vn -0.100000 0.000000 0.000000
vn -0.100000 0.000000 0.000000
vn -0.100000 0.000000 0.000000
vn -0.100000 0.000000 0.000000
vn -0.100000 0.000000 0.000000
vn -0.100000 0.000000 0.000000
vn -0.100000 0.000000 0.000000
vn -0.100000 0.000000 0.000000
vn -0.100000 0.000000 0.000000
vn -0.100000 0.000000 0.000000
vn -0.100000 0.000000 0.000000
vn -0.100000 0.000000 0.000000
vn -0.100000 0.000000 0.000000
vn -0.100000 0.000000 0.000000
vn -0.100000 0.000000 0.000000
vn -0.100000 0.000000 0.000000
vn -0.100000 0.000000 0.000000
vn -0.100000 0.000000 0.000000
vn -0.100000 0.000000 0.000000
vn -0.100000 0.000000 0.000000
vn -0.100000 0.000000 0.000000
vn -0.100000 0.000000 0.000000
vn -0.100000 0.000000 0.000000
vn -0.100000 0.000000 0.000000
vn -0.100000 0.000000 0.000000
vn -0.100000 0.000000 0.000000
vn -0.100000 0.000000 0.000000
vn -0.100000 0.000000 0.000000
vn -0.100000 0.000000 0.000000
vn -0.100000 0.000000 0.000000
vn -0.100000 0.000000 0.000000
vn -0.100000 0.000000 0.000000
vn -0.100000 0.000000 0.000000
vn -0.100000 0.000000 0.000000
vn -0.100000 0.000000 0.000000
vn -0.100000 0.000000 0.000000
vn -0.100000 0.000000 0.000000
vn -0.100000 0.000000 0.000000
vn -0.100000 0.000000 0.000000
vn -0.100000 0.000000 0.000000
vn -0.100000 0.000000 0.000000
vn -0.100000 0.000000 0.000000
vn -0.100000 0.000000 0.000000
vn -0.100000 0.000000 0.000000
vn -0.100000 0.000000 0.000000
vn -0.100000 0.000000 0.000000
vn -0.100000 0.000000 0.000000
vn -0.100000 0.000000 0.000000
vn -0.100000 0.000000 0.000000
vn -0.100000 0.000000 0.000000
vn -0.100000 0.000000 0.000000
vn -0.100000 0.000000 0.000000
vn -0.100000 0.000000 0.000000
vn -0.100000 0.000000 0.000000
vn -0.100000 0.000000 0.000000
vn -0.100000 0.000000 0.000000
vn -0.100000 0.000000 0.000000
vn -0.100000 0.000000 0.000000
vn -0.100000 0.000000 0.000000
vn -0.100000 0.000000 0.000000
vn -0.100000 0.000000 0.000000
vn -0.100000 0.000000 0.000000
vn -0.100000 0.000000 0.000000
vn -0.100000 0.000000 0.000000
vn -0.100000 0.000000 0.000000
vn -0.100000 0.000000 0.000000
vn -0.100000 0.000000 0.000000
vn -0.100000 0.000000 0.000000
vn -0.100000 0.000000 0.000000
vn -0.100000 0.000000 0.000000
vn -0.100000 0.000000 0.000000
vn -0.100000 0.000000 0.000000
vn -0.100000 0.000000 0.000000
vn -0.100000 0.000000 0.000000
vn -0.100000 0.000000 0.000000
vn -0.100000 0.000000 0.000000
vn -0.100000 0.000000 0.000000
vn -0.100000 0.000000 0.000000
vn -0.100000 0.000000 0.000000
vn -0.100000 0.000000 0.000000
vn -0.100000 0.000000 0.000000
vn -0.100000 0.000000 0.000000
vn -0.100000 0.000000 0.000000
vn -0.100000 0.000000 0.000000
vn -0.100000 0.000000 0.000000
vn -0.100000 0.000000 0.000000
vn -0.100000 0.000000 0.000000
vn -0.100000 0.000000 0.000000
vn -0.100000 0.000000 0.000000
vn -0.100000 0.000000 0.000000
vn -0.100000 0.000000 0.000000
vn -0.100000 0.000000 0.000000
vn -0.100000 0.000000 0.000000
vn -0.100000 0.000000 0.000000
vn -0.100000 0.000000 0.000000
vn -0.100000 0.000000 0.000000
vn -0.100000 0.000000 0.000000
vn -0.100000 0.000000 0.000000
vn -0.000000 0.000000 -0.100000
vn -0.000000 0.000000 -0.100000
vn -0.000000 0.000000 -0.100000
vn -0.000000 0.000000 -0.100000
vn -0.000000 0.086603 -0.050000
vn -0.000000 0.086603 -0.050000
vn -0.000000 0.086603 -0.050000
vn -0.000000 0.086603 -0.050000
vn 0.000000 0.086603 0.050000
vn 0.000000 0.086603 0.050000
vn 0.000000 0.086603 0.050000
vn 0.000000 0.086603 0.050000
vn 0.000000 0.000000 0.100000
vn 0.000000 0.000000 0.100000
vn 0.000000 0.000000 0.100000
vn 0.000000 0.000000 0.100000
vn 0.000000 -0.086603 0.050000
vn 0.000000 -0.086603 0.050000
vn 0.000000 -0.086603 0.050000
vn 0.000000 -0.086603 0.050000
vn 0.000000 -0.086603 -0.050000
vn 0.000000 -0.086603 -0.050000
vn 0.000000 -0.086603 -0.050000
vn 0.000000 -0.086603 -0.050000
vn 0.000000 0.086603 0.050000
vn 0.000000 0.086603 0.050000
vn 0.000000 0.086603 0.050000
vn 0.000000 0.086603 0.050000
vn 0.000000 -0.000000 0.100000
vn 0.000000 -0.000000 0.100000
vn 0.000000 -0.000000 0.100000
vn 0.000000 -0.000000 0.100000
vn 0.000000 -0.100000 0.000000
vn 0.000000 -0.100000 0.000000
vn 0.000000 -0.100000 0.000000
vn 0.000000 -0.100000 0.000000
vn 0.000000 0.000000 -0.100000
vn 0.000000 0.000000 -0.100000
vn 0.000000 0.000000 -0.100000
vn 0.000000 0.000000 -0.100000
vn -0.000000 0.086603 -0.050000
vn -0.000000 0.086603 -0.050000
vn -0.000000 0.086603 -0.050000
vn -0.000000 0.086603 -0.050000
vn 0.000000 0.000000 0.100000
vn 0.000000 0.000000 0.100000
vn 0.000000 0.000000 0.100000
vn 0.000000 0.000000 0.100000
vn 0.000000 0.086603 0.050000
vn 0.000000 0.086603 0.050000
vn 0.000000 0.086603 0.050000
vn 0.000000 0.086603 0.050000
vn -0.000000 0.086603 -0.050000
vn -0.000000 0.086603 -0.050000
vn -0.000000 0.086603 -0.050000
vn -0.000000 0.086603 -0.050000
vn 0.000000 -0.086603 0.050000
vn 0.000000 -0.086603 0.050000
vn 0.000000 -0.086603 0.050000
vn 0.000000 -0.086603 0.050000
vn 0.000000 -0.086603 -0.050000
vn 0.000000 -0.086603 -0.050000
vn 0.000000 -0.086603 -0.050000
vn 0.000000 -0.086603 -0.050000
vn -0.000000 0.000000 -0.100000
vn -0.000000 0.000000 -0.100000
vn -0.000000 0.000000 -0.100000
vn -0.000000 0.000000 -0.100000
vn -0.000000 0.086603 -0.050000
vn -0.000000 0.086603 -0.050000
vn -0.000000 0.086603 -0.050000
vn -0.000000 0.086603 -0.050000
vn 0.000000 0.000000 0.100000
vn 0.000000 0.000000 0.100000
vn 0.000000 0.000000 0.100000
vn 0.000000 0.000000 0.100000
vn 0.000000 -0.086603 -0.050000
vn 0.000000 -0.086603 -0.050000
vn 0.000000 -0.086603 -0.050000
vn 0.000000 -0.086603 -0.050000
vn -0.000000 0.086603 -0.050000
vn -0.000000 0.086603 -0.050000
vn -0.000000 0.086603 -0.050000
vn -0.000000 0.086603 -0.050000
vn 0.000000 0.086603 0.050000
vn 0.000000 0.086603 0.050000
vn 0.000000 0.086603 0.050000
vn 0.000000 0.086603 0.050000
vn 0.000000 0.000000 0.100000
vn 0.000000 0.000000 0.100000
vn 0.000000 0.000000 0.100000
vn 0.000000 0.000000 0.100000
vn 0.000000 -0.086603 0.050000
vn 0.000000 -0.086603 0.050000
vn 0.000000 -0.086603 0.050000
vn 0.000000 -0.086603 0.050000
vn -0.000000 0.086603 -0.050000
vn -0.000000 0.086603 -0.050000
vn -0.000000 0.086603 -0.050000
vn -0.000000 0.086603 -0.050000
vn 0.000000 0.086603 0.050000
vn 0.000000 0.086603 0.050000
vn 0.000000 0.086603 0.050000
vn 0.000000 0.086603 0.050000
vn 0.000000 -0.000000 0.100000
vn 0.000000 -0.000000 0.100000
vn 0.000000 -0.000000 0.100000
vn 0.000000 -0.000000 0.100000
vn 0.000000 -0.086603 0.050000
vn 0.000000 -0.086603 0.050000
vn 0.000000 -0.086603 0.050000
vn 0.000000 -0.086603 0.050000
vn 0.000000 -0.086603 -0.050000
vn 0.000000 -0.086603 -0.050000
vn 0.000000 -0.086603 -0.050000
vn 0.000000 -0.086603 -0.050000
vn 0.000000 0.000000 -0.100000
vn 0.000000 0.000000 -0.100000
vn 0.000000 0.000000 -0.100000
vn 0.000000 0.000000 -0.100000
vn -0.000000 0.000000 -0.100000
vn -0.000000 0.000000 -0.100000
vn -0.000000 0.000000 -0.100000
vn -0.000000 0.000000 -0.100000
vn -0.000000 0.086603 -0.050000
vn -0.000000 0.086603 -0.050000
vn -0.000000 0.086603 -0.050000
vn -0.000000 0.086603 -0.050000
vn 0.000000 0.086603 0.050000
vn 0.000000 0.086603 0.050000
vn 0.000000 0.086603 0.050000
vn 0.000000 0.086603 0.050000
vn 0.000000 -0.000000 0.100000
vn 0.000000 -0.000000 0.100000
vn 0.000000 -0.000000 0.100000
vn 0.000000 -0.000000 0.100000
vn 0.000000 -0.086603 0.050000
vn 0.000000 -0.086603 0.050000
vn 0.000000 -0.086603 0.050000
vn 0.000000 -0.086603 0.050000
vn 0.000000 -0.086603 -0.050000
vn 0.000000 -0.086603 -0.050000
vn 0.000000 -0.086603 -0.050000
vn 0.000000 -0.086603 -0.050000
vn 0.000000 0.000000 0.100000
vn 0.000000 0.000000 0.100000
vn 0.000000 0.000000 0.100000
vn 0.000000 0.000000 0.100000
vn 0.000000 0.086603 0.050000
vn 0.000000 0.086603 0.050000
vn 0.000000 0.086603 0.050000
vn 0.000000 0.086603 0.050000
vn -0.000000 0.086603 -0.050000
vn -0.000000 0.086603 -0.050000
vn -0.000000 0.086603 -0.050000
vn -0.000000 0.086603 -0.050000
vn 0.000000 -0.086603 0.050000
vn 0.000000 -0.086603 0.050000
vn 0.000000 -0.086603 0.050000
vn 0.000000 -0.086603 0.050000
vn 0.000000 -0.086603 -0.050000
vn 0.000000 -0.086603 -0.050000
vn 0.000000 -0.086603 -0.050000
vn 0.000000 -0.086603 -0.050000
vn 0.000000 -0.086603 0.050000
vn 0.000000 -0.086603 0.050000
vn 0.000000 -0.086603 0.050000
vn 0.000000 -0.086603 0.050000
vn 0.000000 -0.086603 -0.050000
vn 0.000000 -0.086603 -0.050000
vn 0.000000 -0.086603 -0.050000
vn 0.000000 -0.086603 -0.050000
vn 0.000000 0.000000 -0.100000
vn 0.000000 0.000000 -0.100000
vn 0.000000 0.000000 -0.100000
vn 0.000000 0.000000 -0.100000
vn -0.000000 0.086603 -0.050000
vn -0.000000 0.086603 -0.050000
vn -0.000000 0.086603 -0.050000
vn -0.000000 0.086603 -0.050000
vn 0.000000 0.086603 0.050000
vn 0.000000 0.086603 0.050000
vn 0.000000 0.086603 0.050000
vn 0.000000 0.086603 0.050000
vn 0.000000 -0.000000 0.100000
vn 0.000000 -0.000000 0.100000
vn 0.000000 -0.000000 0.100000
vn 0.000000 -0.000000 0.100000
vn 0.000000 -0.086603 -0.050000
vn 0.000000 -0.086603 -0.050000
vn 0.000000 -0.086603 -0.050000
vn 0.000000 -0.086603 -0.050000
vn 0.000000 0.000000 -0.100000
vn 0.000000 0.000000 -0.100000
vn 0.000000 0.000000 -0.100000
vn 0.000000 0.000000 -0.100000
vn 0.000000 0.100000 0.000000
vn 0.000000 0.100000 0.000000
vn 0.000000 0.100000 0.000000
vn 0.000000 0.100000 0.000000
vn 0.000000 -0.000000 0.100000
vn 0.000000 -0.000000 0.100000
vn 0.000000 -0.000000 0.100000
vn 0.000000 -0.000000 0.100000
vn 0.000000 -0.086603 0.050000
vn 0.000000 -0.086603 0.050000
vn 0.000000 -0.086603 0.050000
vn 0.000000 -0.086603 0.050000
vn 0.000000 -0.086603 0.050000
vn 0.000000 -0.086603 0.050000
vn 0.000000 -0.086603 0.050000
vn 0.000000 -0.086603 0.050000
vn 0.000000 -0.086603 -0.050000
vn 0.000000 -0.086603 -0.050000
vn 0.000000 -0.086603 -0.050000
vn 0.000000 -0.086603 -0.050000
vn -0.000000 0.000000 -0.100000
vn -0.000000 0.000000 -0.100000
vn -0.000000 0.000000 -0.100000
vn -0.000000 0.000000 -0.100000
vn -0.000000 0.086603 -0.050000
vn -0.000000 0.086603 -0.050000
vn -0.000000 0.086603 -0.050000
vn -0.000000 0.086603 -0.050000
vn 0.000000 0.086603 0.050000
vn 0.000000 0.086603 0.050000
vn 0.000000 0.086603 0.050000
vn 0.000000 0.086603 0.050000
vn 0.000000 -0.000000 0.100000
vn 0.000000 -0.000000 0.100000
vn 0.000000 -0.000000 0.100000
vn 0.000000 -0.000000 0.100000
vn 0.000000 0.086603 0.050000
vn 0.000000 0.086603 0.050000
vn 0.000000 0.086603 0.050000
vn 0.000000 0.086603 0.050000
vn 0.000000 0.000000 0.100000
vn 0.000000 0.000000 0.100000
vn 0.000000 0.000000 0.100000
vn 0.000000 0.000000 0.100000
vn 0.000000 -0.086603 0.050000
vn 0.000000 -0.086603 0.050000
vn 0.000000 -0.086603 0.050000
vn 0.000000 -0.086603 0.050000
vn 0.000000 -0.086603 -0.050000
vn 0.000000 -0.086603 -0.050000
vn 0.000000 -0.086603 -0.050000
vn 0.000000 -0.086603 -0.050000
vn 0.000000 0.086603 0.050000
vn 0.000000 0.086603 0.050000
vn 0.000000 0.086603 0.050000
vn 0.000000 0.086603 0.050000
vn 0.000000 -0.000000 0.100000
vn 0.000000 -0.000000 0.100000
vn 0.000000 -0.000000 0.100000
vn 0.000000 -0.000000 0.100000
vn 0.000000 -0.086603 0.050000
vn 0.000000 -0.086603 0.050000
vn 0.000000 -0.086603 0.050000
vn 0.000000 -0.086603 0.050000
vn 0.000000 -0.086603 -0.050000
vn 0.000000 -0.086603 -0.050000
vn 0.000000 -0.086603 -0.050000
vn 0.000000 -0.086603 -0.050000
vn 0.000000 0.000000 -0.100000
vn 0.000000 0.000000 -0.100000
vn 0.000000 0.000000 -0.100000
vn 0.000000 0.000000 -0.100000
vn -0.000000 0.086603 -0.050000
vn -0.000000 0.086603 -0.050000
vn -0.000000 0.086603 -0.050000
vn -0.000000 0.086603 -0.050000
vn 0.000000 0.000000 0.100000
vn 0.000000 0.000000 0.100000
vn 0.000000 0.000000 0.100000
vn 0.000000 0.000000 0.100000
vn 0.000000 0.086603 0.050000
vn 0.000000 0.086603 0.050000
vn 0.000000 0.086603 0.050000
vn 0.000000 0.086603 0.050000
vn -0.000000 0.086603 -0.050000
vn -0.000000 0.086603 -0.050000
vn -0.000000 0.086603 -0.050000
vn -0.000000 0.086603 -0.050000
vn 0.000000 -0.086603 0.050000
vn 0.000000 -0.086603 0.050000
vn 0.000000 -0.086603 0.050000
vn 0.000000 -0.086603 0.050000
vn 0.000000 -0.086603 -0.050000
vn 0.000000 -0.086603 -0.050000
vn 0.000000 -0.086603 -0.050000
vn 0.000000 -0.086603 -0.050000
vn -0.000000 0.086603 -0.050000
vn -0.000000 0.086603 -0.050000
vn -0.000000 0.086603 -0.050000
vn -0.000000 0.086603 -0.050000
vn 0.000000 0.086603 0.050000
vn 0.000000 0.086603 0.050000
vn 0.000000 0.086603 0.050000
vn 0.000000 0.086603 0.050000
vn 0.000000 -0.000000 0.100000
vn 0.000000 -0.000000 0.100000
vn 0.000000 -0.000000 0.100000
vn 0.000000 -0.000000 0.100000
vn 0.000000 -0.086603 0.050000
vn 0.000000 -0.086603 0.050000
vn 0.000000 -0.086603 0.050000
vn 0.000000 -0.086603 0.050000
vn 0.000000 -0.086603 -0.050000
vn 0.000000 -0.086603 -0.050000
vn 0.000000 -0.086603 -0.050000
vn 0.000000 -0.086603 -0.050000
vn 0.000000 0.000000 -0.100000
vn 0.000000 0.000000 -0.100000
vn 0.000000 0.000000 -0.100000
vn 0.000000 0.000000 -0.100000
vn -0.000000 0.000000 -0.100000
vn -0.000000 0.000000 -0.100000
vn -0.000000 0.000000 -0.100000
vn -0.000000 0.000000 -0.100000
vn -0.000000 0.086603 -0.050000
vn -0.000000 0.086603 -0.050000
vn -0.000000 0.086603 -0.050000
vn -0.000000 0.086603 -0.050000
vn 0.000000 0.000000 0.100000
vn 0.000000 0.000000 0.100000
vn 0.000000 0.000000 0.100000
vn 0.000000 0.000000 0.100000
vn 0.000000 -0.086603 -0.050000
vn 0.000000 -0.086603 -0.050000
vn 0.000000 -0.086603 -0.050000
vn 0.000000 -0.086603 -0.050000
vn -0.000000 0.000000 -0.100000
vn -0.000000 0.000000 -0.100000
vn -0.000000 0.000000 -0.100000
vn -0.000000 0.000000 -0.100000
vn -0.000000 0.086603 -0.050000
vn -0.000000 0.086603 -0.050000
vn -0.000000 0.086603 -0.050000
vn -0.000000 0.086603 -0.050000
vn 0.000000 0.000000 0.100000
vn 0.000000 0.000000 0.100000
vn 0.000000 0.000000 0.100000
vn 0.000000 0.000000 0.100000
vn 0.000000 -0.086603 -0.050000
vn 0.000000 -0.086603 -0.050000
vn 0.000000 -0.086603 -0.050000
vn 0.000000 -0.086603 -0.050000
vn 0.000000 -0.000000 0.100000
vn 0.000000 -0.000000 0.100000
vn 0.000000 -0.000000 0.100000
vn 0.000000 -0.000000 0.100000
vn 0.000000 -0.086603 0.050000
vn 0.000000 -0.086603 0.050000
vn 0.000000 -0.086603 0.050000
vn 0.000000 -0.086603 0.050000
vn 0.000000 -0.086603 -0.050000
vn 0.000000 -0.086603 -0.050000
vn 0.000000 -0.086603 -0.050000
vn 0.000000 -0.086603 -0.050000
vn -0.000000 0.000000 -0.100000
vn -0.000000 0.000000 -0.100000
vn -0.000000 0.000000 -0.100000
vn -0.000000 0.000000 -0.100000
vn -0.000000 0.086603 -0.050000
vn -0.000000 0.086603 -0.050000
vn -0.000000 0.086603 -0.050000
vn -0.000000 0.086603 -0.050000
vn 0.000000 0.086603 0.050000
vn 0.000000 0.086603 0.050000
vn 0.000000 0.086603 0.050000
vn 0.000000 0.086603 0.050000
vn 0.000000 0.000000 -0.100000
vn 0.000000 0.000000 -0.100000
vn 0.000000 0.000000 -0.100000
vn 0.000000 0.000000 -0.100000
vn -0.000000 0.086603 -0.050000
vn -0.000000 0.086603 -0.050000
vn -0.000000 0.086603 -0.050000
vn -0.000000 0.086603 -0.050000
vn 0.000000 0.086603 0.050000
vn 0.000000 0.086603 0.050000
vn 0.000000 0.086603 0.050000
vn 0.000000 0.086603 0.050000
vn 0.000000 0.000000 0.100000
vn 0.000000 0.000000 0.100000
vn 0.000000 0.000000 0.100000
vn 0.000000 0.000000 0.100000
vn 0.000000 -0.086603 0.050000
vn 0.000000 -0.086603 0.050000
vn 0.000000 -0.086603 0.050000
vn 0.000000 -0.086603 0.050000
vn 0.000000 -0.086603 -0.050000
vn 0.000000 -0.086603 -0.050000
vn 0.000000 -0.086603 -0.050000
vn 0.000000 -0.086603 -0.050000
vn 0.000000 0.086603 0.050000
vn 0.000000 0.086603 0.050000
vn 0.000000 0.086603 0.050000
vn 0.000000 0.086603 0.050000
vn 0.000000 -0.000000 0.100000
vn 0.000000 -0.000000 0.100000
vn 0.000000 -0.000000 0.100000
vn 0.000000 -0.000000 0.100000
vn 0.000000 -0.100000 0.000000
vn 0.000000 -0.100000 0.000000
vn 0.000000 -0.100000 0.000000
vn 0.000000 -0.100000 0.000000
vn 0.000000 0.000000 -0.100000
vn 0.000000 0.000000 -0.100000
vn 0.000000 0.000000 -0.100000
vn 0.000000 0.000000 -0.100000
vn -0.000000 0.086603 -0.050000
vn -0.000000 0.086603 -0.050000
vn -0.000000 0.086603 -0.050000
vn -0.000000 0.086603 -0.050000
vn -0.000000 0.000000 -0.100000
vn -0.000000 0.000000 -0.100000
vn -0.000000 0.000000 -0.100000
vn -0.000000 0.000000 -0.100000
vn -0.000000 0.086603 -0.050000
vn -0.000000 0.086603 -0.050000
vn -0.000000 0.086603 -0.050000
vn -0.000000 0.086603 -0.050000
vn 0.000000 0.000000 0.100000
vn 0.000000 0.000000 0.100000
vn 0.000000 0.000000 0.100000
vn 0.000000 0.000000 0.100000
vn 0.000000 -0.086603 -0.050000
vn 0.000000 -0.086603 -0.050000
vn 0.000000 -0.086603 -0.050000
vn 0.000000 -0.086603 -0.050000
vn 0.000000 0.086603 0.050000
vn 0.000000 0.086603 0.050000
vn 0.000000 0.086603 0.050000
vn 0.000000 0.086603 0.050000
vn 0.000000 -0.000000 0.100000
vn 0.000000 -0.000000 0.100000
vn 0.000000 -0.000000 0.100000
vn 0.000000 -0.000000 0.100000
vn 0.000000 -0.086603 0.050000
vn 0.000000 -0.086603 0.050000
vn 0.000000 -0.086603 0.050000
vn 0.000000 -0.086603 0.050000
vn 0.000000 -0.086603 -0.050000
vn 0.000000 -0.086603 -0.050000
vn 0.000000 -0.086603 -0.050000
vn 0.000000 -0.086603 -0.050000
vn 0.000000 0.000000 -0.100000
vn 0.000000 0.000000 -0.100000
vn 0.000000 0.000000 -0.100000
vn 0.000000 0.000000 -0.100000
vn -0.000000 0.086603 -0.050000
vn -0.000000 0.086603 -0.050000
vn -0.000000 0.086603 -0.050000
vn -0.000000 0.086603 -0.050000
vn 0.000000 -0.086603 -0.050000
vn 0.000000 -0.086603 -0.050000
vn 0.000000 -0.086603 -0.050000
vn 0.000000 -0.086603 -0.050000
vn 0.000000 0.000000 -0.100000
vn 0.000000 0.000000 -0.100000
vn 0.000000 0.000000 -0.100000
vn 0.000000 0.000000 -0.100000
vn -0.000000 0.086603 -0.050000
vn -0.000000 0.086603 -0.050000
vn -0.000000 0.086603 -0.050000
vn -0.000000 0.086603 -0.050000
vn 0.000000 0.086603 0.050000
vn 0.000000 0.086603 0.050000
vn 0.000000 0.086603 0.050000
vn 0.000000 0.086603 0.050000
vn 0.000000 -0.000000 0.100000
vn 0.000000 -0.000000 0.100000
vn 0.000000 -0.000000 0.100000
vn 0.000000 -0.000000 0.100000
vn 0.000000 -0.086603 0.050000
vn 0.000000 -0.086603 0.050000
vn 0.000000 -0.086603 0.050000
vn 0.000000 -0.086603 0.050000
vn 0.000000 -0.086603 -0.050000
vn 0.000000 -0.086603 -0.050000
vn 0.000000 -0.086603 -0.050000
vn 0.000000 -0.086603 -0.050000
vn -0.000000 0.000000 -0.100000
vn -0.000000 0.000000 -0.100000
vn -0.000000 0.000000 -0.100000
vn -0.000000 0.000000 -0.100000
vn -0.000000 0.086603 -0.050000
vn -0.000000 0.086603 -0.050000
vn -0.000000 0.086603 -0.050000
vn -0.000000 0.086603 -0.050000
vn 0.000000 0.086603 0.050000
vn 0.000000 0.086603 0.050000
vn 0.000000 0.086603 0.050000
vn 0.000000 0.086603 0.050000
vn 0.000000 -0.000000 0.100000
vn 0.000000 -0.000000 0.100000
vn 0.000000 -0.000000 0.100000
vn 0.000000 -0.000000 0.100000
vn 0.000000 -0.086603 0.050000
vn 0.000000 -0.086603 0.050000
vn 0.000000 -0.086603 0.050000
vn 0.000000 -0.086603 0.050000
vn -0.000000 0.000000 -0.100000
vn -0.000000 0.000000 -0.100000
vn -0.000000 0.000000 -0.100000
vn -0.000000 0.000000 -0.100000
vn -0.000000 0.086603 -0.050000
vn -0.000000 0.086603 -0.050000
vn -0.000000 0.086603 -0.050000
vn -0.000000 0.086603 -0.050000
vn 0.000000 0.000000 0.100000
vn 0.000000 0.000000 0.100000
vn 0.000000 0.000000 0.100000
vn 0.000000 0.000000 0.100000
vn 0.000000 -0.086603 -0.050000
vn 0.000000 -0.086603 -0.050000
vn 0.000000 -0.086603 -0.050000
vn 0.000000 -0.086603 -0.050000
vn 0.000000 -0.086603 -0.050000
vn 0.000000 -0.086603 -0.050000
vn 0.000000 -0.086603 -0.050000
vn 0.000000 -0.086603 -0.050000
vn -0.000000 0.000000 -0.100000
vn -0.000000 0.000000 -0.100000
vn -0.000000 0.000000 -0.100000
vn -0.000000 0.000000 -0.100000
vn -0.000000 0.086603 -0.050000
vn -0.000000 0.086603 -0.050000
vn -0.000000 0.086603 -0.050000
vn -0.000000 0.086603 -0.050000
vn 0.000000 0.086603 0.050000
vn 0.000000 0.086603 0.050000
vn 0.000000 0.086603 0.050000
vn 0.000000 0.086603 0.050000
vn 0.000000 -0.000000 0.100000
vn 0.000000 -0.000000 0.100000
vn 0.000000 -0.000000 0.100000
vn 0.000000 -0.000000 0.100000
vn 0.000000 -0.086603 0.050000
vn 0.000000 -0.086603 0.050000
vn 0.000000 -0.086603 0.050000
vn 0.000000 -0.086603 0.050000
vn 0.000000 -0.086603 -0.050000
vn 0.000000 -0.086603 -0.050000
vn 0.000000 -0.086603 -0.050000
vn 0.000000 -0.086603 -0.050000
vn 0.000000 0.000000 -0.100000
vn 0.000000 0.000000 -0.100000
vn 0.000000 0.000000 -0.100000
vn 0.000000 0.000000 -0.100000
vn -0.000000 0.086603 -0.050000
vn -0.000000 0.086603 -0.050000
vn -0.000000 0.086603 -0.050000
vn -0.000000 0.086603 -0.050000
vn 0.000000 0.086603 0.050000
vn 0.000000 0.086603 0.050000
vn 0.000000 0.086603 0.050000
vn 0.000000 0.086603 0.050000
vn 0.000000 0.000000 0.100000
vn 0.000000 0.000000 0.100000
vn 0.000000 0.000000 0.100000
vn 0.000000 0.000000 0.100000
vn 0.000000 -0.086603 0.050000
vn 0.000000 -0.086603 0.050000
vn 0.000000 -0.086603 0.050000
vn 0.000000 -0.086603 0.050000
vn -0.000000 0.000000 -0.100000
vn -0.000000 0.000000 -0.100000
vn -0.000000 0.000000 -0.100000
vn -0.000000 0.000000 -0.100000
vn -0.000000 0.086603 -0.050000
vn -0.000000 0.086603 -0.050000
vn -0.000000 0.086603 -0.050000
vn -0.000000 0.086603 -0.050000
vn 0.000000 0.086603 0.050000
vn 0.000000 0.086603 0.050000
vn 0.000000 0.086603 0.050000
vn 0.000000 0.086603 0.050000
vn 0.000000 -0.000000 0.100000
vn 0.000000 -0.000000 0.100000
vn 0.000000 -0.000000 0.100000
vn 0.000000 -0.000000 0.100000
vn 0.000000 -0.086603 0.050000
vn 0.000000 -0.086603 0.050000
vn 0.000000 -0.086603 0.050000
vn 0.000000 -0.086603 0.050000
vn 0.000000 -0.086603 -0.050000
vn 0.000000 -0.086603 -0.050000
vn 0.000000 -0.086603 -0.050000
vn 0.000000 -0.086603 -0.050000
vn 0.000000 0.000000 0.100000
vn 0.000000 0.000000 0.100000
vn 0.000000 0.000000 0.100000
vn 0.000000 0.000000 0.100000
vn 0.000000 0.086603 0.050000
vn 0.000000 0.086603 0.050000
vn 0.000000 0.086603 0.050000
vn 0.000000 0.086603 0.050000
vn -0.000000 0.086603 -0.050000
vn -0.000000 0.086603 -0.050000
vn -0.000000 0.086603 -0.050000
vn -0.000000 0.086603 -0.050000
vn 0.000000 -0.086603 0.050000
vn 0.000000 -0.086603 0.050000
vn 0.000000 -0.086603 0.050000
vn 0.000000 -0.086603 0.050000
vn 0.000000 -0.086603 -0.050000
vn 0.000000 -0.086603 -0.050000
vn 0.000000 -0.086603 -0.050000
vn 0.000000 -0.086603 -0.050000
vn 0.000000 0.100000 0.000000
vn 0.000000 0.100000 0.000000
vn 0.000000 0.100000 0.000000
vn 0.000000 0.100000 0.000000
vn 0.000000 0.000000 0.100000
vn 0.000000 0.000000 0.100000
vn 0.000000 0.000000 0.100000
vn 0.000000 0.000000 0.100000
vn 0.000000 -0.086603 0.050000
vn 0.000000 -0.086603 0.050000
vn 0.000000 -0.086603 0.050000
vn 0.000000 -0.086603 0.050000
vn 0.000000 0.000000 0.100000
vn 0.000000 0.000000 0.100000
vn 0.000000 0.000000 0.100000
vn 0.000000 0.000000 0.100000
vn 0.000000 0.100000 0.000000
vn 0.000000 0.100000 0.000000
vn 0.000000 0.100000 0.000000
vn 0.000000 0.100000 0.000000
vn 0.000000 -0.086603 0.050000
vn 0.000000 -0.086603 0.050000
vn 0.000000 -0.086603 0.050000
vn 0.000000 -0.086603 0.050000
vn 0.000000 -0.086603 -0.050000
vn 0.000000 -0.086603 -0.050000
vn 0.000000 -0.086603 -0.050000
vn 0.000000 -0.086603 -0.050000
vn -0.000000 0.000000 -0.100000
vn -0.000000 0.000000 -0.100000
vn -0.000000 0.000000 -0.100000
vn -0.000000 0.000000 -0.100000
vn -0.000000 0.086603 -0.050000
vn -0.000000 0.086603 -0.050000
vn -0.000000 0.086603 -0.050000
vn -0.000000 0.086603 -0.050000
vn 0.000000 0.000000 0.100000
vn 0.000000 0.000000 0.100000
vn 0.000000 0.000000 0.100000
vn 0.000000 0.000000 0.100000
vn 0.000000 -0.086603 -0.050000
vn 0.000000 -0.086603 -0.050000
vn 0.000000 -0.086603 -0.050000
vn 0.000000 -0.086603 -0.050000
vn -0.000000 0.000000 -0.100000
vn -0.000000 0.000000 -0.100000
vn -0.000000 0.000000 -0.100000
vn -0.000000 0.000000 -0.100000
vn -0.000000 0.086603 -0.050000
vn -0.000000 0.086603 -0.050000
vn -0.000000 0.086603 -0.050000
vn -0.000000 0.086603 -0.050000
vn 0.000000 0.086603 0.050000
vn 0.000000 0.086603 0.050000
vn 0.000000 0.086603 0.050000
vn 0.000000 0.086603 0.050000
vn 0.000000 -0.000000 0.100000
vn 0.000000 -0.000000 0.100000
vn 0.000000 -0.000000 0.100000
vn 0.000000 -0.000000 0.100000
vn 0.000000 -0.086603 0.050000
vn 0.000000 -0.086603 0.050000
vn 0.000000 -0.086603 0.050000
vn 0.000000 -0.086603 0.050000
vn 0.000000 -0.086603 -0.050000
vn 0.000000 -0.086603 -0.050000
vn 0.000000 -0.086603 -0.050000
vn 0.000000 -0.086603 -0.050000
vn 0.000000 -0.086603 -0.050000
vn 0.000000 -0.086603 -0.050000
vn 0.000000 -0.086603 -0.050000
vn 0.000000 -0.086603 -0.050000
vn 0.000000 0.000000 -0.100000
vn 0.000000 0.000000 -0.100000
vn 0.000000 0.000000 -0.100000
vn 0.000000 0.000000 -0.100000
vn -0.000000 0.086603 -0.050000
vn -0.000000 0.086603 -0.050000
vn -0.000000 0.086603 -0.050000
vn -0.000000 0.086603 -0.050000
vn 0.000000 0.086603 0.050000
vn 0.000000 0.086603 0.050000
vn 0.000000 0.086603 0.050000
vn 0.000000 0.086603 0.050000
vn 0.000000 -0.000000 0.100000
vn 0.000000 -0.000000 0.100000
vn 0.000000 -0.000000 0.100000
vn 0.000000 -0.000000 0.100000
vn 0.000000 -0.086603 0.050000
vn 0.000000 -0.086603 0.050000
vn 0.000000 -0.086603 0.050000
vn 0.000000 -0.086603 0.050000
vn 0.000000 0.000000 0.100000
vn 0.000000 0.000000 0.100000
vn 0.000000 0.000000 0.100000
vn 0.000000 0.000000 0.100000
vn 0.000000 0.086603 0.050000
vn 0.000000 0.086603 0.050000
vn 0.000000 0.086603 0.050000
vn 0.000000 0.086603 0.050000
vn -0.000000 0.086603 -0.050000
vn -0.000000 0.086603 -0.050000
vn -0.000000 0.086603 -0.050000
vn -0.000000 0.086603 -0.050000
vn 0.000000 -0.086603 0.050000
vn 0.000000 -0.086603 0.050000
vn 0.000000 -0.086603 0.050000
vn 0.000000 -0.086603 0.050000
vn 0.000000 -0.086603 -0.050000
vn 0.000000 -0.086603 -0.050000
vn 0.000000 -0.086603 -0.050000
vn 0.000000 -0.086603 -0.050000
vn -0.000000 0.000000 -0.100000
vn -0.000000 0.000000 -0.100000
vn -0.000000 0.000000 -0.100000
vn -0.000000 0.000000 -0.100000
vn -0.000000 0.086603 -0.050000
vn -0.000000 0.086603 -0.050000
vn -0.000000 0.086603 -0.050000
vn -0.000000 0.086603 -0.050000
vn 0.000000 0.086603 0.050000
vn 0.000000 0.086603 0.050000
vn 0.000000 0.086603 0.050000
vn 0.000000 0.086603 0.050000
vn 0.000000 0.000000 0.100000
vn 0.000000 0.000000 0.100000
vn 0.000000 0.000000 0.100000
vn 0.000000 0.000000 0.100000
vn 0.000000 -0.086603 0.050000
vn 0.000000 -0.086603 0.050000
vn 0.000000 -0.086603 0.050000
vn 0.000000 -0.086603 0.050000
vn 0.000000 -0.086603 -0.050000
vn 0.000000 -0.086603 -0.050000
vn 0.000000 -0.086603 -0.050000
vn 0.000000 -0.086603 -0.050000
vn 0.000000 0.086603 0.050000
vn 0.000000 0.086603 0.050000
vn 0.000000 0.086603 0.050000
vn 0.000000 0.086603 0.050000
vn 0.000000 0.000000 0.100000
vn 0.000000 0.000000 0.100000
vn 0.000000 0.000000 0.100000
vn 0.000000 0.000000 0.100000
vn 0.000000 -0.086603 0.050000
vn 0.000000 -0.086603 0.050000
vn 0.000000 -0.086603 0.050000
vn 0.000000 -0.086603 0.050000
vn 0.000000 -0.086603 -0.050000
vn 0.000000 -0.086603 -0.050000
vn 0.000000 -0.086603 -0.050000
vn 0.000000 -0.086603 -0.050000
vn 0.000000 -0.086603 0.050000
vn 0.000000 -0.086603 0.050000
vn 0.000000 -0.086603 0.050000
vn 0.000000 -0.086603 0.050000
vn 0.000000 -0.086603 -0.050000
vn 0.000000 -0.086603 -0.050000
vn 0.000000 -0.086603 -0.050000
vn 0.000000 -0.086603 -0.050000
vn 0.000000 0.000000 -0.100000
vn 0.000000 0.000000 -0.100000
vn 0.000000 0.000000 -0.100000
vn 0.000000 0.000000 -0.100000
vn -0.000000 0.086603 -0.050000
vn -0.000000 0.086603 -0.050000
vn -0.000000 0.086603 -0.050000
vn -0.000000 0.086603 -0.050000
vn 0.000000 0.086603 0.050000
vn 0.000000 0.086603 0.050000
vn 0.000000 0.086603 0.050000
vn 0.000000 0.086603 0.050000
vn 0.000000 0.000000 0.100000
vn 0.000000 0.000000 0.100000
vn 0.000000 0.000000 0.100000
vn 0.000000 0.000000 0.100000
vn -0.000000 0.000000 -0.100000
vn -0.000000 0.000000 -0.100000
vn -0.000000 0.000000 -0.100000
vn -0.000000 0.000000 -0.100000
vn -0.000000 0.086603 -0.050000
vn -0.000000 0.086603 -0.050000
vn -0.000000 0.086603 -0.050000
vn -0.000000 0.086603 -0.050000
vn 0.000000 0.086603 0.050000
vn 0.000000 0.086603 0.050000
vn 0.000000 0.086603 0.050000
vn 0.000000 0.086603 0.050000
vn 0.000000 -0.000000 0.100000
vn 0.000000 -0.000000 0.100000
vn 0.000000 -0.000000 0.100000
vn 0.000000 -0.000000 0.100000
vn 0.000000 -0.086603 0.050000
vn 0.000000 -0.086603 0.050000
vn 0.000000 -0.086603 0.050000
vn 0.000000 -0.086603 0.050000
vn 0.000000 -0.086603 -0.050000
vn 0.000000 -0.086603 -0.050000
vn 0.000000 -0.086603 -0.050000
vn 0.000000 -0.086603 -0.050000
vn 0.000000 -0.086603 -0.050000
vn 0.000000 -0.086603 -0.050000
vn 0.000000 -0.086603 -0.050000
vn 0.000000 -0.086603 -0.050000
vn -0.000000 0.000000 -0.100000
vn -0.000000 0.000000 -0.100000
vn -0.000000 0.000000 -0.100000
vn -0.000000 0.000000 -0.100000
vn -0.000000 0.086603 -0.050000
vn -0.000000 0.086603 -0.050000
vn -0.000000 0.086603 -0.050000
vn -0.000000 0.086603 -0.050000
vn 0.000000 0.086603 0.050000
vn 0.000000 0.086603 0.050000
vn 0.000000 0.086603 0.050000
vn 0.000000 0.086603 0.050000
vn 0.000000 -0.000000 0.100000
vn 0.000000 -0.000000 0.100000
vn 0.000000 -0.000000 0.100000
vn 0.000000 -0.000000 0.100000
vn 0.000000 -0.086603 0.050000
vn 0.000000 -0.086603 0.050000
vn 0.000000 -0.086603 0.050000
vn 0.000000 -0.086603 0.050000
vn -0.000000 0.086603 -0.050000
vn -0.000000 0.086603 -0.050000
vn -0.000000 0.086603 -0.050000
vn -0.000000 0.086603 -0.050000
vn 0.000000 0.086603 0.050000
vn 0.000000 0.086603 0.050000
vn 0.000000 0.086603 0.050000
vn 0.000000 0.086603 0.050000
vn 0.000000 0.000000 0.100000
vn 0.000000 0.000000 0.100000
vn 0.000000 0.000000 0.100000
vn 0.000000 0.000000 0.100000
vn 0.000000 -0.100000 0.000000
vn 0.000000 -0.100000 0.000000
vn 0.000000 -0.100000 0.000000
vn 0.000000 -0.100000 0.000000
vn -0.000000 0.000000 -0.100000
vn -0.000000 0.000000 -0.100000
vn -0.000000 0.000000 -0.100000
vn -0.000000 0.000000 -0.100000
vn 0.000000 -0.086603 -0.050000
vn 0.000000 -0.086603 -0.050000
vn 0.000000 -0.086603 -0.050000
vn 0.000000 -0.086603 -0.050000
vn 0.000000 -0.086603 0.050000
vn 0.000000 -0.086603 0.050000
vn 0.000000 -0.086603 0.050000
vn 0.000000 -0.086603 0.050000
vn 0.000000 -0.000000 0.100000
vn 0.000000 -0.000000 0.100000
vn 0.000000 -0.000000 0.100000
vn 0.000000 -0.000000 0.100000
vn -0.000000 0.100000 -0.000000
vn -0.000000 0.100000 -0.000000
vn -0.000000 0.100000 -0.000000
vn -0.000000 0.100000 -0.000000
vn 0.000000 0.000000 -0.100000
vn 0.000000 0.000000 -0.100000
vn 0.000000 0.000000 -0.100000
vn 0.000000 0.000000 -0.100000
vn 0.000000 -0.086603 -0.050000
vn 0.000000 -0.086603 -0.050000
vn 0.000000 -0.086603 -0.050000
vn 0.000000 -0.086603 -0.050000
vn 0.000000 -0.086603 0.050000
vn 0.000000 -0.086603 0.050000
vn 0.000000 -0.086603 0.050000
vn 0.000000 -0.086603 0.050000
vn 0.000000 0.000000 0.100000
vn 0.000000 0.000000 0.100000
vn 0.000000 0.000000 0.100000
vn 0.000000 0.000000 0.100000
vn 0.000000 0.086603 0.050000
vn 0.000000 0.086603 0.050000
vn 0.000000 0.086603 0.050000
vn 0.000000 0.086603 0.050000
vn -0.000000 0.086603 -0.050000
vn -0.000000 0.086603 -0.050000
vn -0.000000 0.086603 -0.050000
vn -0.000000 0.086603 -0.050000
vn 0.000000 0.000000 -0.100000
vn 0.000000 0.000000 -0.100000
vn 0.000000 0.000000 -0.100000
vn 0.000000 0.000000 -0.100000
vn 0.000000 -0.086603 0.050000
vn 0.000000 -0.086603 0.050000
vn 0.000000 -0.086603 0.050000
vn 0.000000 -0.086603 0.050000
vn 0.000000 -0.000000 0.100000
vn 0.000000 -0.000000 0.100000
vn 0.000000 -0.000000 0.100000
vn 0.000000 -0.000000 0.100000
vn 0.000000 0.086603 0.050000
vn 0.000000 0.086603 0.050000
vn 0.000000 0.086603 0.050000
vn 0.000000 0.086603 0.050000
vn -0.000000 0.086603 -0.050000
vn -0.000000 0.086603 -0.050000
vn -0.000000 0.086603 -0.050000
vn -0.000000 0.086603 -0.050000
vn 0.000000 0.000000 -0.100000
vn 0.000000 0.000000 -0.100000
vn 0.000000 0.000000 -0.100000
vn 0.000000 0.000000 -0.100000
vn 0.000000 -0.086603 -0.050000
vn 0.000000 -0.086603 -0.050000
vn 0.000000 -0.086603 -0.050000
vn 0.000000 -0.086603 -0.050000
vn 0.000000 0.000000 -0.100000
vn 0.000000 0.000000 -0.100000
vn 0.000000 0.000000 -0.100000
vn 0.000000 0.000000 -0.100000
vn 0.000000 -0.086603 -0.050000
vn 0.000000 -0.086603 -0.050000
vn 0.000000 -0.086603 -0.050000
vn 0.000000 -0.086603 -0.050000
vn 0.000000 -0.086603 0.050000
vn 0.000000 -0.086603 0.050000
vn 0.000000 -0.086603 0.050000
vn 0.000000 -0.086603 0.050000
vn 0.000000 0.000000 0.100000
vn 0.000000 0.000000 0.100000
vn 0.000000 0.000000 0.100000
vn 0.000000 0.000000 0.100000
vn 0.000000 0.086603 0.050000
vn 0.000000 0.086603 0.050000
vn 0.000000 0.086603 0.050000
vn 0.000000 0.086603 0.050000
vn -0.000000 0.086603 -0.050000
vn -0.000000 0.086603 -0.050000
vn -0.000000 0.086603 -0.050000
vn -0.000000 0.086603 -0.050000
vn 0.000000 0.086603 0.050000
vn 0.000000 0.086603 0.050000
vn 0.000000 0.086603 0.050000
vn 0.000000 0.086603 0.050000
vn -0.000000 0.086603 -0.050000
vn -0.000000 0.086603 -0.050000
vn -0.000000 0.086603 -0.050000
vn -0.000000 0.086603 -0.050000
vn 0.000000 0.000000 -0.100000
vn 0.000000 0.000000 -0.100000
vn 0.000000 0.000000 -0.100000
vn 0.000000 0.000000 -0.100000
vn 0.000000 -0.086603 -0.050000
vn 0.000000 -0.086603 -0.050000
vn 0.000000 -0.086603 -0.050000
vn 0.000000 -0.086603 -0.050000
vn 0.000000 -0.086603 0.050000
vn 0.000000 -0.086603 0.050000
vn 0.000000 -0.086603 0.050000
vn 0.000000 -0.086603 0.050000
vn 0.000000 -0.000000 0.100000
vn 0.000000 -0.000000 0.100000
vn 0.000000 -0.000000 0.100000
vn 0.000000 -0.000000 0.100000
vn 0.000000 0.086603 0.050000
vn 0.000000 0.086603 0.050000
vn 0.000000 0.086603 0.050000
vn 0.000000 0.086603 0.050000
vn -0.000000 0.086603 -0.050000
vn -0.000000 0.086603 -0.050000
vn -0.000000 0.086603 -0.050000
vn -0.000000 0.086603 -0.050000
vn 0.000000 0.000000 -0.100000
vn 0.000000 0.000000 -0.100000
vn 0.000000 0.000000 -0.100000
vn 0.000000 0.000000 -0.100000
vn 0.000000 -0.086603 -0.050000
vn 0.000000 -0.086603 -0.050000
vn 0.000000 -0.086603 -0.050000
vn 0.000000 -0.086603 -0.050000
vn 0.000000 -0.086603 0.050000
vn 0.000000 -0.086603 0.050000
vn 0.000000 -0.086603 0.050000
vn 0.000000 -0.086603 0.050000
vn 0.000000 0.000000 0.100000
vn 0.000000 0.000000 0.100000
vn 0.000000 0.000000 0.100000
vn 0.000000 0.000000 0.100000
vn 0.000000 0.000000 -0.100000
vn 0.000000 0.000000 -0.100000
vn 0.000000 0.000000 -0.100000
vn 0.000000 0.000000 -0.100000
vn 0.000000 -0.086603 -0.050000
vn 0.000000 -0.086603 -0.050000
vn 0.000000 -0.086603 -0.050000
vn 0.000000 -0.086603 -0.050000
vn 0.000000 -0.086603 0.050000
vn 0.000000 -0.086603 0.050000
vn 0.000000 -0.086603 0.050000
vn 0.000000 -0.086603 0.050000
vn 0.000000 -0.000000 0.100000
vn 0.000000 -0.000000 0.100000
vn 0.000000 -0.000000 0.100000
vn 0.000000 -0.000000 0.100000
vn 0.000000 0.086603 0.050000
vn 0.000000 0.086603 0.050000
vn 0.000000 0.086603 0.050000
vn 0.000000 0.086603 0.050000
vn -0.000000 0.086603 -0.050000
vn -0.000000 0.086603 -0.050000
vn -0.000000 0.086603 -0.050000
vn -0.000000 0.086603 -0.050000
vn 0.000000 0.000000 -0.100000
vn 0.000000 0.000000 -0.100000
vn 0.000000 0.000000 -0.100000
vn 0.000000 0.000000 -0.100000
vn 0.000000 -0.086603 -0.050000
vn 0.000000 -0.086603 -0.050000
vn 0.000000 -0.086603 -0.050000
vn 0.000000 -0.086603 -0.050000
vn 0.000000 -0.086603 0.050000
vn 0.000000 -0.086603 0.050000
vn 0.000000 -0.086603 0.050000
vn 0.000000 -0.086603 0.050000
vn 0.000000 0.000000 0.100000
vn 0.000000 0.000000 0.100000
vn 0.000000 0.000000 0.100000
vn 0.000000 0.000000 0.100000
vn 0.000000 0.086603 0.050000
vn 0.000000 0.086603 0.050000
vn 0.000000 0.086603 0.050000
vn 0.000000 0.086603 0.050000
vn -0.000000 0.086603 -0.050000
vn -0.000000 0.086603 -0.050000
vn -0.000000 0.086603 -0.050000
vn -0.000000 0.086603 -0.050000
vn 0.000000 0.086603 0.050000
vn 0.000000 0.086603 0.050000
vn 0.000000 0.086603 0.050000
vn 0.000000 0.086603 0.050000
vn -0.000000 0.086603 -0.050000
vn -0.000000 0.086603 -0.050000
vn -0.000000 0.086603 -0.050000
vn -0.000000 0.086603 -0.050000
vn 0.000000 0.000000 -0.100000
vn 0.000000 0.000000 -0.100000
vn 0.000000 0.000000 -0.100000
vn 0.000000 0.000000 -0.100000
vn 0.000000 -0.086603 -0.050000
vn 0.000000 -0.086603 -0.050000
vn 0.000000 -0.086603 -0.050000
vn 0.000000 -0.086603 -0.050000
vn 0.000000 -0.086603 0.050000
vn 0.000000 -0.086603 0.050000
vn 0.000000 -0.086603 0.050000
vn 0.000000 -0.086603 0.050000
vn 0.000000 -0.000000 0.100000
vn 0.000000 -0.000000 0.100000
vn 0.000000 -0.000000 0.100000
vn 0.000000 -0.000000 0.100000
vn 0.000000 -0.086603 0.050000
vn 0.000000 -0.086603 0.050000
vn 0.000000 -0.086603 0.050000
vn 0.000000 -0.086603 0.050000
vn 0.000000 0.000000 0.100000
vn 0.000000 0.000000 0.100000
vn 0.000000 0.000000 0.100000
vn 0.000000 0.000000 0.100000
vn 0.000000 0.086603 0.050000
vn 0.000000 0.086603 0.050000
vn 0.000000 0.086603 0.050000
vn 0.000000 0.086603 0.050000
vn -0.000000 0.086603 -0.050000
vn -0.000000 0.086603 -0.050000
vn -0.000000 0.086603 -0.050000
vn -0.000000 0.086603 -0.050000
vn 0.000000 -0.086603 -0.050000
vn 0.000000 -0.086603 -0.050000
vn 0.000000 -0.086603 -0.050000
vn 0.000000 -0.086603 -0.050000
vn -0.000000 0.086603 -0.050000
vn -0.000000 0.086603 -0.050000
vn -0.000000 0.086603 -0.050000
vn -0.000000 0.086603 -0.050000
vn 0.000000 0.000000 -0.100000
vn 0.000000 0.000000 -0.100000
vn 0.000000 0.000000 -0.100000
vn 0.000000 0.000000 -0.100000
vn 0.000000 -0.086603 -0.050000
vn 0.000000 -0.086603 -0.050000
vn 0.000000 -0.086603 -0.050000
vn 0.000000 -0.086603 -0.050000
vn 0.000000 -0.086603 0.050000
vn 0.000000 -0.086603 0.050000
vn 0.000000 -0.086603 0.050000
vn 0.000000 -0.086603 0.050000
vn 0.000000 0.000000 0.100000
vn 0.000000 0.000000 0.100000
vn 0.000000 0.000000 0.100000
vn 0.000000 0.000000 0.100000
vn 0.000000 0.086603 0.050000
vn 0.000000 0.086603 0.050000
vn 0.000000 0.086603 0.050000
vn 0.000000 0.086603 0.050000
vn -0.000000 0.000000 -0.100000
vn -0.000000 0.000000 -0.100000
vn -0.000000 0.000000 -0.100000
vn -0.000000 0.000000 -0.100000
vn 0.000000 -0.086603 -0.050000
vn 0.000000 -0.086603 -0.050000
vn 0.000000 -0.086603 -0.050000
vn 0.000000 -0.086603 -0.050000
vn 0.000000 -0.086603 0.050000
vn 0.000000 -0.086603 0.050000
vn 0.000000 -0.086603 0.050000
vn 0.000000 -0.086603 0.050000
vn 0.000000 -0.000000 0.100000
vn 0.000000 -0.000000 0.100000
vn 0.000000 -0.000000 0.100000
vn 0.000000 -0.000000 0.100000
vn 0.000000 0.086603 0.050000
vn 0.000000 0.086603 0.050000
vn 0.000000 0.086603 0.050000
vn 0.000000 0.086603 0.050000
vn -0.000000 0.086603 -0.050000
vn -0.000000 0.086603 -0.050000
vn -0.000000 0.086603 -0.050000
vn -0.000000 0.086603 -0.050000
vn -0.000000 0.086603 -0.050000
vn -0.000000 0.086603 -0.050000
vn -0.000000 0.086603 -0.050000
vn -0.000000 0.086603 -0.050000
vn -0.000000 0.000000 -0.100000
vn -0.000000 0.000000 -0.100000
vn -0.000000 0.000000 -0.100000
vn -0.000000 0.000000 -0.100000
vn 0.000000 -0.086603 -0.050000
vn 0.000000 -0.086603 -0.050000
vn 0.000000 -0.086603 -0.050000
vn 0.000000 -0.086603 -0.050000
vn 0.000000 -0.086603 0.050000
vn 0.000000 -0.086603 0.050000
vn 0.000000 -0.086603 0.050000
vn 0.000000 -0.086603 0.050000
vn 0.000000 -0.000000 0.100000
vn 0.000000 -0.000000 0.100000
vn 0.000000 -0.000000 0.100000
vn 0.000000 -0.000000 0.100000
vn 0.000000 0.086603 0.050000
vn 0.000000 0.086603 0.050000
vn 0.000000 0.086603 0.050000
vn 0.000000 0.086603 0.050000
vn 0.000000 0.086603 0.050000
vn 0.000000 0.086603 0.050000
vn 0.000000 0.086603 0.050000
vn 0.000000 0.086603 0.050000
vn -0.000000 0.086603 -0.050000
vn -0.000000 0.086603 -0.050000
vn -0.000000 0.086603 -0.050000
vn -0.000000 0.086603 -0.050000
vn 0.000000 0.000000 -0.100000
vn 0.000000 0.000000 -0.100000
vn 0.000000 0.000000 -0.100000
vn 0.000000 0.000000 -0.100000
vn 0.000000 -0.100000 0.000000
vn 0.000000 -0.100000 0.000000
vn 0.000000 -0.100000 0.000000
vn 0.000000 -0.100000 0.000000
vn 0.000000 -0.000000 0.100000
vn 0.000000 -0.000000 0.100000
vn 0.000000 -0.000000 0.100000
vn 0.000000 -0.000000 0.100000
vn -0.000000 0.000000 -0.100000
vn -0.000000 0.000000 -0.100000
vn -0.000000 0.000000 -0.100000
vn -0.000000 0.000000 -0.100000
vn 0.000000 -0.086603 -0.050000
vn 0.000000 -0.086603 -0.050000
vn 0.000000 -0.086603 -0.050000
vn 0.000000 -0.086603 -0.050000
vn 0.000000 0.000000 0.100000
vn 0.000000 0.000000 0.100000
vn 0.000000 0.000000 0.100000
vn 0.000000 0.000000 0.100000
vn -0.000000 0.086603 -0.050000
vn -0.000000 0.086603 -0.050000
vn -0.000000 0.086603 -0.050000
vn -0.000000 0.086603 -0.050000
vn 0.000000 0.000000 -0.100000
vn 0.000000 0.000000 -0.100000
vn 0.000000 0.000000 -0.100000
vn 0.000000 0.000000 -0.100000
vn 0.000000 -0.086603 -0.050000
vn 0.000000 -0.086603 -0.050000
vn 0.000000 -0.086603 -0.050000
vn 0.000000 -0.086603 -0.050000
vn 0.000000 -0.086603 0.050000
vn 0.000000 -0.086603 0.050000
vn 0.000000 -0.086603 0.050000
vn 0.000000 -0.086603 0.050000
vn 0.000000 -0.000000 0.100000
vn 0.000000 -0.000000 0.100000
vn 0.000000 -0.000000 0.100000
vn 0.000000 -0.000000 0.100000
vn 0.000000 0.086603 0.050000
vn 0.000000 0.086603 0.050000
vn 0.000000 0.086603 0.050000
vn 0.000000 0.086603 0.050000
vn -0.000000 0.086603 -0.050000
vn -0.000000 0.086603 -0.050000
vn -0.000000 0.086603 -0.050000
vn -0.000000 0.086603 -0.050000
vn 0.000000 -0.086603 -0.050000
vn 0.000000 -0.086603 -0.050000
vn 0.000000 -0.086603 -0.050000
vn 0.000000 -0.086603 -0.050000
vn 0.000000 -0.086603 0.050000
vn 0.000000 -0.086603 0.050000
vn 0.000000 -0.086603 0.050000
vn 0.000000 -0.086603 0.050000
vn 0.000000 0.000000 0.100000
vn 0.000000 0.000000 0.100000
vn 0.000000 0.000000 0.100000
vn 0.000000 0.000000 0.100000
vn 0.000000 0.086603 0.050000
vn 0.000000 0.086603 0.050000
vn 0.000000 0.086603 0.050000
vn 0.000000 0.086603 0.050000
vn -0.000000 0.086603 -0.050000
vn -0.000000 0.086603 -0.050000
vn -0.000000 0.086603 -0.050000
vn -0.000000 0.086603 -0.050000
vn 0.000000 0.000000 -0.100000
vn 0.000000 0.000000 -0.100000
vn 0.000000 0.000000 -0.100000
vn 0.000000 0.000000 -0.100000
vn -0.000000 0.000000 -0.100000
vn -0.000000 0.000000 -0.100000
vn -0.000000 0.000000 -0.100000
vn -0.000000 0.000000 -0.100000
vn 0.000000 -0.086603 -0.050000
vn 0.000000 -0.086603 -0.050000
vn 0.000000 -0.086603 -0.050000
vn 0.000000 -0.086603 -0.050000
vn 0.000000 0.000000 0.100000
vn 0.000000 0.000000 0.100000
vn 0.000000 0.000000 0.100000
vn 0.000000 0.000000 0.100000
vn -0.000000 0.086603 -0.050000
vn -0.000000 0.086603 -0.050000
vn -0.000000 0.086603 -0.050000
vn -0.000000 0.086603 -0.050000
vn -0.000000 0.000000 -0.100000
vn -0.000000 0.000000 -0.100000
vn -0.000000 0.000000 -0.100000
vn -0.000000 0.000000 -0.100000
vn 0.000000 -0.086603 -0.050000
vn 0.000000 -0.086603 -0.050000
vn 0.000000 -0.086603 -0.050000
vn 0.000000 -0.086603 -0.050000
vn 0.000000 -0.086603 0.050000
vn 0.000000 -0.086603 0.050000
vn 0.000000 -0.086603 0.050000
vn 0.000000 -0.086603 0.050000
vn 0.000000 -0.000000 0.100000
vn 0.000000 -0.000000 0.100000
vn 0.000000 -0.000000 0.100000
vn 0.000000 -0.000000 0.100000
vn 0.000000 0.086603 0.050000
vn 0.000000 0.086603 0.050000
vn 0.000000 0.086603 0.050000
vn 0.000000 0.086603 0.050000
vn -0.000000 0.086603 -0.050000
vn -0.000000 0.086603 -0.050000
vn -0.000000 0.086603 -0.050000
vn -0.000000 0.086603 -0.050000
vn 0.000000 0.000000 -0.100000
vn 0.000000 0.000000 -0.100000
vn 0.000000 0.000000 -0.100000
vn 0.000000 0.000000 -0.100000
vn 0.000000 -0.086603 -0.050000
vn 0.000000 -0.086603 -0.050000
vn 0.000000 -0.086603 -0.050000
vn 0.000000 -0.086603 -0.050000
vn 0.000000 -0.086603 0.050000
vn 0.000000 -0.086603 0.050000
vn 0.000000 -0.086603 0.050000
vn 0.000000 -0.086603 0.050000
vn 0.000000 -0.000000 0.100000
vn 0.000000 -0.000000 0.100000
vn 0.000000 -0.000000 0.100000
vn 0.000000 -0.000000 0.100000
vn 0.000000 0.086603 0.050000
vn 0.000000 0.086603 0.050000
vn 0.000000 0.086603 0.050000
vn 0.000000 0.086603 0.050000
vn -0.000000 0.086603 -0.050000
vn -0.000000 0.086603 -0.050000
vn -0.000000 0.086603 -0.050000
vn -0.000000 0.086603 -0.050000
vn 0.000000 0.086603 0.050000
vn 0.000000 0.086603 0.050000
vn 0.000000 0.086603 0.050000
vn 0.000000 0.086603 0.050000
vn -0.000000 0.086603 -0.050000
vn -0.000000 0.086603 -0.050000
vn -0.000000 0.086603 -0.050000
vn -0.000000 0.086603 -0.050000
vn -0.000000 0.000000 -0.100000
vn -0.000000 0.000000 -0.100000
vn -0.000000 0.000000 -0.100000
vn -0.000000 0.000000 -0.100000
vn 0.000000 -0.086603 -0.050000
vn 0.000000 -0.086603 -0.050000
vn 0.000000 -0.086603 -0.050000
vn 0.000000 -0.086603 -0.050000
vn 0.000000 -0.086603 0.050000
vn 0.000000 -0.086603 0.050000
vn 0.000000 -0.086603 0.050000
vn 0.000000 -0.086603 0.050000
vn 0.000000 -0.000000 0.100000
vn 0.000000 -0.000000 0.100000
vn 0.000000 -0.000000 0.100000
vn 0.000000 -0.000000 0.100000
vn 0.000000 -0.000000 0.100000
vn 0.000000 -0.000000 0.100000
vn 0.000000 -0.000000 0.100000
vn 0.000000 -0.000000 0.100000
vn 0.000000 0.086603 0.050000
vn 0.000000 0.086603 0.050000
vn 0.000000 0.086603 0.050000
vn 0.000000 0.086603 0.050000
vn -0.000000 0.086603 -0.050000
vn -0.000000 0.086603 -0.050000
vn -0.000000 0.086603 -0.050000
vn -0.000000 0.086603 -0.050000
vn 0.000000 0.000000 -0.100000
vn 0.000000 0.000000 -0.100000
vn 0.000000 0.000000 -0.100000
vn 0.000000 0.000000 -0.100000
vn 0.000000 -0.086603 -0.050000
vn 0.000000 -0.086603 -0.050000
vn 0.000000 -0.086603 -0.050000
vn 0.000000 -0.086603 -0.050000
vn 0.000000 -0.086603 0.050000
vn 0.000000 -0.086603 0.050000
vn 0.000000 -0.086603 0.050000
vn 0.000000 -0.086603 0.050000
vn -0.000000 0.086603 -0.050000
vn -0.000000 0.086603 -0.050000
vn -0.000000 0.086603 -0.050000
vn -0.000000 0.086603 -0.050000
vn -0.000000 0.000000 -0.100000
vn -0.000000 0.000000 -0.100000
vn -0.000000 0.000000 -0.100000
vn -0.000000 0.000000 -0.100000
vn 0.000000 -0.086603 -0.050000
vn 0.000000 -0.086603 -0.050000
vn 0.000000 -0.086603 -0.050000
vn 0.000000 -0.086603 -0.050000
vn 0.000000 -0.086603 0.050000
vn 0.000000 -0.086603 0.050000
vn 0.000000 -0.086603 0.050000
vn 0.000000 -0.086603 0.050000
vn 0.000000 -0.000000 0.100000
vn 0.000000 -0.000000 0.100000
vn 0.000000 -0.000000 0.100000
vn 0.000000 -0.000000 0.100000
vn 0.000000 0.086603 0.050000
vn 0.000000 0.086603 0.050000
vn 0.000000 0.086603 0.050000
vn 0.000000 0.086603 0.050000
vn 0.000000 -0.086603 -0.050000
vn 0.000000 -0.086603 -0.050000
vn 0.000000 -0.086603 -0.050000
vn 0.000000 -0.086603 -0.050000
vn 0.000000 -0.086603 0.050000
vn 0.000000 -0.086603 0.050000
vn 0.000000 -0.086603 0.050000
vn 0.000000 -0.086603 0.050000
vn 0.000000 -0.000000 0.100000
vn 0.000000 -0.000000 0.100000
vn 0.000000 -0.000000 0.100000
vn 0.000000 -0.000000 0.100000
vn 0.000000 0.086603 0.050000
vn 0.000000 0.086603 0.050000
vn 0.000000 0.086603 0.050000
vn 0.000000 0.086603 0.050000
vn -0.000000 0.086603 -0.050000
vn -0.000000 0.086603 -0.050000
vn -0.000000 0.086603 -0.050000
vn -0.000000 0.086603 -0.050000
vn 0.000000 0.000000 -0.100000
vn 0.000000 0.000000 -0.100000
vn 0.000000 0.000000 -0.100000
vn 0.000000 0.000000 -0.100000
vn 0.000000 -0.000000 0.100000
vn 0.000000 -0.000000 0.100000
vn 0.000000 -0.000000 0.100000
vn 0.000000 -0.000000 0.100000
vn 0.000000 0.086603 0.050000
vn 0.000000 0.086603 0.050000
vn 0.000000 0.086603 0.050000
vn 0.000000 0.086603 0.050000
vn -0.000000 0.086603 -0.050000
vn -0.000000 0.086603 -0.050000
vn -0.000000 0.086603 -0.050000
vn -0.000000 0.086603 -0.050000
vn -0.000000 0.000000 -0.100000
vn -0.000000 0.000000 -0.100000
vn -0.000000 0.000000 -0.100000
vn -0.000000 0.000000 -0.100000
vn 0.000000 -0.086603 -0.050000
vn 0.000000 -0.086603 -0.050000
vn 0.000000 -0.086603 -0.050000
vn 0.000000 -0.086603 -0.050000
vn 0.000000 -0.086603 0.050000
vn 0.000000 -0.086603 0.050000
vn 0.000000 -0.086603 0.050000
vn 0.000000 -0.086603 0.050000
vn 0.000000 -0.086603 -0.050000
vn 0.000000 -0.086603 -0.050000
vn 0.000000 -0.086603 -0.050000
vn 0.000000 -0.086603 -0.050000
vn 0.000000 -0.086603 0.050000
vn 0.000000 -0.086603 0.050000
vn 0.000000 -0.086603 0.050000
vn 0.000000 -0.086603 0.050000
vn 0.000000 -0.000000 0.100000
vn 0.000000 -0.000000 0.100000
vn 0.000000 -0.000000 0.100000
vn 0.000000 -0.000000 0.100000
vn -0.000000 0.100000 -0.000000
vn -0.000000 0.100000 -0.000000
vn -0.000000 0.100000 -0.000000
vn -0.000000 0.100000 -0.000000
vn 0.000000 0.000000 -0.100000
vn 0.000000 0.000000 -0.100000
vn 0.000000 0.000000 -0.100000
vn 0.000000 0.000000 -0.100000
vn -0.000000 0.000000 -0.100000
vn -0.000000 0.000000 -0.100000
vn -0.000000 0.000000 -0.100000
vn -0.000000 0.000000 -0.100000
vn 0.000000 -0.086603 -0.050000
vn 0.000000 -0.086603 -0.050000
vn 0.000000 -0.086603 -0.050000
vn 0.000000 -0.086603 -0.050000
vn 0.000000 -0.086603 0.050000
vn 0.000000 -0.086603 0.050000
vn 0.000000 -0.086603 0.050000
vn 0.000000 -0.086603 0.050000
vn 0.000000 0.000000 0.100000
vn 0.000000 0.000000 0.100000
vn 0.000000 0.000000 0.100000
vn 0.000000 0.000000 0.100000
vn -0.000000 0.100000 -0.000000
vn -0.000000 0.100000 -0.000000
vn -0.000000 0.100000 -0.000000
vn -0.000000 0.100000 -0.000000
vn 0.000000 -0.086603 -0.050000
vn 0.000000 -0.086603 -0.050000
vn 0.000000 -0.086603 -0.050000
vn 0.000000 -0.086603 -0.050000
vn 0.000000 -0.086603 0.050000
vn 0.000000 -0.086603 0.050000
vn 0.000000 -0.086603 0.050000
vn 0.000000 -0.086603 0.050000
vn 0.000000 -0.000000 0.100000
vn 0.000000 -0.000000 0.100000
vn 0.000000 -0.000000 0.100000
vn 0.000000 -0.000000 0.100000
vn 0.000000 0.086603 0.050000
vn 0.000000 0.086603 0.050000
vn 0.000000 0.086603 0.050000
vn 0.000000 0.086603 0.050000
vn -0.000000 0.086603 -0.050000
vn -0.000000 0.086603 -0.050000
vn -0.000000 0.086603 -0.050000
vn -0.000000 0.086603 -0.050000
vn -0.000000 0.000000 -0.100000
vn -0.000000 0.000000 -0.100000
vn -0.000000 0.000000 -0.100000
vn -0.000000 0.000000 -0.100000
vn -0.000000 0.086603 -0.050000
vn -0.000000 0.086603 -0.050000
vn -0.000000 0.086603 -0.050000
vn -0.000000 0.086603 -0.050000
vn -0.000000 0.000000 -0.100000
vn -0.000000 0.000000 -0.100000
vn -0.000000 0.000000 -0.100000
vn -0.000000 0.000000 -0.100000
vn 0.000000 -0.086603 -0.050000
vn 0.000000 -0.086603 -0.050000
vn 0.000000 -0.086603 -0.050000
vn 0.000000 -0.086603 -0.050000
vn 0.000000 -0.086603 0.050000
vn 0.000000 -0.086603 0.050000
vn 0.000000 -0.086603 0.050000
vn 0.000000 -0.086603 0.050000
vn 0.000000 0.000000 0.100000
vn 0.000000 0.000000 0.100000
vn 0.000000 0.000000 0.100000
vn 0.000000 0.000000 0.100000
vn 0.000000 0.086603 0.050000
vn 0.000000 0.086603 0.050000
vn 0.000000 0.086603 0.050000
vn 0.000000 0.086603 0.050000
vn -0.000000 0.086603 -0.050000
vn -0.000000 0.086603 -0.050000
vn -0.000000 0.086603 -0.050000
vn -0.000000 0.086603 -0.050000
vn -0.000000 0.000000 -0.100000
vn -0.000000 0.000000 -0.100000
vn -0.000000 0.000000 -0.100000
vn -0.000000 0.000000 -0.100000
vn 0.000000 -0.086603 -0.050000
vn 0.000000 -0.086603 -0.050000
vn 0.000000 -0.086603 -0.050000
vn 0.000000 -0.086603 -0.050000
vn 0.000000 -0.086603 0.050000
vn 0.000000 -0.086603 0.050000
vn 0.000000 -0.086603 0.050000
vn 0.000000 -0.086603 0.050000
vn 0.000000 -0.000000 0.100000
vn 0.000000 -0.000000 0.100000
vn 0.000000 -0.000000 0.100000
vn 0.000000 -0.000000 0.100000
vn 0.000000 0.086603 0.050000
vn 0.000000 0.086603 0.050000
vn 0.000000 0.086603 0.050000
vn 0.000000 0.086603 0.050000
vn -0.000000 0.086603 -0.050000
vn -0.000000 0.086603 -0.050000
vn -0.000000 0.086603 -0.050000
vn -0.000000 0.086603 -0.050000
vn -0.000000 0.000000 -0.100000
vn -0.000000 0.000000 -0.100000
vn -0.000000 0.000000 -0.100000
vn -0.000000 0.000000 -0.100000
vn 0.000000 -0.086603 -0.050000
vn 0.000000 -0.086603 -0.050000
vn 0.000000 -0.086603 -0.050000
vn 0.000000 -0.086603 -0.050000
vn 0.000000 -0.086603 0.050000
vn 0.000000 -0.086603 0.050000
vn 0.000000 -0.086603 0.050000
vn 0.000000 -0.086603 0.050000
vn 0.000000 0.000000 0.100000
vn 0.000000 0.000000 0.100000
vn 0.000000 0.000000 0.100000
vn 0.000000 0.000000 0.100000
vn 0.000000 0.086603 0.050000
vn 0.000000 0.086603 0.050000
vn 0.000000 0.086603 0.050000
vn 0.000000 0.086603 0.050000
vn -0.000000 0.086603 -0.050000
vn -0.000000 0.086603 -0.050000
vn -0.000000 0.086603 -0.050000
vn -0.000000 0.086603 -0.050000
vn -0.000000 0.000000 -0.100000
vn -0.000000 0.000000 -0.100000
vn -0.000000 0.000000 -0.100000
vn -0.000000 0.000000 -0.100000
vn 0.000000 -0.086603 -0.050000
vn 0.000000 -0.086603 -0.050000
vn 0.000000 -0.086603 -0.050000
vn 0.000000 -0.086603 -0.050000
vn 0.000000 -0.086603 0.050000
vn 0.000000 -0.086603 0.050000
vn 0.000000 -0.086603 0.050000
vn 0.000000 -0.086603 0.050000
vn 0.000000 -0.000000 0.100000
vn 0.000000 -0.000000 0.100000
vn 0.000000 -0.000000 0.100000
vn 0.000000 -0.000000 0.100000
vn 0.000000 0.086603 0.050000
vn 0.000000 0.086603 0.050000
vn 0.000000 0.086603 0.050000
vn 0.000000 0.086603 0.050000
vn -0.000000 0.086603 -0.050000
vn -0.000000 0.086603 -0.050000
vn -0.000000 0.086603 -0.050000
vn -0.000000 0.086603 -0.050000
vn -0.000000 0.000000 -0.100000
vn -0.000000 0.000000 -0.100000
vn -0.000000 0.000000 -0.100000
vn -0.000000 0.000000 -0.100000
vn 0.000000 -0.086603 -0.050000
vn 0.000000 -0.086603 -0.050000
vn 0.000000 -0.086603 -0.050000
vn 0.000000 -0.086603 -0.050000
vn 0.000000 -0.086603 0.050000
vn 0.000000 -0.086603 0.050000
vn 0.000000 -0.086603 0.050000
vn 0.000000 -0.086603 0.050000
vn 0.000000 0.000000 0.100000
vn 0.000000 0.000000 0.100000
vn 0.000000 0.000000 0.100000
vn 0.000000 0.000000 0.100000
vn 0.000000 0.086603 0.050000
vn 0.000000 0.086603 0.050000
vn 0.000000 0.086603 0.050000
vn 0.000000 0.086603 0.050000
vn -0.000000 0.086603 -0.050000
vn -0.000000 0.086603 -0.050000
vn -0.000000 0.086603 -0.050000
vn -0.000000 0.086603 -0.050000
vn -0.000000 0.000000 -0.100000
vn -0.000000 0.000000 -0.100000
vn -0.000000 0.000000 -0.100000
vn -0.000000 0.000000 -0.100000
vn 0.000000 -0.086603 -0.050000
vn 0.000000 -0.086603 -0.050000
vn 0.000000 -0.086603 -0.050000
vn 0.000000 -0.086603 -0.050000
vn 0.000000 -0.086603 0.050000
vn 0.000000 -0.086603 0.050000
vn 0.000000 -0.086603 0.050000
vn 0.000000 -0.086603 0.050000
vn 0.000000 -0.000000 0.100000
vn 0.000000 -0.000000 0.100000
vn 0.000000 -0.000000 0.100000
vn 0.000000 -0.000000 0.100000
vn 0.000000 0.086603 0.050000
vn 0.000000 0.086603 0.050000
vn 0.000000 0.086603 0.050000
vn 0.000000 0.086603 0.050000
vn -0.000000 0.086603 -0.050000
vn -0.000000 0.086603 -0.050000
vn -0.000000 0.086603 -0.050000
vn -0.000000 0.086603 -0.050000
vn -0.000000 0.000000 -0.100000
vn -0.000000 0.000000 -0.100000
vn -0.000000 0.000000 -0.100000
vn -0.000000 0.000000 -0.100000
vn 0.000000 -0.086603 -0.050000
vn 0.000000 -0.086603 -0.050000
vn 0.000000 -0.086603 -0.050000
vn 0.000000 -0.086603 -0.050000
vn 0.000000 -0.086603 0.050000
vn 0.000000 -0.086603 0.050000
vn 0.000000 -0.086603 0.050000
vn 0.000000 -0.086603 0.050000
vn 0.000000 0.000000 0.100000
vn 0.000000 0.000000 0.100000
vn 0.000000 0.000000 0.100000
vn 0.000000 0.000000 0.100000
vn 0.000000 0.086603 0.050000
vn 0.000000 0.086603 0.050000
vn 0.000000 0.086603 0.050000
vn 0.000000 0.086603 0.050000
vn 0.000000 -0.086603 0.050000
vn 0.000000 -0.086603 0.050000
vn 0.000000 -0.086603 0.050000
vn 0.000000 -0.086603 0.050000
vn 0.000000 -0.000000 0.100000
vn 0.000000 -0.000000 0.100000
vn 0.000000 -0.000000 0.100000
vn 0.000000 -0.000000 0.100000
vn 0.000000 0.086603 0.050000
vn 0.000000 0.086603 0.050000
vn 0.000000 0.086603 0.050000
vn 0.000000 0.086603 0.050000
vn -0.000000 0.086603 -0.050000
vn -0.000000 0.086603 -0.050000
vn -0.000000 0.086603 -0.050000
vn -0.000000 0.086603 -0.050000
vn -0.000000 0.000000 -0.100000
vn -0.000000 0.000000 -0.100000
vn -0.000000 0.000000 -0.100000
vn -0.000000 0.000000 -0.100000
vn 0.000000 -0.086603 -0.050000
vn 0.000000 -0.086603 -0.050000
vn 0.000000 -0.086603 -0.050000
vn 0.000000 -0.086603 -0.050000
vn 0.000000 -0.000000 0.100000
vn 0.000000 -0.000000 0.100000
vn 0.000000 -0.000000 0.100000
vn 0.000000 -0.000000 0.100000
vn 0.000000 0.086603 0.050000
vn 0.000000 0.086603 0.050000
vn 0.000000 0.086603 0.050000
vn 0.000000 0.086603 0.050000
vn -0.000000 0.086603 -0.050000
vn -0.000000 0.086603 -0.050000
vn -0.000000 0.086603 -0.050000
vn -0.000000 0.086603 -0.050000
vn 0.000000 0.000000 -0.100000
vn 0.000000 0.000000 -0.100000
vn 0.000000 0.000000 -0.100000
vn 0.000000 0.000000 -0.100000
vn 0.000000 -0.086603 -0.050000
vn 0.000000 -0.086603 -0.050000
vn 0.000000 -0.086603 -0.050000
vn 0.000000 -0.086603 -0.050000
vn 0.000000 -0.086603 0.050000
vn 0.000000 -0.086603 0.050000
vn 0.000000 -0.086603 0.050000
vn 0.000000 -0.086603 0.050000
vn -0.000000 0.086603 -0.050000
vn -0.000000 0.086603 -0.050000
vn -0.000000 0.086603 -0.050000
vn -0.000000 0.086603 -0.050000
vn -0.000000 0.000000 -0.100000
vn -0.000000 0.000000 -0.100000
vn -0.000000 0.000000 -0.100000
vn -0.000000 0.000000 -0.100000
vn 0.000000 -0.100000 0.000000
vn 0.000000 -0.100000 0.000000
vn 0.000000 -0.100000 0.000000
vn 0.000000 -0.100000 0.000000
vn 0.000000 0.000000 0.100000
vn 0.000000 0.000000 0.100000
vn 0.000000 0.000000 0.100000
vn 0.000000 0.000000 0.100000
vn 0.000000 0.086603 0.050000
vn 0.000000 0.086603 0.050000
vn 0.000000 0.086603 0.050000
vn 0.000000 0.086603 0.050000
vn 0.000000 0.086603 0.050000
vn 0.000000 0.086603 0.050000
vn 0.000000 0.086603 0.050000
vn 0.000000 0.086603 0.050000
vn -0.000000 0.086603 -0.050000
vn -0.000000 0.086603 -0.050000
vn -0.000000 0.086603 -0.050000
vn -0.000000 0.086603 -0.050000
vn 0.000000 -0.100000 0.000000
vn 0.000000 -0.100000 0.000000
vn 0.000000 -0.100000 0.000000
vn 0.000000 -0.100000 0.000000
vn 0.000000 0.000000 0.100000
vn 0.000000 0.000000 0.100000
vn 0.000000 0.000000 0.100000
vn 0.000000 0.000000 0.100000
vn 0.000000 0.086603 0.050000
vn 0.000000 0.086603 0.050000
vn 0.000000 0.086603 0.050000
vn 0.000000 0.086603 0.050000
vn -0.000000 0.086603 -0.050000
vn -0.000000 0.086603 -0.050000
vn -0.000000 0.086603 -0.050000
vn -0.000000 0.086603 -0.050000
vn 0.000000 0.000000 -0.100000
vn 0.000000 0.000000 -0.100000
vn 0.000000 0.000000 -0.100000
vn 0.000000 0.000000 -0.100000
vn 0.000000 -0.100000 0.000000
vn 0.000000 -0.100000 0.000000
vn 0.000000 -0.100000 0.000000
vn 0.000000 -0.100000 0.000000
vn 0.000000 -0.000000 0.100000
vn 0.000000 -0.000000 0.100000
vn 0.000000 -0.000000 0.100000
vn 0.000000 -0.000000 0.100000
vn -0.000000 0.086603 -0.050000
vn -0.000000 0.086603 -0.050000
vn -0.000000 0.086603 -0.050000
vn -0.000000 0.086603 -0.050000
vn -0.000000 0.000000 -0.100000
vn -0.000000 0.000000 -0.100000
vn -0.000000 0.000000 -0.100000
vn -0.000000 0.000000 -0.100000
vn 0.000000 -0.086603 -0.050000
vn 0.000000 -0.086603 -0.050000
vn 0.000000 -0.086603 -0.050000
vn 0.000000 -0.086603 -0.050000
vn 0.000000 -0.086603 0.050000
vn 0.000000 -0.086603 0.050000
vn 0.000000 -0.086603 0.050000
vn 0.000000 -0.086603 0.050000
vn 0.000000 0.000000 0.100000
vn 0.000000 0.000000 0.100000
vn 0.000000 0.000000 0.100000
vn 0.000000 0.000000 0.100000
vn 0.000000 0.086603 0.050000
vn 0.000000 0.086603 0.050000
vn 0.000000 0.086603 0.050000
vn 0.000000 0.086603 0.050000
vn 0.000000 -0.086603 0.050000
vn 0.000000 -0.086603 0.050000
vn 0.000000 -0.086603 0.050000
vn 0.000000 -0.086603 0.050000
vn 0.000000 0.000000 0.100000
vn 0.000000 0.000000 0.100000
vn 0.000000 0.000000 0.100000
vn 0.000000 0.000000 0.100000
vn 0.000000 0.086603 0.050000
vn 0.000000 0.086603 0.050000
vn 0.000000 0.086603 0.050000
vn 0.000000 0.086603 0.050000
vn -0.000000 0.086603 -0.050000
vn -0.000000 0.086603 -0.050000
vn -0.000000 0.086603 -0.050000
vn -0.000000 0.086603 -0.050000
vn 0.000000 -0.086603 -0.050000
vn 0.000000 -0.086603 -0.050000
vn 0.000000 -0.086603 -0.050000
vn 0.000000 -0.086603 -0.050000
vn -0.000000 0.000000 -0.100000
vn -0.000000 0.000000 -0.100000
vn -0.000000 0.000000 -0.100000
vn -0.000000 0.000000 -0.100000
vn 0.000000 -0.086603 -0.050000
vn 0.000000 -0.086603 -0.050000
vn 0.000000 -0.086603 -0.050000
vn 0.000000 -0.086603 -0.050000
vn 0.000000 -0.086603 0.050000
vn 0.000000 -0.086603 0.050000
vn 0.000000 -0.086603 0.050000
vn 0.000000 -0.086603 0.050000
vn 0.000000 -0.000000 0.100000
vn 0.000000 -0.000000 0.100000
vn 0.000000 -0.000000 0.100000
vn 0.000000 -0.000000 0.100000
vn 0.000000 0.086603 0.050000
vn 0.000000 0.086603 0.050000
vn 0.000000 0.086603 0.050000
vn 0.000000 0.086603 0.050000
vn -0.000000 0.086603 -0.050000
vn -0.000000 0.086603 -0.050000
vn -0.000000 0.086603 -0.050000
vn -0.000000 0.086603 -0.050000
vn 0.000000 0.086603 0.050000
vn 0.000000 0.086603 0.050000
vn 0.000000 0.086603 0.050000
vn 0.000000 0.086603 0.050000
vn -0.000000 0.086603 -0.050000
vn -0.000000 0.086603 -0.050000
vn -0.000000 0.086603 -0.050000
vn -0.000000 0.086603 -0.050000
vn 0.000000 0.000000 -0.100000
vn 0.000000 0.000000 -0.100000
vn 0.000000 0.000000 -0.100000
vn 0.000000 0.000000 -0.100000
vn 0.000000 -0.086603 -0.050000
vn 0.000000 -0.086603 -0.050000
vn 0.000000 -0.086603 -0.050000
vn 0.000000 -0.086603 -0.050000
vn 0.000000 -0.086603 0.050000
vn 0.000000 -0.086603 0.050000
vn 0.000000 -0.086603 0.050000
vn 0.000000 -0.086603 0.050000
vn 0.000000 -0.000000 0.100000
vn 0.000000 -0.000000 0.100000
vn 0.000000 -0.000000 0.100000
vn 0.000000 -0.000000 0.100000
vn -0.000000 0.000000 -0.100000
vn -0.000000 0.000000 -0.100000
vn -0.000000 0.000000 -0.100000
vn -0.000000 0.000000 -0.100000
vn 0.000000 -0.086603 -0.050000
vn 0.000000 -0.086603 -0.050000
vn 0.000000 -0.086603 -0.050000
vn 0.000000 -0.086603 -0.050000
vn 0.000000 0.000000 0.100000
vn 0.000000 0.000000 0.100000
vn 0.000000 0.000000 0.100000
vn 0.000000 0.000000 0.100000
vn -0.000000 0.086603 -0.050000
vn -0.000000 0.086603 -0.050000
vn -0.000000 0.086603 -0.050000
vn -0.000000 0.086603 -0.050000
vn 0.000000 -0.086603 0.050000
vn 0.000000 -0.086603 0.050000
vn 0.000000 -0.086603 0.050000
vn 0.000000 -0.086603 0.050000
vn 0.000000 0.000000 0.100000
vn 0.000000 0.000000 0.100000
vn 0.000000 0.000000 0.100000
vn 0.000000 0.000000 0.100000
vn 0.000000 0.086603 0.050000
vn 0.000000 0.086603 0.050000
vn 0.000000 0.086603 0.050000
vn 0.000000 0.086603 0.050000
vn -0.000000 0.086603 -0.050000
vn -0.000000 0.086603 -0.050000
vn -0.000000 0.086603 -0.050000
vn -0.000000 0.086603 -0.050000
vn 0.000000 -0.086603 -0.050000
vn 0.000000 -0.086603 -0.050000
vn 0.000000 -0.086603 -0.050000
vn 0.000000 -0.086603 -0.050000
vn -0.000000 0.000000 -0.100000
vn -0.000000 0.000000 -0.100000
vn -0.000000 0.000000 -0.100000
vn -0.000000 0.000000 -0.100000
vn 0.000000 -0.086603 -0.050000
vn 0.000000 -0.086603 -0.050000
vn 0.000000 -0.086603 -0.050000
vn 0.000000 -0.086603 -0.050000
vn 0.000000 0.000000 0.100000
vn 0.000000 0.000000 0.100000
vn 0.000000 0.000000 0.100000
vn 0.000000 0.000000 0.100000
vn -0.000000 0.086603 -0.050000
vn -0.000000 0.086603 -0.050000
vn -0.000000 0.086603 -0.050000
vn -0.000000 0.086603 -0.050000
vn 0.000000 -0.086603 0.050000
vn 0.000000 -0.086603 0.050000
vn 0.000000 -0.086603 0.050000
vn 0.000000 -0.086603 0.050000
vn 0.000000 0.000000 0.100000
vn 0.000000 0.000000 0.100000
vn 0.000000 0.000000 0.100000
vn 0.000000 0.000000 0.100000
vn 0.000000 0.086603 0.050000
vn 0.000000 0.086603 0.050000
vn 0.000000 0.086603 0.050000
vn 0.000000 0.086603 0.050000
vn -0.000000 0.086603 -0.050000
vn -0.000000 0.086603 -0.050000
vn -0.000000 0.086603 -0.050000
vn -0.000000 0.086603 -0.050000
vn 0.000000 -0.086603 -0.050000
vn 0.000000 -0.086603 -0.050000
vn 0.000000 -0.086603 -0.050000
vn 0.000000 -0.086603 -0.050000
vn -0.000000 0.000000 -0.100000
vn -0.000000 0.000000 -0.100000
vn -0.000000 0.000000 -0.100000
vn -0.000000 0.000000 -0.100000
vn 0.000000 -0.086603 -0.050000
vn 0.000000 -0.086603 -0.050000
vn 0.000000 -0.086603 -0.050000
vn 0.000000 -0.086603 -0.050000
vn 0.000000 0.000000 0.100000
vn 0.000000 0.000000 0.100000
vn 0.000000 0.000000 0.100000
vn 0.000000 0.000000 0.100000
vn -0.000000 0.086603 -0.050000
vn -0.000000 0.086603 -0.050000
vn -0.000000 0.086603 -0.050000
vn -0.000000 0.086603 -0.050000
vn 0.000000 -0.086603 0.050000
vn 0.000000 -0.086603 0.050000
vn 0.000000 -0.086603 0.050000
vn 0.000000 -0.086603 0.050000
vn 0.000000 0.000000 0.100000
vn 0.000000 0.000000 0.100000
vn 0.000000 0.000000 0.100000
vn 0.000000 0.000000 0.100000
vn 0.000000 0.086603 0.050000
vn 0.000000 0.086603 0.050000
vn 0.000000 0.086603 0.050000
vn 0.000000 0.086603 0.050000
vn -0.000000 0.086603 -0.050000
vn -0.000000 0.086603 -0.050000
vn -0.000000 0.086603 -0.050000
vn -0.000000 0.086603 -0.050000
vn 0.000000 -0.086603 -0.050000
vn 0.000000 -0.086603 -0.050000
vn 0.000000 -0.086603 -0.050000
vn 0.000000 -0.086603 -0.050000
vn -0.000000 0.000000 -0.100000
vn -0.000000 0.000000 -0.100000
vn -0.000000 0.000000 -0.100000
vn -0.000000 0.000000 -0.100000
vn 0.000000 -0.086603 -0.050000
vn 0.000000 -0.086603 -0.050000
vn 0.000000 -0.086603 -0.050000
vn 0.000000 -0.086603 -0.050000
vn 0.000000 0.000000 0.100000
vn 0.000000 0.000000 0.100000
vn 0.000000 0.000000 0.100000
vn 0.000000 0.000000 0.100000
vn -0.000000 0.086603 -0.050000
vn -0.000000 0.086603 -0.050000
vn -0.000000 0.086603 -0.050000
vn -0.000000 0.086603 -0.050000
vn 0.000000 -0.086603 0.050000
vn 0.000000 -0.086603 0.050000
vn 0.000000 -0.086603 0.050000
vn 0.000000 -0.086603 0.050000
vn 0.000000 0.000000 0.100000
vn 0.000000 0.000000 0.100000
vn 0.000000 0.000000 0.100000
vn 0.000000 0.000000 0.100000
vn -0.000000 0.100000 -0.000000
vn -0.000000 0.100000 -0.000000
vn -0.000000 0.100000 -0.000000
vn -0.000000 0.100000 -0.000000
vn 0.000000 -0.086603 -0.050000
vn 0.000000 -0.086603 -0.050000
vn 0.000000 -0.086603 -0.050000
vn 0.000000 -0.086603 -0.050000
vn 0.100000 0.000000 0.000000
vn 0.100000 0.000000 0.000000
vn 0.100000 0.000000 0.000000
vn 0.100000 0.000000 0.000000
vn 0.100000 0.000000 0.000000
vn 0.100000 0.000000 0.000000
vn 0.100000 0.000000 0.000000
vn 0.100000 0.000000 0.000000
vn 0.100000 0.000000 0.000000
vn 0.100000 0.000000 0.000000
vn 0.100000 0.000000 0.000000
vn 0.100000 0.000000 0.000000
vn 0.100000 0.000000 0.000000
vn 0.100000 0.000000 0.000000
vn 0.100000 0.000000 0.000000
vn 0.100000 0.000000 0.000000
vn 0.100000 0.000000 0.000000
vn 0.100000 0.000000 0.000000
vn 0.100000 0.000000 0.000000
vn 0.100000 0.000000 0.000000
vn 0.100000 0.000000 0.000000
vn 0.100000 0.000000 0.000000
vn 0.100000 0.000000 0.000000
vn 0.100000 0.000000 0.000000
vn 0.100000 0.000000 0.000000
vn 0.100000 0.000000 0.000000
vn 0.100000 0.000000 0.000000
vn 0.100000 0.000000 0.000000
vn 0.100000 0.000000 0.000000
vn 0.100000 0.000000 0.000000
vn 0.100000 0.000000 0.000000
vn 0.100000 0.000000 0.000000
vn 0.100000 0.000000 0.000000
vn 0.100000 0.000000 0.000000
vn 0.100000 0.000000 0.000000
vn 0.100000 0.000000 0.000000
vn 0.100000 0.000000 0.000000
vn 0.100000 0.000000 0.000000
vn 0.100000 0.000000 0.000000
vn 0.100000 0.000000 0.000000
vn 0.100000 0.000000 0.000000
vn 0.100000 0.000000 0.000000
vn 0.100000 0.000000 0.000000
vn 0.100000 0.000000 0.000000
vn 0.100000 0.000000 0.000000
vn 0.100000 0.000000 0.000000
vn 0.100000 0.000000 0.000000
vn 0.100000 0.000000 0.000000
vn 0.100000 0.000000 0.000000
vn 0.100000 0.000000 0.000000
vn 0.100000 0.000000 0.000000
vn 0.100000 0.000000 0.000000
vn 0.100000 0.000000 0.000000
vn 0.100000 0.000000 0.000000
vn 0.100000 0.000000 0.000000
vn 0.100000 0.000000 0.000000
vn 0.100000 0.000000 0.000000
vn 0.100000 0.000000 0.000000
vn 0.100000 0.000000 0.000000
vn 0.100000 0.000000 0.000000
vn 0.100000 0.000000 0.000000
vn 0.100000 0.000000 0.000000
vn 0.100000 0.000000 0.000000
vn 0.100000 0.000000 0.000000
vn 0.100000 0.000000 0.000000
vn 0.100000 0.000000 0.000000
vn 0.100000 0.000000 0.000000
vn 0.100000 0.000000 0.000000
vn 0.100000 0.000000 0.000000
vn 0.100000 0.000000 0.000000
vn 0.100000 0.000000 0.000000
vn 0.100000 0.000000 0.000000
vn 0.100000 0.000000 0.000000
vn 0.100000 0.000000 0.000000
vn 0.100000 0.000000 0.000000
vn 0.100000 0.000000 0.000000
vn 0.100000 0.000000 0.000000
vn 0.100000 0.000000 0.000000
vn 0.100000 0.000000 0.000000
vn 0.100000 0.000000 0.000000
vn 0.100000 0.000000 0.000000
vn 0.100000 0.000000 0.000000
vn 0.100000 0.000000 0.000000
vn 0.100000 0.000000 0.000000
vn 0.100000 0.000000 0.000000
vn 0.100000 0.000000 0.000000
vn 0.100000 0.000000 0.000000
vn 0.100000 0.000000 0.000000
vn 0.100000 0.000000 0.000000
vn 0.100000 0.000000 0.000000
vn 0.100000 0.000000 0.000000
vn 0.100000 0.000000 0.000000
vn 0.100000 0.000000 0.000000
vn 0.100000 0.000000 0.000000
vn 0.100000 0.000000 0.000000
vn 0.100000 0.000000 0.000000
vn 0.100000 0.000000 0.000000
vn 0.100000 0.000000 0.000000
vn 0.100000 0.000000 0.000000
vn 0.100000 0.000000 0.000000
vn 0.100000 0.000000 0.000000
vn 0.100000 0.000000 0.000000
vn 0.100000 0.000000 0.000000
vn 0.100000 0.000000 0.000000
vn 0.100000 0.000000 0.000000
vn 0.100000 0.000000 0.000000
vn 0.100000 0.000000 0.000000
vn 0.100000 0.000000 0.000000
vn 0.100000 0.000000 0.000000
vn 0.100000 0.000000 0.000000
vn 0.100000 0.000000 0.000000
vn 0.100000 0.000000 0.000000
vn 0.100000 0.000000 0.000000
vn 0.100000 0.000000 0.000000
vn 0.100000 0.000000 0.000000
vn 0.100000 0.000000 0.000000
vn 0.100000 0.000000 0.000000
vn 0.100000 0.000000 0.000000
vn 0.100000 0.000000 0.000000
vn 0.100000 0.000000 0.000000
vn 0.100000 0.000000 0.000000
vn 0.100000 0.000000 0.000000
vn 0.100000 0.000000 0.000000
vn 0.100000 0.000000 0.000000
vn 0.100000 0.000000 0.000000
vn 0.100000 0.000000 0.000000
vn 0.100000 0.000000 0.000000
vn 0.100000 0.000000 0.000000
vn 0.100000 0.000000 0.000000
vn 0.100000 0.000000 0.000000
vn 0.100000 0.000000 0.000000
vn 0.100000 0.000000 0.000000
vn 0.100000 0.000000 0.000000
vn 0.100000 0.000000 0.000000
vn 0.100000 0.000000 0.000000
vn 0.100000 0.000000 0.000000
vn 0.100000 0.000000 0.000000
vn 0.100000 0.000000 0.000000
vn 0.100000 0.000000 0.000000
vn 0.100000 0.000000 0.000000
vn 0.100000 0.000000 0.000000
vn 0.100000 0.000000 0.000000
vn 0.100000 0.000000 0.000000
vn 0.100000 0.000000 0.000000
vn 0.100000 0.000000 0.000000
vn 0.100000 0.000000 0.000000
vn 0.100000 0.000000 0.000000
vn 0.100000 0.000000 0.000000
vn 0.100000 0.000000 0.000000
vn 0.100000 0.000000 0.000000
vn 0.100000 0.000000 0.000000
vn 0.100000 0.000000 0.000000
vn 0.100000 0.000000 0.000000
vn 0.100000 0.000000 0.000000
vn 0.100000 0.000000 0.000000
vn 0.100000 0.000000 0.000000
vn 0.100000 0.000000 0.000000
vn 0.100000 0.000000 0.000000
vn 0.100000 0.000000 0.000000
vn 0.100000 0.000000 0.000000
vn 0.100000 0.000000 0.000000
vn 0.100000 0.000000 0.000000
vn 0.100000 0.000000 0.000000
vn 0.100000 0.000000 0.000000
vn 0.100000 0.000000 0.000000
vn 0.100000 0.000000 0.000000
vn 0.100000 0.000000 0.000000
vn 0.100000 0.000000 0.000000
vn 0.100000 0.000000 0.000000
vn 0.100000 0.000000 0.000000
vn 0.100000 0.000000 0.000000
vn 0.100000 0.000000 0.000000
vn 0.100000 0.000000 0.000000
vn 0.100000 0.000000 0.000000
vn 0.100000 0.000000 0.000000
vn 0.100000 0.000000 0.000000
vn 0.100000 0.000000 0.000000
vn 0.100000 0.000000 0.000000
vn 0.100000 0.000000 0.000000
vn 0.100000 0.000000 0.000000
vn 0.100000 0.000000 0.000000
vn 0.100000 0.000000 0.000000
vn 0.100000 0.000000 0.000000
vn 0.100000 0.000000 0.000000
vn 0.100000 0.000000 0.000000
vn 0.100000 0.000000 0.000000
vn 0.100000 0.000000 0.000000
vn 0.100000 0.000000 0.000000
vn 0.100000 0.000000 0.000000
vn 0.100000 0.000000 0.000000
vn 0.100000 0.000000 0.000000
vn 0.100000 0.000000 0.000000
vn 0.100000 0.000000 0.000000
vn 0.100000 0.000000 0.000000
vn 0.100000 0.000000 0.000000
vn 0.100000 0.000000 0.000000
vn 0.100000 0.000000 0.000000
vn 0.100000 0.000000 0.000000
vn 0.100000 0.000000 0.000000
vn 0.100000 0.000000 0.000000
vn 0.100000 0.000000 0.000000
vn 0.100000 0.000000 0.000000
vn 0.100000 0.000000 0.000000
vn 0.100000 0.000000 0.000000
vn 0.100000 0.000000 0.000000
vn 0.100000 0.000000 0.000000
vn 0.100000 0.000000 0.000000
vn 0.100000 0.000000 0.000000
vn 0.100000 0.000000 0.000000
vn 0.100000 0.000000 0.000000
vn 0.100000 0.000000 0.000000
vn 0.100000 0.000000 0.000000
vn 0.100000 0.000000 0.000000
vn 0.100000 0.000000 0.000000
vn 0.100000 0.000000 0.000000
vn 0.100000 0.000000 0.000000
vn 0.100000 0.000000 0.000000
vn 0.100000 0.000000 0.000000
vn 0.100000 0.000000 0.000000
vn 0.100000 0.000000 0.000000
vn 0.100000 0.000000 0.000000
vn 0.100000 0.000000 0.000000
vn 0.100000 0.000000 0.000000
vn 0.100000 0.000000 0.000000
vn 0.100000 0.000000 0.000000
vn 0.100000 0.000000 0.000000
vn 0.100000 0.000000 0.000000
vn 0.100000 0.000000 0.000000
vn 0.100000 0.000000 0.000000
vn 0.100000 0.000000 0.000000
vn 0.100000 0.000000 0.000000
vn 0.100000 0.000000 0.000000
vn 0.100000 0.000000 0.000000
vn 0.100000 0.000000 0.000000
vn 0.100000 0.000000 0.000000
vn 0.100000 0.000000 0.000000
vn 0.100000 0.000000 0.000000
vn 0.100000 0.000000 0.000000
vn 0.100000 0.000000 0.000000
vn 0.100000 0.000000 0.000000
vn 0.100000 0.000000 0.000000
vn 0.100000 0.000000 0.000000
vn 0.100000 0.000000 0.000000
vn 0.100000 0.000000 0.000000
vn 0.100000 0.000000 0.000000
vn 0.100000 0.000000 0.000000
vn 0.100000 0.000000 0.000000
vn 0.100000 0.000000 0.000000
vn 0.100000 0.000000 0.000000
vn 0.100000 0.000000 0.000000
vn 0.100000 0.000000 0.000000
vn 0.100000 0.000000 0.000000
vn 0.100000 0.000000 0.000000
vn 0.100000 0.000000 0.000000
vn 0.100000 0.000000 0.000000
vn 0.100000 0.000000 0.000000
vn 0.100000 0.000000 0.000000
vn 0.100000 0.000000 0.000000
vn 0.100000 0.000000 0.000000
vn 0.100000 0.000000 0.000000
vn 0.100000 0.000000 0.000000
vn 0.100000 0.000000 0.000000
vn 0.100000 0.000000 0.000000
vn 0.100000 0.000000 0.000000
vn 0.100000 0.000000 0.000000
vn 0.100000 0.000000 0.000000
vn 0.100000 0.000000 0.000000
vn 0.100000 0.000000 0.000000
vn 0.100000 0.000000 0.000000
vn 0.100000 0.000000 0.000000
vn 0.100000 0.000000 0.000000
vn 0.100000 0.000000 0.000000
vn 0.100000 0.000000 0.000000
vn 0.100000 0.000000 0.000000
vn 0.100000 0.000000 0.000000
vn 0.100000 0.000000 0.000000
vn 0.100000 0.000000 0.000000
vn 0.100000 0.000000 0.000000
vn 0.100000 0.000000 0.000000
vn 0.100000 0.000000 0.000000
vn 0.100000 0.000000 0.000000
vn 0.100000 0.000000 0.000000
vn 0.100000 0.000000 0.000000
vn 0.100000 0.000000 0.000000
vn 0.100000 0.000000 0.000000
vn 0.100000 0.000000 0.000000
vn 0.100000 0.000000 0.000000
vn 0.100000 0.000000 0.000000
vn 0.100000 0.000000 0.000000
vn 0.100000 0.000000 0.000000
vn 0.100000 0.000000 0.000000
vn 0.100000 0.000000 0.000000
vn 0.100000 0.000000 0.000000
vn 0.100000 0.000000 0.000000
vn 0.100000 0.000000 0.000000
vn 0.100000 0.000000 0.000000
vn -0.013053 -0.099144 0.000000
vn -0.013053 -0.099144 0.000000
vn -0.013053 -0.099144 0.000000
vn -0.013053 -0.099144 0.000000
vn -0.025882 -0.096593 0.000000
vn -0.025882 -0.096593 0.000000
vn -0.038268 -0.092388 0.000000
vn -0.038268 -0.092388 0.000000
vn -0.050000 -0.086603 0.000000
vn -0.050000 -0.086603 0.000000
vn -0.060876 -0.079335 0.000000
vn -0.060876 -0.079335 0.000000
vn -0.070711 -0.070711 0.000000
vn -0.070711 -0.070711 0.000000
vn -0.079335 -0.060876 0.000000
vn -0.079335 -0.060876 0.000000
vn -0.086603 -0.050000 0.000000
vn -0.086603 -0.050000 0.000000
vn -0.092388 -0.038268 0.000000
vn -0.092388 -0.038268 0.000000
vn -0.096593 -0.025882 0.000000
vn -0.096593 -0.025882 0.000000
vn -0.099144 -0.013053 0.000000
vn -0.099144 -0.013053 0.000000
vn -0.100000 0.000000 0.000000
vn -0.099144 -0.013053 0.000000
vn -0.099144 -0.013053 0.000000
vn -0.096593 -0.025882 0.000000
vn -0.096593 -0.025882 0.000000
vn -0.092388 -0.038268 0.000000
vn -0.092388 -0.038268 0.000000
vn -0.086603 -0.050000 0.000000
vn -0.086603 -0.050000 0.000000
vn -0.079335 -0.060876 0.000000
vn -0.079335 -0.060876 0.000000
vn -0.070711 -0.070711 0.000000
vn -0.070711 -0.070711 0.000000
vn -0.060876 -0.079335 0.000000
vn -0.060876 -0.079335 0.000000
vn -0.050000 -0.086603 0.000000
vn -0.050000 -0.086603 0.000000
vn -0.038268 -0.092388 0.000000
vn -0.038268 -0.092388 0.000000
vn -0.025882 -0.096593 0.000000
vn -0.025882 -0.096593 0.000000
vn -0.096593 -0.025882 0.000000
vn -0.099144 -0.013053 0.000000
vn -0.100000 0.000000 0.000000
vn -0.099144 -0.013053 0.000000
vn -0.025882 -0.096593 0.000000
vn -0.013053 -0.099144 0.000000
vn -0.013053 -0.099144 0.000000
vn -0.025882 -0.096593 0.000000
vn -0.038268 -0.092388 0.000000
vn -0.050000 -0.086603 0.000000
vn -0.060876 -0.079335 0.000000
vn -0.070711 -0.070711 0.000000
vn -0.079335 -0.060876 0.000000
vn -0.086603 -0.050000 0.000000
vn -0.092388 -0.038268 0.000000
vn -0.038268 -0.092388 0.000000
vn -0.050000 -0.086603 0.000000
vn -0.060876 -0.079335 0.000000
vn -0.070711 -0.070711 0.000000
vn -0.079335 -0.060876 0.000000
vn -0.086603 -0.050000 0.000000
vn -0.092388 -0.038268 0.000000
vn -0.096593 -0.025882 0.000000
vn -0.100000 0.000000 0.000000
vn -0.100000 0.000000 0.000000
vn -0.100000 0.000000 0.000000
vn -0.100000 0.000000 0.000000
vn -0.100000 0.000000 0.000000
vn -0.100000 0.000000 0.000000
vn -0.100000 0.000000 0.000000
vn -0.100000 0.000000 0.000000
vn -0.100000 0.000000 0.000000
vn -0.100000 0.000000 0.000000
vn -0.100000 0.000000 0.000000
vn -0.100000 0.000000 0.000000
vn -0.100000 0.000000 0.000000
vn -0.100000 0.000000 0.000000
vn -0.100000 0.000000 0.000000
vn -0.100000 0.000000 0.000000
vn -0.100000 0.000000 0.000000
vn -0.100000 0.000000 0.000000
vn -0.100000 0.000000 0.000000
vn -0.100000 0.000000 0.000000
vn -0.100000 0.000000 0.000000
vn -0.100000 0.000000 0.000000
vn -0.100000 0.000000 0.000000
vn -0.100000 0.000000 0.000000
vn -0.100000 0.000000 0.000000
vn -0.100000 0.000000 0.000000
vn -0.100000 0.000000 0.000000
vn -0.100000 0.000000 0.000000
vn -0.100000 0.000000 0.000000
vn -0.100000 0.000000 0.000000
vn -0.100000 0.000000 0.000000
vn -0.100000 0.000000 0.000000
vn -0.100000 0.000000 0.000000
vn -0.100000 0.000000 0.000000
vn -0.100000 0.000000 0.000000
vn -0.100000 0.000000 0.000000
vn -0.100000 0.000000 0.000000
vn -0.100000 0.000000 0.000000
vn -0.100000 0.000000 0.000000
vn -0.100000 0.000000 0.000000
vn -0.100000 0.000000 0.000000
vn -0.100000 0.000000 0.000000
vn -0.100000 0.000000 0.000000
vn -0.100000 0.000000 0.000000
vn -0.100000 0.000000 0.000000
vn -0.100000 0.000000 0.000000
vn -0.100000 0.000000 0.000000
vn -0.100000 0.000000 0.000000
vn -0.100000 0.000000 0.000000
vn -0.100000 0.000000 0.000000
vn -0.100000 0.000000 0.000000
vn -0.100000 0.000000 0.000000
vn -0.100000 0.000000 0.000000
vn -0.100000 0.000000 0.000000
vn -0.100000 0.000000 0.000000
vn -0.100000 0.000000 0.000000
vn -0.100000 0.000000 0.000000
vn -0.100000 0.000000 0.000000
vn -0.100000 0.000000 0.000000
vn -0.100000 0.000000 0.000000
vn -0.100000 0.000000 0.000000
vn -0.100000 0.000000 0.000000
vn -0.100000 0.000000 0.000000
vn -0.100000 0.000000 0.000000
vn -0.100000 0.000000 0.000000
vn -0.100000 0.000000 0.000000
vn -0.100000 0.000000 0.000000
vn -0.100000 0.000000 0.000000
vn -0.100000 0.000000 0.000000
vn -0.100000 0.000000 0.000000
vn -0.100000 0.000000 0.000000
vn -0.100000 0.000000 0.000000
vn -0.100000 0.000000 0.000000
vn -0.100000 0.000000 0.000000
vn -0.100000 0.000000 0.000000
vn -0.100000 0.000000 0.000000
vn -0.100000 0.000000 0.000000
vn -0.100000 0.000000 0.000000
vn -0.100000 0.000000 0.000000
vn -0.100000 0.000000 0.000000
vn -0.100000 0.000000 0.000000
vn -0.100000 0.000000 0.000000
vn -0.100000 0.000000 0.000000
vn -0.100000 0.000000 0.000000
vn -0.100000 0.000000 0.000000
vn -0.100000 0.000000 0.000000
vn -0.100000 0.000000 0.000000
vn -0.100000 0.000000 0.000000
vn -0.100000 0.000000 0.000000
vn -0.100000 0.000000 0.000000
vn -0.100000 0.000000 0.000000
vn -0.100000 0.000000 0.000000
vn -0.100000 0.000000 0.000000
vn -0.100000 0.000000 0.000000
vn -0.100000 0.000000 0.000000
vn -0.100000 0.000000 0.000000
vn -0.100000 0.000000 0.000000
vn -0.100000 0.000000 0.000000
vn -0.100000 0.000000 0.000000
vn -0.100000 0.000000 0.000000
vn -0.100000 0.000000 0.000000
vn -0.100000 0.000000 0.000000
vn -0.100000 0.000000 0.000000
vn -0.100000 0.000000 0.000000
vn -0.100000 0.000000 0.000000
vn -0.100000 0.000000 0.000000
vn -0.100000 0.000000 0.000000
vn -0.100000 0.000000 0.000000
vn -0.100000 0.000000 0.000000
vn -0.100000 0.000000 0.000000
vn -0.100000 0.000000 0.000000
vn -0.100000 0.000000 0.000000
vn -0.100000 0.000000 0.000000
vn -0.100000 0.000000 0.000000
vn -0.100000 0.000000 0.000000
vn -0.100000 0.000000 0.000000
vn -0.100000 0.000000 0.000000
vn -0.100000 0.000000 0.000000
vn -0.100000 0.000000 0.000000
vn -0.100000 0.000000 0.000000
vn -0.100000 0.000000 0.000000
vn -0.100000 0.000000 0.000000
vn -0.100000 0.000000 0.000000
vn -0.100000 0.000000 0.000000
vn -0.100000 0.000000 0.000000
vn -0.100000 0.000000 0.000000
vn -0.100000 0.000000 0.000000
vn -0.100000 0.000000 0.000000
vn -0.100000 0.000000 0.000000
vn -0.100000 0.000000 0.000000
vn -0.100000 0.000000 0.000000
vn -0.100000 0.000000 0.000000
vn -0.100000 0.000000 0.000000
vn -0.100000 0.000000 0.000000
vn -0.100000 0.000000 0.000000
vn -0.100000 0.000000 0.000000
vn -0.100000 0.000000 0.000000
vn -0.100000 0.000000 0.000000
vn -0.100000 0.000000 0.000000
vn -0.100000 0.000000 0.000000
vn -0.100000 0.000000 0.000000
vn -0.100000 0.000000 0.000000
vn -0.100000 0.000000 0.000000
vn -0.100000 0.000000 0.000000
vn -0.100000 0.000000 0.000000
vn -0.100000 0.000000 0.000000
vn -0.100000 0.000000 0.000000
vn -0.100000 0.000000 0.000000
vn -0.100000 0.000000 0.000000
vn -0.100000 0.000000 0.000000
vn -0.100000 0.000000 0.000000
vn -0.100000 0.000000 0.000000
vn -0.100000 0.000000 0.000000
vn -0.100000 0.000000 0.000000
vn -0.100000 0.000000 0.000000
vn -0.100000 0.000000 0.000000
vn -0.100000 0.000000 0.000000
vn -0.100000 0.000000 0.000000
vn -0.100000 0.000000 0.000000
vn -0.100000 0.000000 0.000000
vn -0.100000 0.000000 0.000000
vn -0.100000 0.000000 0.000000
vn -0.100000 0.000000 0.000000
vn -0.100000 0.000000 0.000000
vn -0.100000 0.000000 0.000000
vn -0.100000 0.000000 0.000000
vn -0.100000 0.000000 0.000000
vn -0.100000 0.000000 0.000000
vn -0.100000 0.000000 0.000000
vn -0.100000 0.000000 0.000000
vn -0.100000 0.000000 0.000000
vn -0.100000 0.000000 0.000000
vn -0.100000 0.000000 0.000000
vn -0.100000 0.000000 0.000000
vn -0.100000 0.000000 0.000000
vn -0.100000 0.000000 0.000000
vn -0.100000 0.000000 0.000000
vn -0.100000 0.000000 0.000000
vn -0.100000 0.000000 0.000000
vn -0.100000 0.000000 0.000000
vn -0.100000 0.000000 0.000000
vn -0.100000 0.000000 0.000000
vn -0.100000 0.000000 0.000000
vn -0.100000 0.000000 0.000000
vn -0.100000 0.000000 0.000000
vn -0.100000 0.000000 0.000000
vn -0.100000 0.000000 0.000000
vn -0.100000 0.000000 0.000000
vn -0.100000 0.000000 0.000000
vn -0.100000 0.000000 0.000000
vn -0.100000 0.000000 0.000000
vn -0.100000 0.000000 0.000000
vn -0.100000 0.000000 0.000000
vn -0.100000 0.000000 0.000000
vn -0.100000 0.000000 0.000000
vn -0.100000 0.000000 0.000000
vn -0.100000 0.000000 0.000000
vn -0.100000 0.000000 0.000000
vn -0.100000 0.000000 0.000000
vn -0.100000 0.000000 0.000000
vn -0.100000 0.000000 0.000000
vn -0.100000 0.000000 0.000000
vn -0.100000 0.000000 0.000000
vn -0.100000 0.000000 0.000000
vn -0.100000 0.000000 0.000000
vn -0.100000 0.000000 0.000000
vn -0.100000 0.000000 0.000000
vn -0.100000 0.000000 0.000000
vn -0.100000 0.000000 0.000000
vn -0.100000 0.000000 0.000000
vn -0.100000 0.000000 0.000000
vn -0.100000 0.000000 0.000000
vn -0.100000 0.000000 0.000000
vn -0.100000 0.000000 0.000000
vn -0.100000 0.000000 0.000000
vn -0.100000 0.000000 0.000000
vn -0.100000 0.000000 0.000000
vn -0.100000 0.000000 0.000000
vn -0.100000 0.000000 0.000000
vn -0.100000 0.000000 0.000000
vn -0.100000 0.000000 0.000000
vn -0.100000 0.000000 0.000000
vn -0.100000 0.000000 0.000000
vn -0.100000 0.000000 0.000000
vn -0.100000 0.000000 0.000000
vn -0.100000 0.000000 0.000000
vn -0.100000 0.000000 0.000000
vn -0.100000 0.000000 0.000000
vn -0.100000 0.000000 0.000000
vn -0.100000 0.000000 0.000000
vn -0.100000 0.000000 0.000000
vn -0.100000 0.000000 0.000000
vn -0.100000 0.000000 0.000000
vn -0.100000 0.000000 0.000000
vn -0.100000 0.000000 0.000000
vn -0.100000 0.000000 0.000000
vn -0.100000 0.000000 0.000000
vn -0.100000 0.000000 0.000000
vn -0.100000 0.000000 0.000000
vn -0.100000 0.000000 0.000000
vn -0.100000 0.000000 0.000000
vn -0.100000 0.000000 0.000000
vn -0.100000 0.000000 0.000000
vn -0.100000 0.000000 0.000000
vn -0.100000 0.000000 0.000000
vn -0.100000 0.000000 0.000000
vn -0.100000 0.000000 0.000000
vn -0.100000 0.000000 0.000000
vn -0.100000 0.000000 0.000000
vn -0.100000 0.000000 0.000000
vn -0.100000 0.000000 0.000000
vn -0.100000 0.000000 0.000000
vn -0.100000 0.000000 0.000000
vn -0.100000 0.000000 0.000000
vn -0.100000 0.000000 0.000000
vn -0.100000 0.000000 0.000000
vn -0.100000 0.000000 0.000000
vn -0.100000 0.000000 0.000000
vn -0.100000 0.000000 0.000000
vn -0.100000 0.000000 0.000000
vn -0.100000 0.000000 0.000000
vn -0.100000 0.000000 0.000000
vn -0.100000 0.000000 0.000000
vn -0.100000 0.000000 0.000000
vn -0.100000 0.000000 0.000000
vn -0.100000 0.000000 0.000000
vn -0.100000 0.000000 0.000000
vn -0.100000 0.000000 0.000000
vn -0.100000 0.000000 0.000000
vn -0.100000 0.000000 0.000000
vn -0.100000 0.000000 0.000000
vn -0.100000 0.000000 0.000000
vn -0.100000 0.000000 0.000000
vn -0.100000 0.000000 0.000000
vn -0.100000 0.000000 0.000000
vn -0.100000 0.000000 0.000000
vn -0.100000 0.000000 0.000000
vn -0.100000 0.000000 0.000000
vn -0.100000 0.000000 0.000000
vn -0.100000 0.000000 0.000000
vn -0.100000 0.000000 0.000000
vn -0.100000 0.000000 0.000000
vn -0.100000 0.000000 0.000000
vn -0.100000 0.000000 0.000000
vn -0.100000 0.000000 0.000000
vn -0.100000 0.000000 0.000000
vn -0.100000 0.000000 0.000000
vn -0.100000 0.000000 0.000000
vn -0.100000 0.000000 0.000000
vn -0.100000 0.000000 0.000000
vn -0.100000 0.000000 0.000000
vn -0.100000 0.000000 0.000000
vn -0.100000 0.000000 0.000000
vn -0.100000 0.000000 0.000000
vn 0.099144 -0.013053 0.000000
vn 0.099144 -0.013053 0.000000
vn 0.099144 -0.013053 0.000000
vn 0.099144 -0.013053 0.000000
vn 0.096593 -0.025882 0.000000
vn 0.096593 -0.025882 0.000000
vn 0.092388 -0.038268 0.000000
vn 0.092388 -0.038268 0.000000
vn 0.086603 -0.050000 0.000000
vn 0.086603 -0.050000 0.000000
vn 0.079335 -0.060876 0.000000
vn 0.079335 -0.060876 0.000000
vn 0.070711 -0.070711 0.000000
vn 0.070711 -0.070711 0.000000
vn 0.060876 -0.079335 0.000000
vn 0.060876 -0.079335 0.000000
vn 0.050000 -0.086603 0.000000
vn 0.050000 -0.086603 0.000000
vn 0.038268 -0.092388 0.000000
vn 0.038268 -0.092388 0.000000
vn 0.025882 -0.096593 0.000000
vn 0.025882 -0.096593 0.000000
vn 0.013053 -0.099144 0.000000
vn 0.013053 -0.099144 0.000000
vn 0.013053 -0.099144 0.000000
vn 0.013053 -0.099144 0.000000
vn 0.025882 -0.096593 0.000000
vn 0.025882 -0.096593 0.000000
vn 0.038268 -0.092388 0.000000
vn 0.038268 -0.092388 0.000000
vn 0.050000 -0.086603 0.000000
vn 0.050000 -0.086603 0.000000
vn 0.060876 -0.079335 0.000000
vn 0.060876 -0.079335 0.000000
vn 0.070711 -0.070711 0.000000
vn 0.070711 -0.070711 0.000000
vn 0.079335 -0.060876 0.000000
vn 0.079335 -0.060876 0.000000
vn 0.086603 -0.050000 0.000000
vn 0.086603 -0.050000 0.000000
vn 0.092388 -0.038268 0.000000
vn 0.092388 -0.038268 0.000000
vn 0.096593 -0.025882 0.000000
vn 0.096593 -0.025882 0.000000
vn 0.025882 -0.096593 0.000000
vn 0.013053 -0.099144 0.000000
vn 0.013053 -0.099144 0.000000
vn 0.096593 -0.025882 0.000000
vn 0.099144 -0.013053 0.000000
vn 0.099144 -0.013053 0.000000
vn 0.096593 -0.025882 0.000000
vn 0.092388 -0.038268 0.000000
vn 0.086603 -0.050000 0.000000
vn 0.079335 -0.060876 0.000000
vn 0.070711 -0.070711 0.000000
vn 0.060876 -0.079335 0.000000
vn 0.050000 -0.086603 0.000000
vn 0.038268 -0.092388 0.000000
vn 0.092388 -0.038268 0.000000
vn 0.086603 -0.050000 0.000000
vn 0.079335 -0.060876 0.000000
vn 0.070711 -0.070711 0.000000
vn 0.060876 -0.079335 0.000000
vn 0.050000 -0.086603 0.000000
vn 0.038268 -0.092388 0.000000
vn 0.025882 -0.096593 0.000000
vn 0.099144 0.013053 0.000000
vn 0.099144 0.013053 0.000000
vn 0.099144 0.013053 0.000000
vn 0.099144 0.013053 0.000000
vn 0.096593 0.025882 0.000000
vn 0.096593 0.025882 0.000000
vn 0.092388 0.038268 0.000000
vn 0.092388 0.038268 0.000000
vn 0.086603 0.050000 0.000000
vn 0.086603 0.050000 0.000000
vn 0.079335 0.060876 0.000000
vn 0.079335 0.060876 0.000000
vn 0.070711 0.070711 0.000000
vn 0.070711 0.070711 0.000000
vn 0.060876 0.079335 0.000000
vn 0.060876 0.079335 0.000000
vn 0.050000 0.086603 0.000000
vn 0.050000 0.086603 0.000000
vn 0.038268 0.092388 0.000000
vn 0.038268 0.092388 0.000000
vn 0.025882 0.096593 0.000000
vn 0.025882 0.096593 0.000000
vn 0.013053 0.099144 0.000000
vn 0.013053 0.099144 0.000000
vn 0.013053 0.099144 0.000000
vn 0.013053 0.099144 0.000000
vn 0.025882 0.096593 0.000000
vn 0.025882 0.096593 0.000000
vn 0.038268 0.092388 0.000000
vn 0.038268 0.092388 0.000000
vn 0.050000 0.086603 0.000000
vn 0.050000 0.086603 0.000000
vn 0.060876 0.079335 0.000000
vn 0.060876 0.079335 0.000000
vn 0.070711 0.070711 0.000000
vn 0.070711 0.070711 0.000000
vn 0.079335 0.060876 0.000000
vn 0.079335 0.060876 0.000000
vn 0.086603 0.050000 0.000000
vn 0.086603 0.050000 0.000000
vn 0.092388 0.038268 0.000000
vn 0.092388 0.038268 0.000000
vn 0.096593 0.025882 0.000000
vn 0.096593 0.025882 0.000000
vn 0.025882 0.096593 0.000000
vn 0.013053 0.099144 0.000000
vn 0.013053 0.099144 0.000000
vn 0.096593 0.025882 0.000000
vn 0.099144 0.013053 0.000000
vn 0.099144 0.013053 0.000000
vn 0.096593 0.025882 0.000000
vn 0.092388 0.038268 0.000000
vn 0.086603 0.050000 0.000000
vn 0.079335 0.060876 0.000000
vn 0.070711 0.070711 0.000000
vn 0.060876 0.079335 0.000000
vn 0.050000 0.086603 0.000000
vn 0.038268 0.092388 0.000000
vn 0.092388 0.038268 0.000000
vn 0.086603 0.050000 0.000000
vn 0.079335 0.060876 0.000000
vn 0.070711 0.070711 0.000000
vn 0.060876 0.079335 0.000000
vn 0.050000 0.086603 0.000000
vn 0.038268 0.092388 0.000000
vn 0.025882 0.096593 0.000000
vn -0.099144 0.013053 -0.000000
vn -0.099144 0.013053 -0.000000
vn -0.099144 0.013053 -0.000000
vn -0.099144 0.013053 -0.000000
vn -0.096593 0.025882 -0.000000
vn -0.096593 0.025882 -0.000000
vn -0.092388 0.038268 -0.000000
vn -0.092388 0.038268 -0.000000
vn -0.086603 0.050000 -0.000000
vn -0.086603 0.050000 -0.000000
vn -0.079335 0.060876 -0.000000
vn -0.079335 0.060876 -0.000000
vn -0.070711 0.070711 -0.000000
vn -0.070711 0.070711 -0.000000
vn -0.060876 0.079335 -0.000000
vn -0.060876 0.079335 -0.000000
vn -0.050000 0.086603 -0.000000
vn -0.050000 0.086603 -0.000000
vn -0.038268 0.092388 -0.000000
vn -0.038268 0.092388 -0.000000
vn -0.025882 0.096593 -0.000000
vn -0.025882 0.096593 -0.000000
vn -0.013053 0.099144 -0.000000
vn -0.013053 0.099144 -0.000000
vn -0.013053 0.099144 -0.000000
vn -0.013053 0.099144 -0.000000
vn -0.025882 0.096593 -0.000000
vn -0.025882 0.096593 -0.000000
vn -0.038268 0.092388 -0.000000
vn -0.038268 0.092388 -0.000000
vn -0.050000 0.086603 -0.000000
vn -0.050000 0.086603 -0.000000
vn -0.060876 0.079335 -0.000000
vn -0.060876 0.079335 -0.000000
vn -0.070711 0.070711 -0.000000
vn -0.070711 0.070711 -0.000000
vn -0.079335 0.060876 -0.000000
vn -0.079335 0.060876 -0.000000
vn -0.086603 0.050000 -0.000000
vn -0.086603 0.050000 -0.000000
vn -0.092388 0.038268 -0.000000
vn -0.092388 0.038268 -0.000000
vn -0.096593 0.025882 -0.000000
vn -0.096593 0.025882 -0.000000
vn -0.025882 0.096593 -0.000000
vn -0.013053 0.099144 -0.000000
vn -0.013053 0.099144 -0.000000
vn -0.096593 0.025882 -0.000000
vn -0.099144 0.013053 -0.000000
vn -0.099144 0.013053 -0.000000
vn -0.096593 0.025882 -0.000000
vn -0.092388 0.038268 -0.000000
vn -0.086603 0.050000 -0.000000
vn -0.079335 0.060876 -0.000000
vn -0.070711 0.070711 -0.000000
vn -0.060876 0.079335 -0.000000
vn -0.050000 0.086603 -0.000000
vn -0.038268 0.092388 -0.000000
vn -0.092388 0.038268 -0.000000
vn -0.086603 0.050000 -0.000000
vn -0.079335 0.060876 -0.000000
vn -0.070711 0.070711 -0.000000
vn -0.060876 0.079335 -0.000000
vn -0.050000 0.086603 -0.000000
vn -0.038268 0.092388 -0.000000
vn -0.025882 0.096593 -0.000000
vn 0.000000 0.000000 -0.100000
vn 0.000000 0.000000 -0.100000
vn 0.000000 0.000000 -0.100000
vn 0.000000 0.000000 -0.100000
vn 0.000000 0.000000 -0.100000
vn 0.000000 0.000000 -0.100000
vn 0.000000 0.000000 -0.100000
vn 0.000000 0.000000 -0.100000
vn 0.000000 0.000000 -0.100000
vn 0.000000 0.000000 -0.100000
vn 0.000000 0.000000 -0.100000
vn 0.000000 0.000000 -0.100000
vn 0.000000 0.000000 -0.100000
vn 0.000000 0.000000 -0.100000
vn 0.000000 0.000000 -0.100000
vn 0.000000 0.000000 -0.100000
vn 0.000000 0.000000 -0.100000
vn 0.000000 0.000000 -0.100000
vn 0.000000 0.000000 -0.100000
vn 0.000000 0.000000 -0.100000
vn 0.000000 0.000000 -0.100000
vn 0.000000 0.000000 -0.100000
vn 0.000000 0.000000 -0.100000
vn 0.000000 0.000000 -0.100000
vn 0.000000 0.000000 -0.100000
vn 0.000000 0.000000 -0.100000
vn 0.000000 0.000000 -0.100000
vn 0.000000 0.000000 -0.100000
vn 0.000000 0.000000 -0.100000
vn 0.000000 0.000000 -0.100000
vn 0.000000 0.000000 -0.100000
vn 0.000000 0.000000 -0.100000
vn 0.000000 0.000000 -0.100000
vn 0.000000 0.000000 -0.100000
vn 0.000000 0.000000 -0.100000
vn 0.000000 0.000000 -0.100000
vn 0.000000 0.000000 -0.100000
vn 0.000000 0.000000 -0.100000
vn 0.000000 0.000000 -0.100000
vn 0.000000 0.000000 -0.100000
vn 0.000000 0.000000 -0.100000
vn 0.000000 0.000000 -0.100000
vn 0.000000 0.000000 -0.100000
vn 0.000000 0.000000 -0.100000
vn 0.000000 0.000000 -0.100000
vn 0.000000 0.000000 -0.100000
vn 0.000000 0.000000 -0.100000
vn 0.000000 0.000000 -0.100000
vn 0.000000 0.000000 -0.100000
vn 0.000000 0.000000 -0.100000
vn 0.000000 0.000000 -0.100000
vn 0.000000 0.000000 -0.100000
vn 0.000000 0.000000 -0.100000
vn 0.000000 0.000000 -0.100000
vn 0.000000 0.000000 -0.100000
vn 0.000000 0.000000 -0.100000
vn 0.000000 -0.100000 0.000000
vn 0.000000 -0.100000 0.000000
vn 0.000000 -0.100000 0.000000
vn 0.000000 -0.100000 0.000000
vn 0.000000 -0.100000 0.000000
vn 0.000000 -0.100000 0.000000
vn 0.000000 -0.100000 0.000000
vn 0.000000 -0.100000 0.000000
vn 0.000000 -0.100000 0.000000
vn 0.000000 -0.100000 0.000000
vn 0.000000 -0.100000 0.000000
vn 0.000000 -0.100000 0.000000
vn 0.000000 -0.100000 0.000000
vn 0.000000 -0.100000 0.000000
vn 0.000000 -0.100000 0.000000
vn 0.000000 -0.100000 0.000000
vn 0.100000 0.000000 0.000000
vn 0.100000 0.000000 0.000000
vn 0.100000 0.000000 0.000000
vn 0.100000 0.000000 0.000000
vn 0.100000 0.000000 0.000000
vn 0.100000 0.000000 0.000000
vn 0.100000 0.000000 0.000000
vn 0.100000 0.000000 0.000000
vn -0.100000 0.000000 0.000000
vn -0.100000 0.000000 0.000000
vn -0.100000 0.000000 0.000000
vn -0.100000 0.000000 0.000000
vn -0.100000 0.000000 0.000000
vn -0.100000 0.000000 0.000000
vn -0.100000 0.000000 0.000000
vn -0.100000 0.000000 0.000000
vn -0.100000 0.000000 0.000000
vn -0.100000 0.000000 0.000000
vn -0.100000 0.000000 0.000000
vn -0.100000 0.000000 0.000000
vn 0.000000 0.000000 -0.100000
vn 0.000000 0.000000 -0.100000
vn 0.000000 0.000000 -0.100000
vn 0.000000 0.000000 -0.100000
vn 0.000000 0.000000 -0.100000
vn 0.000000 0.000000 -0.100000
vn 0.000000 0.000000 -0.100000
vn 0.000000 0.000000 -0.100000
vn 0.000000 0.000000 0.100000
vn 0.000000 0.000000 0.100000
vn 0.000000 0.000000 0.100000
vn 0.000000 0.000000 0.100000
vn 0.000000 0.000000 0.100000
vn 0.000000 0.000000 0.100000
vn 0.000000 0.000000 0.100000
vn 0.000000 0.000000 0.100000
vn 0.000000 0.000000 0.100000
vn 0.000000 0.000000 0.100000
vn 0.000000 0.000000 0.100000
vn 0.000000 0.000000 0.100000
usemtl Stahl_-_satiniert
f 2/1/1 4/2/2 1/3/3
f 1/3/3 4/2/2 5/4/4
f 1/3/3 5/4/4 6/5/5
f 2/1/1 3/6/6 4/2/2
f 7/7/7 9/8/8 1/9/9
f 1/9/9 9/8/8 12/10/10
f 1/9/9 12/10/10 2/11/11
f 7/7/7 8/12/12 9/8/8
f 9/8/8 10/13/13 12/10/10
f 12/10/10 10/13/13 11/14/14
f 12/15/15 3/16/16 2/17/17
f 13/18/18 9/19/19 8/20/20
f 9/21/21 13/22/22 10/23/23
f 10/23/23 13/22/22 29/24/24
f 29/24/24 13/22/22 28/25/25
f 28/25/25 13/22/22 27/26/26
f 27/26/26 13/22/22 26/27/27
f 26/27/27 13/22/22 25/28/28
f 25/28/28 13/22/22 24/29/29
f 24/29/29 13/22/22 23/30/30
f 23/30/30 13/22/22 22/31/31
f 22/31/31 13/22/22 14/32/32
f 22/31/31 14/32/32 21/33/33
f 21/33/33 14/32/32 20/34/34
f 20/34/34 14/32/32 19/35/35
f 19/35/35 14/32/32 18/36/36
f 18/36/36 14/32/32 17/37/37
f 17/37/37 14/32/32 16/38/38
f 16/38/38 14/32/32 15/39/39
f 30/40/40 31/41/41 4/42/42
f 4/42/42 31/41/41 5/43/43
f 51/44/44 32/45/45 50/46/46
f 50/46/46 32/45/45 33/47/47
f 50/46/46 33/47/47 49/48/48
f 49/48/48 33/47/47 34/49/49
f 49/48/48 34/49/49 48/50/50
f 48/50/50 34/49/49 35/51/51
f 48/50/50 35/51/51 47/52/52
f 47/52/52 35/51/51 36/53/53
f 47/52/52 36/53/53 46/54/54
f 46/54/54 36/53/53 37/55/55
f 46/54/54 37/55/55 45/56/56
f 45/56/56 37/55/55 38/57/57
f 45/56/56 38/57/57 44/58/58
f 44/58/58 38/57/57 39/59/59
f 44/58/58 39/59/59 43/60/60
f 43/60/60 39/59/59 40/61/61
f 43/60/60 40/61/61 42/62/62
f 42/62/62 40/61/61 41/63/63
f 51/64/44 52/65/64 32/66/45
f 32/66/45 52/65/64 53/67/65
f 50/68/66 276/69/67 51/70/68
f 51/70/68 276/69/67 277/71/69
f 51/70/68 277/71/69 52/72/70
f 52/72/70 277/71/69 252/73/71
f 52/72/70 252/73/71 253/74/72
f 50/68/66 49/75/73 276/69/67
f 276/69/67 49/75/73 48/76/74
f 276/69/67 48/76/74 47/77/75
f 47/77/75 46/78/76 276/69/67
f 276/69/67 46/78/76 42/79/77
f 276/69/67 42/79/77 54/80/78
f 46/78/76 45/81/79 42/79/77
f 42/79/77 45/81/79 44/82/80
f 42/79/77 44/82/80 43/83/81
f 55/84/82 250/85/83 54/80/78
f 54/80/78 250/85/83 247/86/84
f 54/80/78 247/86/84 276/69/67
f 276/69/67 247/86/84 248/87/85
f 276/69/67 248/87/85 271/88/86
f 271/88/86 248/87/85 249/89/87
f 271/88/86 249/89/87 274/90/88
f 274/90/88 249/89/87 269/91/89
f 274/90/88 269/91/89 273/92/90
f 273/92/90 269/91/89 272/93/91
f 272/93/91 269/91/89 270/94/92
f 272/93/91 270/94/92 275/95/93
f 275/95/93 270/94/92 257/96/94
f 275/95/93 257/96/94 261/97/95
f 261/97/95 257/96/94 260/98/96
f 260/98/96 257/96/94 259/99/97
f 259/99/97 257/96/94 258/100/98
f 55/84/82 56/101/99 250/85/83
f 250/85/83 56/101/99 220/102/100
f 250/85/83 220/102/100 93/103/101
f 93/103/101 220/102/100 221/104/102
f 93/103/101 221/104/102 181/105/103
f 181/105/103 221/104/102 218/106/104
f 181/105/103 218/106/104 180/107/105
f 180/107/105 218/106/104 152/108/106
f 180/107/105 152/108/106 184/109/107
f 184/109/107 152/108/106 153/110/108
f 184/109/107 153/110/108 198/111/109
f 198/111/109 153/110/108 154/112/110
f 198/111/109 154/112/110 197/113/111
f 197/113/111 154/112/110 156/114/112
f 197/113/111 156/114/112 201/115/113
f 201/115/113 156/114/112 157/116/114
f 201/115/113 157/116/114 176/117/115
f 176/117/115 157/116/114 158/118/116
f 176/117/115 158/118/116 175/119/117
f 175/119/117 158/118/116 70/120/118
f 175/119/117 70/120/118 179/121/119
f 179/121/119 70/120/118 71/122/120
f 179/121/119 71/122/120 215/123/121
f 215/123/121 71/122/120 72/124/122
f 215/123/121 72/124/122 214/125/123
f 214/125/123 72/124/122 92/126/124
f 214/125/123 92/126/124 217/127/125
f 217/127/125 92/126/124 216/128/126
f 216/128/126 92/126/124 178/129/127
f 216/128/126 178/129/127 179/121/119
f 220/102/100 56/101/99 219/130/128
f 219/130/128 56/101/99 57/131/129
f 219/130/128 57/131/129 151/132/130
f 151/132/130 57/131/129 58/133/131
f 151/132/130 58/133/131 150/134/132
f 150/134/132 58/133/131 148/135/133
f 150/134/132 148/135/133 155/136/134
f 155/136/134 148/135/133 149/137/135
f 155/136/134 149/137/135 118/138/136
f 118/138/136 149/137/135 117/139/137
f 117/139/137 149/137/135 116/140/138
f 116/140/138 149/137/135 146/141/139
f 116/140/138 146/141/139 254/142/140
f 254/142/140 146/141/139 147/143/141
f 254/142/140 147/143/141 253/74/72
f 253/74/72 147/143/141 52/72/70
f 58/133/131 52/72/70 148/135/133
f 148/135/133 52/72/70 147/143/141
f 60/144/142 61/145/143 59/146/144
f 59/146/144 61/145/143 62/147/145
f 59/146/144 62/147/145 63/148/146
f 59/146/144 63/148/146 74/149/147
f 74/149/147 63/148/146 64/150/148
f 74/149/147 64/150/148 65/151/149
f 65/151/149 66/152/150 74/149/147
f 74/149/147 66/152/150 67/153/151
f 74/149/147 67/153/151 68/154/152
f 69/155/153 128/156/154 68/154/152
f 68/154/152 128/156/154 129/157/155
f 68/154/152 129/157/155 130/158/156
f 70/120/118 159/159/157 69/155/153
f 69/155/153 159/159/157 126/160/158
f 69/155/153 126/160/158 127/161/159
f 72/124/122 73/162/160 92/126/124
f 92/126/124 73/162/160 212/163/161
f 92/126/124 212/163/161 213/164/162
f 73/162/160 74/149/147 212/163/161
f 212/163/161 74/149/147 211/165/163
f 211/165/163 74/149/147 95/166/164
f 211/165/163 95/166/164 210/167/165
f 210/167/165 95/166/164 172/168/166
f 210/167/165 172/168/166 213/164/162
f 213/164/162 172/168/166 173/169/167
f 213/164/162 173/169/167 92/126/124
f 92/126/124 173/169/167 174/170/168
f 92/126/124 174/170/168 163/171/169
f 163/171/169 174/170/168 171/172/170
f 163/171/169 171/172/170 162/173/171
f 162/173/171 171/172/170 95/166/164
f 162/173/171 95/166/164 96/174/172
f 76/175/173 77/176/174 75/177/175
f 75/177/175 77/176/174 78/178/176
f 75/177/175 78/178/176 79/179/177
f 79/179/177 80/180/178 75/177/175
f 75/177/175 80/180/178 81/181/179
f 75/177/175 81/181/179 82/182/180
f 82/182/180 83/183/181 75/177/175
f 75/177/175 83/183/181 114/184/182
f 75/177/175 114/184/182 90/185/183
f 90/185/183 114/184/182 115/186/184
f 90/185/183 115/186/184 243/187/185
f 243/187/185 115/186/184 242/188/186
f 242/188/186 115/186/184 224/189/187
f 242/188/186 224/189/187 225/190/188
f 83/183/181 84/191/189 114/184/182
f 114/184/182 84/191/189 113/192/190
f 113/192/190 84/191/189 112/193/191
f 112/193/191 84/191/189 111/194/192
f 111/194/192 84/191/189 110/195/193
f 110/195/193 84/191/189 109/196/194
f 109/196/194 84/191/189 108/197/195
f 108/197/195 84/191/189 85/198/196
f 108/197/195 85/198/196 107/199/197
f 107/199/197 85/198/196 106/200/198
f 106/200/198 85/198/196 135/201/199
f 106/200/198 135/201/199 105/202/200
f 105/202/200 135/201/199 136/203/201
f 105/202/200 136/203/201 104/204/202
f 104/204/202 136/203/201 103/205/203
f 103/205/203 136/203/201 102/206/204
f 102/206/204 136/203/201 101/207/205
f 101/207/205 136/203/201 100/208/206
f 100/208/206 136/203/201 99/209/207
f 99/209/207 136/203/201 98/210/208
f 98/210/208 136/203/201 207/211/209
f 98/210/208 207/211/209 97/212/210
f 97/212/210 207/211/209 96/174/172
f 96/174/172 207/211/209 202/213/211
f 96/174/172 202/213/211 203/214/212
f 85/198/196 86/215/213 135/201/199
f 135/201/199 86/215/213 139/216/214
f 139/216/214 86/215/213 193/217/215
f 139/216/214 193/217/215 194/218/216
f 193/217/215 86/215/213 192/219/217
f 192/219/217 86/215/213 87/220/218
f 192/219/217 87/220/218 187/221/219
f 187/221/219 87/220/218 88/222/220
f 187/221/219 88/222/220 186/223/221
f 186/223/221 88/222/220 144/224/222
f 186/223/221 144/224/222 185/225/223
f 185/225/223 144/224/222 145/226/224
f 185/225/223 145/226/224 226/227/225
f 226/227/225 145/226/224 140/228/226
f 226/227/225 140/228/226 229/229/227
f 229/229/227 140/228/226 141/230/228
f 229/229/227 141/230/228 268/231/229
f 268/231/229 141/230/228 267/232/230
f 267/232/230 141/230/228 142/233/231
f 267/232/230 142/233/231 245/234/232
f 245/234/232 142/233/231 143/235/233
f 245/234/232 143/235/233 244/236/234
f 244/236/234 143/235/233 89/237/235
f 244/236/234 89/237/235 243/187/185
f 243/187/185 89/237/235 90/185/183
f 88/222/220 89/237/235 144/224/222
f 144/224/222 89/237/235 143/235/233
f 92/126/124 163/171/169 91/238/236
f 91/238/236 163/171/169 164/239/237
f 91/238/236 164/239/237 204/240/238
f 204/240/238 164/239/237 203/214/212
f 203/214/212 164/239/237 161/241/239
f 203/214/212 161/241/239 96/174/172
f 96/174/172 161/241/239 162/173/171
f 93/103/101 200/242/240 92/126/124
f 92/126/124 200/242/240 177/243/241
f 92/126/124 177/243/241 178/129/127
f 250/85/83 93/103/101 249/89/87
f 249/89/87 93/103/101 94/244/242
f 249/89/87 94/244/242 269/91/89
f 269/91/89 94/244/242 268/231/229
f 268/231/229 94/244/242 229/229/227
f 91/238/236 196/245/243 94/244/242
f 94/244/242 196/245/243 189/246/244
f 94/244/242 189/246/244 228/247/245
f 228/247/245 189/246/244 190/248/246
f 228/247/245 190/248/246 227/249/247
f 227/249/247 190/248/246 185/225/223
f 227/249/247 185/225/223 226/227/225
f 224/189/187 115/186/184 223/250/248
f 223/250/248 115/186/184 116/140/138
f 223/250/248 116/140/138 255/251/249
f 255/251/249 116/140/138 254/142/140
f 155/136/134 118/138/136 160/252/250
f 160/252/250 118/138/136 119/253/251
f 160/252/250 119/253/251 120/254/252
f 120/254/252 121/255/253 160/252/250
f 160/252/250 121/255/253 122/256/254
f 160/252/250 122/256/254 123/257/255
f 123/257/255 124/258/256 160/252/250
f 160/252/250 124/258/256 125/259/257
f 160/252/250 125/259/257 159/159/157
f 159/159/157 125/259/257 126/160/158
f 127/161/159 128/156/154 69/155/153
f 130/158/156 131/260/258 68/154/152
f 68/154/152 131/260/258 132/261/259
f 68/154/152 132/261/259 133/262/260
f 133/262/260 134/263/261 68/154/152
f 68/154/152 134/263/261 74/149/147
f 134/263/261 95/166/164 74/149/147
f 207/211/209 136/203/201 206/264/262
f 206/264/262 136/203/201 137/265/263
f 206/264/262 137/265/263 166/266/264
f 166/266/264 137/265/263 165/267/265
f 165/267/265 137/265/263 138/268/266
f 165/267/265 138/268/266 194/218/216
f 194/218/216 138/268/266 139/216/214
f 151/132/130 152/108/106 219/130/128
f 219/130/128 152/108/106 218/106/104
f 156/114/112 154/112/110 160/252/250
f 160/252/250 154/112/110 155/136/134
f 158/118/116 159/159/157 70/120/118
f 166/266/264 167/269/267 206/264/262
f 206/264/262 167/269/267 209/270/268
f 209/270/268 167/269/267 91/238/236
f 209/270/268 91/238/236 208/271/269
f 208/271/269 91/238/236 205/272/270
f 208/271/269 205/272/270 202/213/211
f 167/269/267 168/273/271 91/238/236
f 91/238/236 168/273/271 169/274/272
f 91/238/236 169/274/272 196/245/243
f 196/245/243 169/274/272 195/275/273
f 195/275/273 169/274/272 170/276/274
f 195/275/273 170/276/274 165/267/265
f 171/172/170 172/168/166 95/166/164
f 176/117/115 177/243/241 201/115/113
f 201/115/113 177/243/241 200/242/240
f 181/105/103 182/277/275 93/103/101
f 93/103/101 182/277/275 183/278/276
f 93/103/101 183/278/276 199/279/277
f 199/279/277 183/278/276 184/109/107
f 199/279/277 184/109/107 198/111/109
f 187/221/219 188/280/278 192/219/217
f 192/219/217 188/280/278 191/281/279
f 191/281/279 188/280/278 196/245/243
f 196/245/243 188/280/278 189/246/244
f 194/218/216 195/275/273 165/267/265
f 199/279/277 200/242/240 93/103/101
f 204/240/238 205/272/270 91/238/236
f 207/211/209 208/271/269 202/213/211
f 215/123/121 216/128/126 179/121/119
f 223/250/248 255/251/249 222/282/280
f 222/282/280 255/251/249 256/283/281
f 222/282/280 256/283/281 241/284/282
f 241/284/282 256/283/281 240/285/283
f 240/285/283 256/283/281 251/286/284
f 240/285/283 251/286/284 278/287/285
f 278/287/285 251/286/284 277/71/69
f 277/71/69 251/286/284 252/73/71
f 242/188/186 225/190/188 241/284/282
f 241/284/282 225/190/188 222/282/280
f 228/247/245 229/229/227 94/244/242
f 246/288/286 230/289/287 278/287/285
f 278/287/285 230/289/287 231/290/288
f 278/287/285 231/290/288 232/291/289
f 232/291/289 233/292/290 278/287/285
f 278/287/285 233/292/290 234/293/291
f 278/287/285 234/293/291 235/294/292
f 278/287/285 235/294/292 239/295/293
f 239/295/293 235/294/292 236/296/294
f 239/295/293 236/296/294 237/297/295
f 237/297/295 238/298/296 239/295/293
f 239/295/293 240/285/283 278/287/285
f 245/234/232 246/288/286 267/232/230
f 267/232/230 246/288/286 266/299/297
f 266/299/297 246/288/286 275/95/93
f 266/299/297 275/95/93 265/300/298
f 265/300/298 275/95/93 264/301/299
f 264/301/299 275/95/93 263/302/300
f 263/302/300 275/95/93 262/303/301
f 262/303/301 275/95/93 261/97/95
f 275/95/93 246/288/286 278/287/285
f 276/69/67 271/88/86 275/95/93
f 275/95/93 271/88/86 272/93/91
f 257/304/302 279/305/303 258/306/304
f 258/306/304 279/305/303 280/307/305
f 258/306/304 280/307/305 259/308/306
f 259/308/306 280/307/305 281/309/307
f 259/308/306 281/309/307 260/310/308
f 260/310/308 281/309/307 282/311/309
f 260/310/308 282/311/309 261/312/310
f 261/312/310 282/311/309 283/313/311
f 261/312/310 283/313/311 262/314/312
f 262/314/312 283/313/311 284/315/313
f 262/314/312 284/315/313 263/316/314
f 263/316/314 284/315/313 285/317/315
f 263/316/314 285/317/315 264/318/316
f 264/318/316 285/317/315 286/319/317
f 264/318/316 286/319/317 265/320/318
f 265/320/318 286/319/317 287/321/319
f 265/320/318 287/321/319 266/322/320
f 266/322/320 287/321/319 288/323/321
f 257/324/302 270/325/322 279/326/303
f 279/326/303 270/325/322 289/327/323
f 230/328/324 290/329/325 231/330/326
f 231/330/326 290/329/325 291/331/327
f 231/330/326 291/331/327 232/332/328
f 232/332/328 291/331/327 292/333/329
f 232/332/328 292/333/329 233/334/330
f 233/334/330 292/333/329 293/335/331
f 233/334/330 293/335/331 234/336/332
f 234/336/332 293/335/331 294/337/333
f 234/336/332 294/337/333 235/338/334
f 235/338/334 294/337/333 295/339/335
f 235/338/334 295/339/335 236/340/336
f 236/340/336 295/339/335 296/341/337
f 236/340/336 296/341/337 237/342/338
f 237/342/338 296/341/337 297/343/339
f 237/342/338 297/343/339 238/344/340
f 238/344/340 297/343/339 298/345/341
f 238/344/340 298/345/341 239/346/342
f 239/346/342 298/345/341 299/347/343
f 299/348/343 300/349/344 239/350/342
f 239/350/342 300/349/344 240/351/345
f 272/352/346 271/353/347 302/354/348
f 302/354/348 271/353/347 301/355/349
f 252/356/350 251/357/351 304/358/352
f 304/358/352 251/357/351 303/359/353
f 248/360/354 247/361/355 306/362/356
f 306/362/356 247/361/355 305/363/357
f 230/364/324 246/365/358 290/366/325
f 290/366/325 246/365/358 307/367/359
f 277/368/360 276/369/361 309/370/362
f 309/370/362 276/369/361 308/371/363
f 41/372/63 310/373/364 42/374/62
f 42/374/62 310/373/364 54/375/365
f 309/376/366 311/377/367 277/378/368
f 277/378/368 311/377/367 278/379/369
f 311/380/370 312/381/371 278/382/372
f 278/382/372 312/381/371 275/383/373
f 312/384/374 308/385/375 275/386/376
f 275/386/376 308/385/375 276/387/377
f 300/388/378 313/389/379 240/390/380
f 240/390/380 313/389/379 241/391/381
f 288/392/382 314/393/383 266/394/384
f 266/394/384 314/393/383 267/395/385
f 302/396/386 315/397/387 272/398/388
f 272/398/388 315/397/387 273/399/389
f 310/400/390 316/401/391 54/402/392
f 54/402/392 316/401/391 55/403/393
f 40/404/394 39/405/395 41/406/396
f 41/406/396 39/405/395 38/407/397
f 41/406/396 38/407/397 37/408/398
f 41/406/396 37/408/398 308/409/399
f 308/409/399 37/408/398 36/410/400
f 308/409/399 36/410/400 35/411/401
f 35/411/401 34/412/402 308/409/399
f 308/409/399 34/412/402 33/413/403
f 308/409/399 33/413/403 32/414/404
f 308/409/399 32/414/404 309/415/405
f 309/415/405 32/414/404 53/416/406
f 309/415/405 53/416/406 304/417/407
f 304/417/407 53/416/406 346/418/408
f 346/418/408 53/416/406 398/419/409
f 346/418/408 398/419/409 345/420/410
f 345/420/410 398/419/409 399/421/411
f 345/420/410 399/421/411 367/422/412
f 367/422/412 399/421/411 400/423/413
f 367/422/412 400/423/413 366/424/414
f 366/424/414 400/423/413 365/425/415
f 365/425/415 400/423/413 404/426/416
f 365/425/415 404/426/416 410/427/417
f 410/427/417 404/426/416 405/428/418
f 410/427/417 405/428/418 409/429/419
f 409/429/419 405/428/418 466/430/420
f 409/429/419 466/430/420 467/431/421
f 398/419/409 53/416/406 401/432/422
f 401/432/422 53/416/406 317/433/423
f 401/432/422 317/433/423 403/434/424
f 403/434/424 317/433/423 402/435/425
f 402/435/425 317/433/423 318/436/426
f 402/435/425 318/436/426 324/437/427
f 324/437/427 318/436/426 319/438/428
f 324/437/427 319/438/428 323/439/429
f 323/439/429 319/438/428 316/440/430
f 323/439/429 316/440/430 322/441/431
f 322/441/431 316/440/430 310/442/432
f 322/441/431 310/442/432 305/443/433
f 305/443/433 310/442/432 308/409/399
f 305/443/433 308/409/399 306/444/434
f 306/444/434 308/409/399 301/445/435
f 306/444/434 301/445/435 321/446/436
f 321/446/436 301/445/435 342/447/437
f 321/446/436 342/447/437 315/448/438
f 310/442/432 41/406/396 308/409/399
f 287/449/439 312/450/440 288/451/441
f 288/451/441 312/450/440 307/452/442
f 288/451/441 307/452/442 397/453/443
f 397/453/443 307/452/442 338/454/444
f 397/453/443 338/454/444 396/455/445
f 396/455/445 338/454/444 339/456/446
f 396/455/445 339/456/446 460/457/447
f 460/457/447 339/456/446 340/458/448
f 460/457/447 340/458/448 459/459/449
f 459/459/449 340/458/448 368/460/450
f 459/459/449 368/460/450 369/461/451
f 287/449/439 286/462/452 312/450/440
f 312/450/440 286/462/452 285/463/453
f 312/450/440 285/463/453 284/464/454
f 284/464/454 283/465/455 312/450/440
f 312/450/440 283/465/455 279/466/456
f 312/450/440 279/466/456 289/467/457
f 283/465/455 282/468/458 279/466/456
f 279/466/456 282/468/458 281/469/459
f 279/466/456 281/469/459 280/470/460
f 312/450/440 289/467/457 302/471/461
f 302/471/461 289/467/457 320/472/462
f 302/471/461 320/472/462 315/448/438
f 315/448/438 320/472/462 321/446/436
f 324/437/427 325/473/463 402/435/425
f 402/435/425 325/473/463 407/474/464
f 407/474/464 325/473/463 433/475/465
f 407/474/464 433/475/465 434/476/466
f 433/475/465 325/473/463 432/477/467
f 432/477/467 325/473/463 326/478/468
f 432/477/467 326/478/468 436/479/469
f 436/479/469 326/478/468 327/480/470
f 436/479/469 327/480/470 435/481/471
f 435/481/471 327/480/470 469/482/472
f 435/481/471 469/482/472 465/483/473
f 469/482/472 327/480/470 468/484/474
f 468/484/474 327/480/470 328/485/475
f 468/484/474 328/485/475 431/486/476
f 431/486/476 328/485/475 430/487/477
f 430/487/477 328/485/475 501/488/478
f 430/487/477 501/488/478 498/489/479
f 329/490/480 416/491/481 328/485/475
f 328/485/475 416/491/481 425/492/482
f 328/485/475 425/492/482 426/493/483
f 15/494/484 445/495/485 329/490/480
f 329/490/480 445/495/485 420/496/486
f 329/490/480 420/496/486 421/497/487
f 330/498/488 334/499/489 15/494/484
f 15/494/484 334/499/489 439/500/490
f 15/494/484 439/500/490 440/501/491
f 331/502/492 332/503/493 330/498/488
f 330/498/488 332/503/493 334/499/489
f 332/503/493 333/504/494 334/499/489
f 334/499/489 335/505/495 439/500/490
f 439/500/490 335/505/495 438/506/496
f 438/506/496 335/505/495 394/507/497
f 438/506/496 394/507/497 395/508/498
f 394/507/497 335/505/495 393/509/499
f 393/509/499 335/505/495 336/510/500
f 393/509/499 336/510/500 337/511/501
f 393/509/499 337/511/501 392/512/502
f 392/512/502 337/511/501 314/513/503
f 392/512/502 314/513/503 397/453/443
f 397/453/443 314/513/503 288/451/441
f 298/514/504 297/515/505 299/516/506
f 299/516/506 297/515/505 296/517/507
f 299/516/506 296/517/507 295/518/508
f 299/516/506 295/518/508 311/519/509
f 311/519/509 295/518/508 294/520/510
f 311/519/509 294/520/510 293/521/511
f 293/521/511 292/522/512 311/519/509
f 311/519/509 292/522/512 291/523/513
f 311/519/509 291/523/513 290/524/514
f 290/524/514 307/452/442 311/519/509
f 311/519/509 307/452/442 312/450/440
f 340/458/448 341/525/515 368/460/450
f 368/460/450 341/525/515 505/526/516
f 368/460/450 505/526/516 502/527/517
f 505/526/516 341/525/515 504/528/518
f 504/528/518 341/525/515 313/529/519
f 504/528/518 313/529/519 343/530/520
f 343/530/520 313/529/519 303/531/521
f 303/531/521 313/529/519 300/532/522
f 303/531/521 300/532/522 311/519/509
f 311/519/509 300/532/522 299/516/506
f 302/471/461 301/445/435 312/450/440
f 312/450/440 301/445/435 308/409/399
f 504/528/518 343/530/520 503/533/523
f 503/533/523 343/530/520 344/534/524
f 503/533/523 344/534/524 502/527/517
f 502/527/517 344/534/524 367/422/412
f 502/527/517 367/422/412 368/460/450
f 344/534/524 345/420/410 367/422/412
f 304/417/407 303/531/521 309/415/405
f 309/415/405 303/531/521 311/519/509
f 348/535/525 413/536/526 347/537/527
f 347/537/527 413/536/526 414/538/528
f 347/537/527 414/538/528 486/539/529
f 486/539/529 414/538/528 415/540/530
f 486/539/529 415/540/530 489/541/531
f 489/541/531 415/540/530 329/490/480
f 489/541/531 329/490/480 488/542/532
f 488/542/532 329/490/480 493/543/533
f 488/542/532 493/543/533 487/544/534
f 487/544/534 493/543/533 490/545/535
f 487/544/534 490/545/535 347/537/527
f 347/537/527 490/545/535 386/546/536
f 386/546/536 490/545/535 385/547/537
f 385/547/537 490/545/535 387/548/538
f 385/547/537 387/548/538 384/549/539
f 384/549/539 387/548/538 383/550/540
f 383/550/540 387/548/538 382/551/541
f 382/551/541 387/548/538 381/552/542
f 381/552/542 387/548/538 380/553/543
f 380/553/543 387/548/538 379/554/544
f 379/554/544 387/548/538 378/555/545
f 378/555/545 387/548/538 388/556/546
f 378/555/545 388/556/546 377/557/547
f 377/557/547 388/556/546 464/558/548
f 377/557/547 464/558/548 376/559/549
f 376/559/549 464/558/548 375/560/550
f 375/560/550 464/558/548 449/561/551
f 375/560/550 449/561/551 374/562/552
f 374/562/552 449/561/551 373/563/553
f 373/563/553 449/561/551 372/564/554
f 372/564/554 449/561/551 371/565/555
f 371/565/555 449/561/551 370/566/556
f 370/566/556 449/561/551 369/461/451
f 369/461/451 449/561/551 450/567/557
f 369/461/451 450/567/557 459/459/449
f 459/459/449 450/567/557 451/568/558
f 459/459/449 451/568/558 458/569/559
f 458/569/559 451/568/558 452/570/560
f 458/569/559 452/570/560 453/571/561
f 349/572/562 480/573/563 348/535/525
f 348/535/525 480/573/563 494/574/564
f 348/535/525 494/574/564 495/575/565
f 480/573/563 349/572/562 470/576/566
f 470/576/566 349/572/562 350/577/567
f 470/576/566 350/577/567 351/578/568
f 351/578/568 352/579/569 470/576/566
f 470/576/566 352/579/569 353/580/570
f 470/576/566 353/580/570 354/581/571
f 354/581/571 355/582/572 470/576/566
f 470/576/566 355/582/572 485/583/573
f 485/583/573 355/582/572 356/584/574
f 485/583/573 356/584/574 357/585/575
f 485/583/573 357/585/575 411/586/576
f 411/586/576 357/585/575 358/587/577
f 411/586/576 358/587/577 410/427/417
f 410/427/417 358/587/577 359/588/578
f 410/427/417 359/588/578 360/589/579
f 360/589/579 361/590/580 410/427/417
f 410/427/417 361/590/580 362/591/581
f 410/427/417 362/591/581 363/592/582
f 363/592/582 364/593/583 410/427/417
f 410/427/417 364/593/583 365/425/415
f 388/556/546 389/594/584 464/558/548
f 464/558/548 389/594/584 463/595/585
f 463/595/585 389/594/584 448/596/586
f 463/595/585 448/596/586 443/597/587
f 448/596/586 389/594/584 447/598/588
f 447/598/588 389/594/584 390/599/589
f 447/598/588 390/599/589 418/600/590
f 418/600/590 390/599/589 391/601/591
f 418/600/590 391/601/591 417/602/592
f 417/602/592 391/601/591 491/603/593
f 417/602/592 491/603/593 422/604/594
f 422/604/594 491/603/593 492/605/595
f 422/604/594 492/605/595 329/490/480
f 329/490/480 492/605/595 493/543/533
f 391/601/591 387/548/538 491/603/593
f 491/603/593 387/548/538 490/545/535
f 396/455/445 461/606/596 395/508/498
f 395/508/498 461/606/596 437/607/597
f 395/508/498 437/607/597 438/506/496
f 400/423/413 401/432/422 404/426/416
f 404/426/416 401/432/422 403/434/424
f 466/430/420 405/428/418 465/483/473
f 465/483/473 405/428/418 406/608/598
f 465/483/473 406/608/598 434/476/466
f 434/476/466 406/608/598 407/474/464
f 409/429/419 467/431/421 408/609/599
f 408/609/599 467/431/421 427/610/600
f 408/609/599 427/610/600 412/611/601
f 412/611/601 427/610/600 428/612/602
f 412/611/601 428/612/602 484/613/603
f 484/613/603 428/612/602 429/614/604
f 484/613/603 429/614/604 483/615/605
f 483/615/605 429/614/604 498/489/479
f 483/615/605 498/489/479 482/616/606
f 482/616/606 498/489/479 499/617/607
f 482/616/606 499/617/607 328/485/475
f 328/485/475 499/617/607 500/618/608
f 328/485/475 500/618/608 501/488/478
f 411/586/576 412/611/601 485/583/573
f 485/583/573 412/611/601 484/613/603
f 415/540/530 416/491/481 329/490/480
f 425/492/482 416/491/481 424/619/609
f 424/619/609 416/491/481 413/536/526
f 424/619/609 413/536/526 348/535/525
f 418/600/590 419/620/610 447/598/588
f 447/598/588 419/620/610 446/621/611
f 446/621/611 419/620/610 420/496/486
f 446/621/611 420/496/486 445/495/485
f 421/497/487 422/604/594 329/490/480
f 424/619/609 348/535/525 423/622/612
f 423/622/612 348/535/525 495/575/565
f 423/622/612 495/575/565 496/623/613
f 328/485/475 426/493/483 496/623/613
f 496/623/613 426/493/483 423/622/612
f 429/614/604 430/487/477 498/489/479
f 431/486/476 427/610/600 468/484/474
f 468/484/474 427/610/600 467/431/421
f 434/476/466 435/481/471 465/483/473
f 15/494/484 440/501/491 445/495/485
f 445/495/485 440/501/491 441/624/614
f 445/495/485 441/624/614 444/625/615
f 444/625/615 441/624/614 442/626/616
f 444/625/615 442/626/616 443/597/587
f 443/597/587 442/626/616 462/627/617
f 443/597/587 462/627/617 463/595/585
f 462/627/617 442/626/616 461/606/596
f 461/606/596 442/626/616 437/607/597
f 453/571/561 454/628/618 458/569/559
f 458/569/559 454/628/618 455/629/619
f 458/569/559 455/629/619 456/630/620
f 456/630/620 457/631/621 458/569/559
f 460/457/447 461/606/596 396/455/445
f 470/576/566 471/632/622 480/573/563
f 480/573/563 471/632/622 472/633/623
f 480/573/563 472/633/623 473/634/624
f 473/634/624 474/635/625 480/573/563
f 480/573/563 474/635/625 475/636/626
f 480/573/563 475/636/626 476/637/627
f 480/573/563 476/637/627 479/638/628
f 479/638/628 476/637/627 477/639/629
f 479/638/628 477/639/629 478/640/630
f 494/574/564 480/573/563 497/641/631
f 497/641/631 480/573/563 481/642/632
f 497/641/631 481/642/632 328/485/475
f 328/485/475 481/642/632 482/616/606
f 486/539/529 487/544/534 347/537/527
f 496/623/613 497/641/631 328/485/475
f 304/643/633 346/644/634 252/645/635
f 252/645/635 346/644/634 253/646/636
f 507/647/637 31/648/638 506/649/639
f 506/649/639 31/648/638 510/650/640
f 506/649/639 510/650/640 509/651/641
f 509/651/641 510/650/640 6/652/642
f 509/651/641 6/652/642 508/653/643
f 508/653/643 6/652/642 507/647/637
f 507/647/637 6/652/642 5/654/644
f 507/647/637 5/654/644 31/648/638
f 510/655/645 7/656/646 6/657/647
f 6/657/647 7/656/646 1/658/648
f 510/659/649 31/660/650 7/661/651
f 7/661/651 31/660/650 14/662/652
f 7/661/651 14/662/652 8/663/653
f 8/663/653 14/662/652 13/664/654
f 31/660/650 30/665/655 14/662/652
f 508/666/656 511/667/657 509/668/658
f 509/668/658 511/667/657 512/669/659
f 507/670/660 513/671/661 508/672/662
f 508/672/662 513/671/661 511/673/663
f 506/674/664 514/675/665 507/676/666
f 507/676/666 514/675/665 513/677/667
f 509/678/668 512/679/669 506/680/670
f 506/680/670 512/679/669 514/681/671
f 516/682/672 514/683/673 515/684/674
f 515/684/674 514/683/673 512/685/675
f 515/684/674 512/685/675 564/686/676
f 564/686/676 512/685/675 563/687/677
f 563/687/677 512/685/675 562/688/678
f 562/688/678 512/685/675 561/689/679
f 561/689/679 512/685/675 560/690/680
f 560/690/680 512/685/675 559/691/681
f 559/691/681 512/685/675 558/692/682
f 558/692/682 512/685/675 557/693/683
f 557/693/683 512/685/675 556/694/684
f 556/694/684 512/685/675 555/695/685
f 555/695/685 512/685/675 554/696/686
f 554/696/686 512/685/675 553/697/687
f 553/697/687 512/685/675 552/698/688
f 552/698/688 512/685/675 551/699/689
f 551/699/689 512/685/675 511/700/690
f 551/699/689 511/700/690 550/701/691
f 550/701/691 511/700/690 549/702/692
f 549/702/692 511/700/690 548/703/693
f 548/703/693 511/700/690 547/704/694
f 547/704/694 511/700/690 546/705/695
f 546/705/695 511/700/690 545/706/696
f 545/706/696 511/700/690 544/707/697
f 544/707/697 511/700/690 543/708/698
f 543/708/698 511/700/690 542/709/699
f 542/709/699 511/700/690 541/710/700
f 541/710/700 511/700/690 540/711/701
f 540/711/701 511/700/690 539/712/702
f 539/712/702 511/700/690 538/713/703
f 538/713/703 511/700/690 513/714/704
f 538/713/703 513/714/704 537/715/705
f 537/715/705 513/714/704 536/716/706
f 536/716/706 513/714/704 535/717/707
f 535/717/707 513/714/704 534/718/708
f 534/718/708 513/714/704 533/719/709
f 533/719/709 513/714/704 532/720/710
f 532/720/710 513/714/704 531/721/711
f 531/721/711 513/714/704 530/722/712
f 530/722/712 513/714/704 529/723/713
f 529/723/713 513/714/704 528/724/714
f 528/724/714 513/714/704 527/725/715
f 527/725/715 513/714/704 93/726/716
f 93/726/716 513/714/704 514/683/673
f 93/726/716 514/683/673 94/727/717
f 94/727/717 514/683/673 526/728/718
f 526/728/718 514/683/673 525/729/719
f 525/729/719 514/683/673 524/730/720
f 524/730/720 514/683/673 523/731/721
f 523/731/721 514/683/673 522/732/722
f 522/732/722 514/683/673 521/733/723
f 521/733/723 514/683/673 520/734/724
f 520/734/724 514/683/673 519/735/725
f 519/735/725 514/683/673 518/736/726
f 518/736/726 514/683/673 517/737/727
f 517/737/727 514/683/673 516/682/672
f 59/738/728 479/739/729 60/740/730
f 60/740/730 479/739/729 478/741/731
f 60/740/730 478/741/731 61/742/732
f 61/742/732 478/741/731 477/743/733
f 61/742/732 477/743/733 62/744/734
f 62/744/734 477/743/733 476/745/735
f 62/744/734 476/745/735 63/746/736
f 63/746/736 476/745/735 475/747/737
f 63/746/736 475/747/737 64/748/738
f 64/748/738 475/747/737 474/749/739
f 64/748/738 474/749/739 65/750/740
f 65/750/740 474/749/739 473/751/741
f 65/750/740 473/751/741 66/752/742
f 66/752/742 473/751/741 472/753/743
f 66/752/742 472/753/743 67/754/744
f 67/754/744 472/753/743 471/755/745
f 67/754/744 471/755/745 68/756/746
f 68/756/746 471/755/745 470/757/747
f 470/758/747 485/759/748 68/760/746
f 68/760/746 485/759/748 69/761/749
f 75/762/750 458/763/751 76/764/752
f 76/764/752 458/763/751 457/765/753
f 76/764/752 457/765/753 77/766/754
f 77/766/754 457/765/753 456/767/755
f 77/766/754 456/767/755 78/768/756
f 78/768/756 456/767/755 455/769/757
f 78/768/756 455/769/757 79/770/758
f 79/770/758 455/769/757 454/771/759
f 79/770/758 454/771/759 80/772/760
f 80/772/760 454/771/759 453/773/761
f 80/772/760 453/773/761 81/774/762
f 81/774/762 453/773/761 452/775/763
f 81/774/762 452/775/763 82/776/764
f 82/776/764 452/775/763 451/777/765
f 82/776/764 451/777/765 83/778/766
f 83/778/766 451/777/765 450/779/767
f 83/778/766 450/779/767 84/780/768
f 84/780/768 450/779/767 449/781/769
f 449/782/769 464/783/770 84/784/768
f 84/784/768 464/783/770 85/785/771
f 565/786/772 566/787/773 568/788/774
f 568/788/774 566/787/773 567/789/775
f 569/790/776 570/791/777 572/792/778
f 572/792/778 570/791/777 571/793/779
f 572/794/780 551/795/781 573/796/782
f 573/796/782 551/795/781 583/797/783
f 573/796/782 583/797/783 574/798/784
f 574/798/784 583/797/783 577/799/785
f 574/798/784 577/799/785 571/800/786
f 571/800/786 577/799/785 578/801/787
f 571/800/786 578/801/787 551/795/781
f 551/795/781 578/801/787 552/802/788
f 552/802/788 578/801/787 575/803/789
f 552/802/788 575/803/789 582/804/790
f 582/804/790 575/803/789 581/805/791
f 581/805/791 575/803/789 576/806/792
f 581/805/791 576/806/792 584/807/793
f 584/807/793 576/806/792 577/799/785
f 584/807/793 577/799/785 583/797/783
f 572/794/780 571/800/786 551/795/781
f 582/804/790 579/808/794 552/802/788
f 552/802/788 579/808/794 580/809/795
f 552/802/788 580/809/795 584/807/793
f 584/807/793 580/809/795 581/805/791
f 4/810/796 321/811/797 30/812/798
f 30/812/798 321/811/797 320/813/799
f 30/812/798 320/813/799 337/814/800
f 327/815/801 326/816/802 4/810/796
f 4/810/796 326/816/802 323/817/803
f 4/810/796 323/817/803 322/818/804
f 322/818/804 321/811/797 4/810/796
f 337/814/800 336/819/805 30/812/798
f 30/812/798 336/819/805 585/820/806
f 30/812/798 585/820/806 14/821/807
f 14/821/807 585/820/806 15/822/808
f 15/822/808 585/820/806 330/823/809
f 336/819/805 333/824/810 585/820/806
f 585/820/806 333/824/810 332/825/811
f 333/826/812 336/827/813 228/828/814
f 228/828/814 336/827/813 229/829/815
f 337/830/816 320/831/817 268/832/818
f 268/832/818 320/831/817 269/833/819
f 321/834/820 322/835/821 249/836/822
f 249/836/822 322/835/821 250/837/823
f 330/838/824 585/839/825 331/840/826
f 585/841/827 332/842/828 331/843/829
f 28/844/830 586/845/831 29/846/832
f 29/846/832 586/845/831 587/847/833
f 26/848/834 588/849/835 27/850/836
f 27/850/836 588/849/835 589/851/837
f 24/852/838 590/853/839 25/854/840
f 25/854/840 590/853/839 591/855/841
f 323/856/842 326/857/843 220/858/844
f 220/858/844 326/857/843 221/859/845
f 22/860/846 592/861/847 23/862/848
f 23/862/848 592/861/847 593/863/849
f 16/864/850 594/865/851 17/866/852
f 17/866/852 594/865/851 595/867/853
f 20/868/854 596/869/855 21/870/856
f 21/870/856 596/869/855 597/871/857
f 12/872/858 11/873/859 3/874/860
f 3/874/860 11/873/859 598/875/861
f 3/874/860 598/875/861 599/876/862
f 599/876/862 600/877/863 3/874/860
f 3/874/860 600/877/863 601/878/864
f 3/874/860 601/878/864 602/879/865
f 602/879/865 603/880/866 3/874/860
f 3/874/860 603/880/866 604/881/867
f 3/874/860 604/881/867 605/882/868
f 3/874/860 605/882/868 4/883/869
f 4/883/869 605/882/868 606/884/870
f 4/883/869 606/884/870 607/885/871
f 607/885/871 608/886/872 4/883/869
f 4/883/869 608/886/872 609/887/873
f 4/883/869 609/887/873 610/888/874
f 610/888/874 611/889/875 4/883/869
f 4/883/869 611/889/875 327/890/876
f 600/891/877 612/892/878 601/893/879
f 601/893/879 612/892/878 613/894/880
f 598/895/881 614/896/882 599/897/883
f 599/897/883 614/896/882 615/898/884
f 18/899/885 616/900/886 19/901/887
f 19/901/887 616/900/886 617/902/888
f 610/903/889 618/904/890 611/905/891
f 611/905/891 618/904/890 619/906/892
f 608/907/893 620/908/894 609/909/895
f 609/909/895 620/908/894 621/910/896
f 606/911/897 622/912/898 607/913/899
f 607/913/899 622/912/898 623/914/900
f 604/915/901 624/916/902 605/917/903
f 605/917/903 624/916/902 625/918/904
f 602/919/905 626/920/906 603/921/907
f 603/921/907 626/920/906 627/922/908
f 570/923/909 628/924/910 571/925/911
f 571/925/911 628/924/910 574/926/912
f 348/927/913 95/928/914 349/929/915
f 349/929/915 95/928/914 134/930/916
f 349/929/915 134/930/916 350/931/917
f 350/931/917 134/930/916 133/932/918
f 350/931/917 133/932/918 351/933/919
f 351/933/919 133/932/918 132/934/920
f 351/933/919 132/934/920 352/935/921
f 352/935/921 132/934/920 131/936/922
f 352/935/921 131/936/922 353/937/923
f 353/937/923 131/936/922 130/938/924
f 353/937/923 130/938/924 354/939/925
f 354/939/925 130/938/924 129/940/926
f 354/939/925 129/940/926 355/941/927
f 355/941/927 129/940/926 128/942/928
f 355/941/927 128/942/928 356/943/929
f 356/943/929 128/942/928 127/944/930
f 356/943/929 127/944/930 357/945/931
f 357/945/931 127/944/930 126/946/932
f 126/947/932 125/948/933 357/949/931
f 357/949/931 125/948/933 358/950/934
f 116/951/935 367/952/936 117/953/937
f 117/953/937 367/952/936 366/954/938
f 117/953/937 366/954/938 118/955/939
f 118/955/939 366/954/938 365/956/940
f 118/955/939 365/956/940 119/957/941
f 119/957/941 365/956/940 364/958/942
f 119/957/941 364/958/942 120/959/943
f 120/959/943 364/958/942 363/960/944
f 120/959/943 363/960/944 121/961/945
f 121/961/945 363/960/944 362/962/946
f 121/961/945 362/962/946 122/963/947
f 122/963/947 362/962/946 361/964/948
f 122/963/947 361/964/948 123/965/949
f 123/965/949 361/964/948 360/966/950
f 123/965/949 360/966/950 124/967/951
f 124/967/951 360/966/950 359/968/952
f 124/967/951 359/968/952 125/969/933
f 125/969/933 359/968/952 358/970/934
f 368/971/953 115/972/954 369/973/955
f 369/973/955 115/972/954 114/974/956
f 369/973/955 114/974/956 370/975/957
f 370/975/957 114/974/956 113/976/958
f 370/975/957 113/976/958 371/977/959
f 371/977/959 113/976/958 112/978/960
f 371/977/959 112/978/960 372/979/961
f 372/979/961 112/978/960 111/980/962
f 372/979/961 111/980/962 373/981/963
f 373/981/963 111/980/962 110/982/964
f 373/981/963 110/982/964 374/983/965
f 374/983/965 110/982/964 109/984/966
f 374/983/965 109/984/966 375/985/967
f 375/985/967 109/984/966 108/986/968
f 375/985/967 108/986/968 376/987/969
f 376/987/969 108/986/968 107/988/970
f 376/987/969 107/988/970 377/989/971
f 377/989/971 107/988/970 106/990/972
f 106/991/972 105/992/973 377/993/971
f 377/993/971 105/992/973 378/994/974
f 96/995/975 347/996/976 97/997/977
f 97/997/977 347/996/976 386/998/978
f 97/997/977 386/998/978 98/999/979
f 98/999/979 386/998/978 385/1000/980
f 98/999/979 385/1000/980 99/1001/981
f 99/1001/981 385/1000/980 384/1002/982
f 99/1001/981 384/1002/982 100/1003/983
f 100/1003/983 384/1002/982 383/1004/984
f 100/1003/983 383/1004/984 101/1005/985
f 101/1005/985 383/1004/984 382/1006/986
f 101/1005/985 382/1006/986 102/1007/987
f 102/1007/987 382/1006/986 381/1008/988
f 102/1007/987 381/1008/988 103/1009/989
f 103/1009/989 381/1008/988 380/1010/990
f 103/1009/989 380/1010/990 104/1011/991
f 104/1011/991 380/1010/990 379/1012/992
f 104/1011/991 379/1012/992 105/1013/973
f 105/1013/973 379/1012/992 378/1014/974
f 648/1015/993 629/1016/994 647/1017/995
f 647/1017/995 629/1016/994 630/1018/996
f 647/1017/995 630/1018/996 646/1019/997
f 646/1019/997 630/1018/996 631/1020/998
f 646/1019/997 631/1020/998 645/1021/999
f 645/1021/999 631/1020/998 632/1022/1000
f 645/1021/999 632/1022/1000 644/1023/1001
f 644/1023/1001 632/1022/1000 633/1024/1002
f 644/1023/1001 633/1024/1002 643/1025/1003
f 643/1025/1003 633/1024/1002 634/1026/1004
f 643/1025/1003 634/1026/1004 642/1027/1005
f 642/1027/1005 634/1026/1004 635/1028/1006
f 642/1027/1005 635/1028/1006 641/1029/1007
f 641/1029/1007 635/1028/1006 636/1030/1008
f 641/1029/1007 636/1030/1008 640/1031/1009
f 640/1031/1009 636/1030/1008 637/1032/1010
f 640/1031/1009 637/1032/1010 639/1033/1011
f 639/1033/1011 637/1032/1010 638/1034/1012
f 638/1035/1012 649/1036/1013 639/1037/1011
f 639/1037/1011 649/1036/1013 650/1038/1014
f 670/1039/1015 651/1040/1016 669/1041/1017
f 669/1041/1017 651/1040/1016 652/1042/1018
f 669/1041/1017 652/1042/1018 668/1043/1019
f 668/1043/1019 652/1042/1018 653/1044/1020
f 668/1043/1019 653/1044/1020 667/1045/1021
f 667/1045/1021 653/1044/1020 654/1046/1022
f 667/1045/1021 654/1046/1022 666/1047/1023
f 666/1047/1023 654/1046/1022 655/1048/1024
f 666/1047/1023 655/1048/1024 665/1049/1025
f 665/1049/1025 655/1048/1024 656/1050/1026
f 665/1049/1025 656/1050/1026 664/1051/1027
f 664/1051/1027 656/1050/1026 657/1052/1028
f 664/1051/1027 657/1052/1028 663/1053/1029
f 663/1053/1029 657/1052/1028 658/1054/1030
f 663/1053/1029 658/1054/1030 662/1055/1031
f 662/1055/1031 658/1054/1030 659/1056/1032
f 662/1055/1031 659/1056/1032 661/1057/1033
f 661/1057/1033 659/1056/1032 660/1058/1034
f 648/1059/993 661/1060/1033 629/1061/994
f 629/1061/994 661/1060/1033 660/1062/1034
f 690/1063/1035 671/1064/1036 689/1065/1037
f 689/1065/1037 671/1064/1036 672/1066/1038
f 689/1065/1037 672/1066/1038 688/1067/1039
f 688/1067/1039 672/1066/1038 673/1068/1040
f 688/1067/1039 673/1068/1040 687/1069/1041
f 687/1069/1041 673/1068/1040 674/1070/1042
f 687/1069/1041 674/1070/1042 686/1071/1043
f 686/1071/1043 674/1070/1042 675/1072/1044
f 686/1071/1043 675/1072/1044 685/1073/1045
f 685/1073/1045 675/1072/1044 676/1074/1046
f 685/1073/1045 676/1074/1046 684/1075/1047
f 684/1075/1047 676/1074/1046 677/1076/1048
f 684/1075/1047 677/1076/1048 683/1077/1049
f 683/1077/1049 677/1076/1048 678/1078/1050
f 683/1077/1049 678/1078/1050 682/1079/1051
f 682/1079/1051 678/1078/1050 679/1080/1052
f 682/1079/1051 679/1080/1052 681/1081/1053
f 681/1081/1053 679/1080/1052 680/1082/1054
f 681/1083/1053 680/1084/1054 692/1085/1055
f 692/1085/1055 680/1084/1054 691/1086/1056
f 712/1087/1057 693/1088/1058 711/1089/1059
f 711/1089/1059 693/1088/1058 694/1090/1060
f 711/1089/1059 694/1090/1060 710/1091/1061
f 710/1091/1061 694/1090/1060 695/1092/1062
f 710/1091/1061 695/1092/1062 709/1093/1063
f 709/1093/1063 695/1092/1062 696/1094/1064
f 709/1093/1063 696/1094/1064 708/1095/1065
f 708/1095/1065 696/1094/1064 697/1096/1066
f 708/1095/1065 697/1096/1066 707/1097/1067
f 707/1097/1067 697/1096/1066 698/1098/1068
f 707/1097/1067 698/1098/1068 706/1099/1069
f 706/1099/1069 698/1098/1068 699/1100/1070
f 706/1099/1069 699/1100/1070 705/1101/1071
f 705/1101/1071 699/1100/1070 700/1102/1072
f 705/1101/1071 700/1102/1072 704/1103/1073
f 704/1103/1073 700/1102/1072 701/1104/1074
f 704/1103/1073 701/1104/1074 703/1105/1075
f 703/1105/1075 701/1104/1074 702/1106/1076
f 690/1107/1035 703/1108/1075 671/1109/1036
f 671/1109/1036 703/1108/1075 702/1110/1076
f 670/1111/1015 692/1112/1077 651/1113/1016
f 651/1113/1016 692/1112/1077 691/1114/1078
f 638/1115/1079 772/1116/1080 649/1117/1081
f 649/1117/1081 772/1116/1080 773/1118/1082
f 649/1117/1081 773/1118/1082 833/1119/1083
f 833/1119/1083 773/1118/1082 774/1120/1084
f 833/1119/1083 774/1120/1084 832/1121/1085
f 832/1121/1085 774/1120/1084 911/1122/1086
f 832/1121/1085 911/1122/1086 831/1123/1087
f 831/1123/1087 911/1122/1086 912/1124/1088
f 831/1123/1087 912/1124/1088 811/1125/1089
f 811/1125/1089 912/1124/1088 913/1126/1090
f 811/1125/1089 913/1126/1090 810/1127/1091
f 810/1127/1091 913/1126/1090 622/1128/1092
f 622/1128/1092 913/1126/1090 914/1129/1093
f 622/1128/1092 914/1129/1093 840/1130/1094
f 840/1130/1094 914/1129/1093 839/1131/1095
f 839/1131/1095 914/1129/1093 915/1132/1096
f 839/1131/1095 915/1132/1096 940/1133/1097
f 940/1133/1097 915/1132/1096 910/1134/1098
f 940/1133/1097 910/1134/1098 939/1135/1099
f 939/1135/1099 910/1134/1098 771/1136/1100
f 939/1135/1099 771/1136/1100 938/1137/1101
f 938/1137/1101 771/1136/1100 772/1116/1080
f 938/1137/1101 772/1116/1080 638/1115/1079
f 938/1137/1101 638/1115/1079 943/1138/1102
f 943/1138/1102 638/1115/1079 637/1139/1103
f 943/1138/1102 637/1139/1103 905/1140/1104
f 905/1140/1104 637/1139/1103 636/1141/1105
f 905/1140/1104 636/1141/1105 635/1142/1106
f 635/1142/1106 634/1143/1107 905/1140/1104
f 905/1140/1104 634/1143/1107 633/1144/1108
f 905/1140/1104 633/1144/1108 632/1145/1109
f 632/1145/1109 631/1146/1110 905/1140/1104
f 905/1140/1104 631/1146/1110 904/1147/1111
f 904/1147/1111 631/1146/1110 630/1148/1112
f 904/1147/1111 630/1148/1112 629/1149/1113
f 660/1150/1114 567/1151/1115 629/1149/1113
f 629/1149/1113 567/1151/1115 900/1152/1116
f 629/1149/1113 900/1152/1116 904/1147/1111
f 904/1147/1111 900/1152/1116 901/1153/1117
f 904/1147/1111 901/1153/1117 909/1154/1118
f 909/1154/1118 901/1153/1117 801/1155/1119
f 909/1154/1118 801/1155/1119 802/1156/1120
f 659/1157/1121 899/1158/1122 660/1150/1114
f 660/1150/1114 899/1158/1122 988/1159/1123
f 660/1150/1114 988/1159/1123 567/1151/1115
f 659/1157/1121 658/1160/1124 899/1158/1122
f 899/1158/1122 658/1160/1124 657/1161/1125
f 899/1158/1122 657/1161/1125 982/1162/1126
f 982/1162/1126 657/1161/1125 656/1163/1127
f 982/1162/1126 656/1163/1127 655/1164/1128
f 655/1164/1128 654/1165/1129 982/1162/1126
f 982/1162/1126 654/1165/1129 653/1166/1130
f 982/1162/1126 653/1166/1130 652/1167/1131
f 652/1167/1131 651/1168/1132 982/1162/1126
f 982/1162/1126 651/1168/1132 987/1169/1133
f 987/1169/1133 651/1168/1132 691/1170/1134
f 987/1169/1133 691/1170/1134 722/1171/1135
f 722/1171/1135 691/1170/1134 721/1172/1136
f 721/1172/1136 691/1170/1134 680/1173/1137
f 721/1172/1136 680/1173/1137 715/1174/1138
f 715/1174/1138 680/1173/1137 679/1175/1139
f 715/1174/1138 679/1175/1139 678/1176/1140
f 678/1176/1140 677/1177/1141 715/1174/1138
f 715/1174/1138 677/1177/1141 735/1178/1142
f 715/1174/1138 735/1178/1142 736/1179/1143
f 735/1178/1142 677/1177/1141 734/1180/1144
f 734/1180/1144 677/1177/1141 676/1181/1145
f 734/1180/1144 676/1181/1145 733/1182/1146
f 733/1182/1146 676/1181/1145 675/1183/1147
f 733/1182/1146 675/1183/1147 732/1184/1148
f 732/1184/1148 675/1183/1147 674/1185/1149
f 732/1184/1148 674/1185/1149 731/1186/1150
f 731/1186/1150 674/1185/1149 673/1187/1151
f 731/1186/1150 673/1187/1151 730/1188/1152
f 730/1188/1152 673/1187/1151 672/1189/1153
f 730/1188/1152 672/1189/1153 729/1190/1154
f 729/1190/1154 672/1189/1153 671/1191/1155
f 729/1190/1154 671/1191/1155 728/1192/1156
f 728/1192/1156 671/1191/1155 702/1193/1157
f 728/1192/1156 702/1193/1157 727/1194/1158
f 727/1194/1158 702/1193/1157 701/1195/1159
f 727/1194/1158 701/1195/1159 766/1196/1160
f 766/1196/1160 701/1195/1159 700/1197/1161
f 766/1196/1160 700/1197/1161 765/1198/1162
f 765/1198/1162 700/1197/1161 699/1199/1163
f 765/1198/1162 699/1199/1163 764/1200/1164
f 764/1200/1164 699/1199/1163 698/1201/1165
f 764/1200/1164 698/1201/1165 763/1202/1166
f 763/1202/1166 698/1201/1165 697/1203/1167
f 763/1202/1166 697/1203/1167 762/1204/1168
f 762/1204/1168 697/1203/1167 696/1205/1169
f 762/1204/1168 696/1205/1169 761/1206/1170
f 761/1206/1170 696/1205/1169 695/1207/1171
f 761/1206/1170 695/1207/1171 760/1208/1172
f 760/1208/1172 695/1207/1171 769/1209/1173
f 760/1208/1172 769/1209/1173 818/1210/1174
f 818/1210/1174 769/1209/1173 770/1211/1175
f 818/1210/1174 770/1211/1175 817/1212/1176
f 817/1212/1176 770/1211/1175 933/1213/1177
f 817/1212/1176 933/1213/1177 816/1214/1178
f 816/1214/1178 933/1213/1177 934/1215/1179
f 816/1214/1178 934/1215/1179 917/1216/1180
f 917/1216/1180 934/1215/1179 935/1217/1181
f 917/1216/1180 935/1217/1181 916/1218/1182
f 916/1218/1182 935/1217/1181 620/1219/1183
f 620/1219/1183 935/1217/1181 936/1220/1184
f 620/1219/1183 936/1220/1184 813/1221/1185
f 813/1221/1185 936/1220/1184 812/1222/1186
f 812/1222/1186 936/1220/1184 937/1223/1187
f 812/1222/1186 937/1223/1187 836/1224/1188
f 836/1224/1188 937/1223/1187 932/1225/1189
f 836/1224/1188 932/1225/1189 835/1226/1190
f 835/1226/1190 932/1225/1189 767/1227/1191
f 835/1226/1190 767/1227/1191 834/1228/1192
f 834/1228/1192 767/1227/1191 768/1229/1193
f 834/1228/1192 768/1229/1193 714/1230/1194
f 714/1230/1194 768/1229/1193 713/1231/1195
f 713/1231/1195 768/1229/1193 769/1209/1173
f 713/1231/1195 769/1209/1173 693/1232/1196
f 693/1232/1196 769/1209/1173 694/1233/1197
f 694/1233/1197 769/1209/1173 695/1207/1171
f 834/1228/1192 714/1230/1194 833/1119/1083
f 833/1119/1083 714/1230/1194 649/1117/1081
f 716/1234/1198 854/1235/1199 715/1174/1138
f 715/1174/1138 854/1235/1199 726/1236/1200
f 715/1174/1138 726/1236/1200 721/1172/1136
f 854/1235/1199 716/1234/1198 853/1237/1201
f 853/1237/1201 716/1234/1198 717/1238/1202
f 853/1237/1201 717/1238/1202 852/1239/1203
f 852/1239/1203 717/1238/1202 977/1240/1204
f 852/1239/1203 977/1240/1204 851/1241/1205
f 851/1241/1205 977/1240/1204 725/1242/1206
f 851/1241/1205 725/1242/1206 854/1235/1199
f 854/1235/1199 725/1242/1206 726/1236/1200
f 717/1238/1202 718/1243/1207 977/1240/1204
f 977/1240/1204 718/1243/1207 928/1244/1208
f 977/1240/1204 928/1244/1208 929/1245/1209
f 928/1244/1208 718/1243/1207 931/1246/1210
f 931/1246/1210 718/1243/1207 719/1247/1211
f 931/1246/1210 719/1247/1211 923/1248/1212
f 923/1248/1212 719/1247/1211 720/1249/1213
f 923/1248/1212 720/1249/1213 738/1250/1214
f 738/1250/1214 720/1249/1213 737/1251/1215
f 737/1251/1215 720/1249/1213 715/1174/1138
f 737/1251/1215 715/1174/1138 736/1179/1143
f 723/1252/1216 897/1253/1217 722/1171/1135
f 722/1171/1135 897/1253/1217 986/1254/1218
f 722/1171/1135 986/1254/1218 987/1169/1133
f 897/1253/1217 723/1252/1216 896/1255/1219
f 896/1255/1219 723/1252/1216 724/1256/1220
f 896/1255/1219 724/1256/1220 895/1257/1221
f 895/1257/1221 724/1256/1220 977/1240/1204
f 895/1257/1221 977/1240/1204 894/1258/1222
f 894/1258/1222 977/1240/1204 985/1259/1223
f 894/1258/1222 985/1259/1223 897/1253/1217
f 897/1253/1217 985/1259/1223 986/1254/1218
f 724/1256/1220 725/1242/1206 977/1240/1204
f 738/1250/1214 739/1260/1224 923/1248/1212
f 923/1248/1212 739/1260/1224 922/1261/1225
f 922/1261/1225 739/1260/1224 740/1262/1226
f 922/1261/1225 740/1262/1226 741/1263/1227
f 741/1263/1227 742/1264/1228 922/1261/1225
f 922/1261/1225 742/1264/1228 743/1265/1229
f 922/1261/1225 743/1265/1229 744/1266/1230
f 744/1266/1230 745/1267/1231 922/1261/1225
f 922/1261/1225 745/1267/1231 746/1268/1232
f 922/1261/1225 746/1268/1232 747/1269/1233
f 747/1269/1233 748/1270/1234 922/1261/1225
f 922/1261/1225 748/1270/1234 820/1271/1235
f 922/1261/1225 820/1271/1235 977/1240/1204
f 977/1240/1204 820/1271/1235 538/1272/1236
f 538/1272/1236 820/1271/1235 821/1273/1237
f 538/1272/1236 821/1273/1237 927/1274/1238
f 927/1274/1238 821/1273/1237 822/1275/1239
f 927/1274/1238 822/1275/1239 926/1276/1240
f 926/1276/1240 822/1275/1239 825/1277/1241
f 926/1276/1240 825/1277/1241 826/1278/1242
f 748/1270/1234 749/1279/1243 820/1271/1235
f 820/1271/1235 749/1279/1243 750/1280/1244
f 820/1271/1235 750/1280/1244 751/1281/1245
f 751/1281/1245 752/1282/1246 820/1271/1235
f 820/1271/1235 752/1282/1246 753/1283/1247
f 820/1271/1235 753/1283/1247 754/1284/1248
f 754/1284/1248 755/1285/1249 820/1271/1235
f 820/1271/1235 755/1285/1249 824/1286/1250
f 824/1286/1250 755/1285/1249 756/1287/1251
f 824/1286/1250 756/1287/1251 757/1288/1252
f 758/1289/1253 775/1290/1254 757/1288/1252
f 757/1288/1252 775/1290/1254 776/1291/1255
f 757/1288/1252 776/1291/1255 824/1286/1250
f 824/1286/1250 776/1291/1255 777/1292/1256
f 824/1286/1250 777/1292/1256 823/1293/1257
f 823/1293/1257 777/1292/1256 830/1294/1258
f 823/1293/1257 830/1294/1258 822/1275/1239
f 822/1275/1239 830/1294/1258 825/1277/1241
f 759/1295/1259 818/1210/1174 758/1289/1253
f 758/1289/1253 818/1210/1174 819/1296/1260
f 758/1289/1253 819/1296/1260 775/1290/1254
f 775/1290/1254 819/1296/1260 778/1297/1261
f 778/1297/1261 819/1296/1260 814/1298/1262
f 778/1297/1261 814/1298/1262 829/1299/1263
f 829/1299/1263 814/1298/1262 815/1300/1264
f 829/1299/1263 815/1300/1264 828/1301/1265
f 828/1301/1265 815/1300/1264 918/1302/1266
f 828/1301/1265 918/1302/1266 827/1303/1267
f 827/1303/1267 918/1302/1266 919/1304/1268
f 827/1303/1267 919/1304/1268 618/1305/1269
f 618/1305/1269 919/1304/1268 621/1306/1270
f 618/1305/1269 621/1306/1270 538/1272/1236
f 538/1272/1236 621/1306/1270 620/1219/1183
f 538/1272/1236 620/1219/1183 623/1307/1271
f 623/1307/1271 620/1219/1183 813/1221/1185
f 759/1295/1259 760/1208/1172 818/1210/1174
f 933/1213/1177 770/1211/1175 932/1225/1189
f 932/1225/1189 770/1211/1175 767/1227/1191
f 911/1122/1086 774/1120/1084 910/1134/1098
f 910/1134/1098 774/1120/1084 771/1136/1100
f 830/1294/1258 777/1292/1256 829/1299/1263
f 829/1299/1263 777/1292/1256 778/1297/1261
f 780/1308/1272 978/1309/1273 779/1310/1274
f 779/1310/1274 978/1309/1273 873/1311/1275
f 779/1310/1274 873/1311/1275 874/1312/1276
f 781/1313/1277 797/1314/1278 780/1308/1272
f 780/1308/1272 797/1314/1278 794/1315/1279
f 780/1308/1272 794/1315/1279 978/1309/1273
f 978/1309/1273 794/1315/1279 795/1316/1280
f 978/1309/1273 795/1316/1280 948/1317/1281
f 948/1317/1281 795/1316/1280 796/1318/1282
f 948/1317/1281 796/1318/1282 953/1319/1283
f 953/1319/1283 796/1318/1282 888/1320/1284
f 953/1319/1283 888/1320/1284 952/1321/1285
f 952/1321/1285 888/1320/1284 889/1322/1286
f 952/1321/1285 889/1322/1286 799/1323/1287
f 799/1323/1287 889/1322/1286 890/1324/1288
f 799/1323/1287 890/1324/1288 798/1325/1289
f 798/1325/1289 890/1324/1288 959/1326/1290
f 798/1325/1289 959/1326/1290 803/1327/1291
f 803/1327/1291 959/1326/1290 954/1328/1292
f 803/1327/1291 954/1328/1292 842/1329/1293
f 842/1329/1293 954/1328/1292 955/1330/1294
f 842/1329/1293 955/1330/1294 841/1331/1295
f 841/1331/1295 955/1330/1294 859/1332/1296
f 841/1331/1295 859/1332/1296 846/1333/1297
f 846/1333/1297 859/1332/1296 860/1334/1298
f 846/1333/1297 860/1334/1298 945/1335/1299
f 945/1335/1299 860/1334/1298 855/1336/1300
f 945/1335/1299 855/1336/1300 944/1337/1301
f 944/1337/1301 855/1336/1300 626/1338/1302
f 626/1338/1302 855/1336/1300 856/1339/1303
f 626/1338/1302 856/1339/1303 793/1340/1304
f 793/1340/1304 856/1339/1303 792/1341/1305
f 792/1341/1305 856/1339/1303 857/1342/1306
f 792/1341/1305 857/1342/1306 884/1343/1307
f 884/1343/1307 857/1342/1306 858/1344/1308
f 884/1343/1307 858/1344/1308 883/1345/1309
f 883/1345/1309 858/1344/1308 956/1346/1310
f 883/1345/1309 956/1346/1310 882/1347/1311
f 882/1347/1311 956/1346/1310 957/1348/1312
f 882/1347/1311 957/1348/1312 881/1349/1313
f 881/1349/1313 957/1348/1312 958/1350/1314
f 881/1349/1313 958/1350/1314 880/1351/1315
f 880/1351/1315 958/1350/1314 891/1352/1316
f 880/1351/1315 891/1352/1316 879/1353/1317
f 879/1353/1317 891/1352/1316 892/1354/1318
f 879/1353/1317 892/1354/1318 782/1355/1319
f 782/1355/1319 892/1354/1318 893/1356/1320
f 782/1355/1319 893/1356/1320 781/1313/1277
f 781/1313/1277 893/1356/1320 797/1314/1278
f 782/1355/1319 783/1357/1321 879/1353/1317
f 879/1353/1317 783/1357/1321 878/1358/1322
f 878/1358/1322 783/1357/1321 967/1359/1323
f 878/1358/1322 967/1359/1323 968/1360/1324
f 967/1359/1323 783/1357/1321 966/1361/1325
f 966/1361/1325 783/1357/1321 784/1362/1326
f 966/1361/1325 784/1362/1326 874/1312/1276
f 874/1312/1276 784/1362/1326 779/1310/1274
f 786/1363/1327 539/1364/1328 785/1365/1329
f 785/1365/1329 539/1364/1328 979/1366/1330
f 785/1365/1329 979/1366/1330 980/1367/1331
f 539/1364/1328 786/1363/1327 867/1368/1332
f 867/1368/1332 786/1363/1327 787/1369/1333
f 867/1368/1332 787/1369/1333 871/1370/1334
f 871/1370/1334 787/1369/1333 866/1371/1335
f 871/1370/1334 866/1371/1335 861/1372/1336
f 866/1371/1335 787/1369/1333 865/1373/1337
f 865/1373/1337 787/1369/1333 788/1374/1338
f 865/1373/1337 788/1374/1338 960/1375/1339
f 960/1375/1339 788/1374/1338 789/1376/1340
f 960/1375/1339 789/1376/1340 965/1377/1341
f 965/1377/1341 789/1376/1340 980/1367/1331
f 965/1377/1341 980/1367/1331 964/1378/1342
f 964/1378/1342 980/1367/1331 981/1379/1343
f 964/1378/1342 981/1379/1343 612/1380/1344
f 612/1380/1344 981/1379/1343 615/1381/1345
f 612/1380/1344 615/1381/1345 539/1364/1328
f 539/1364/1328 615/1381/1345 614/1382/1346
f 539/1364/1328 614/1382/1346 979/1366/1330
f 789/1376/1340 785/1365/1329 980/1367/1331
f 612/1380/1344 539/1364/1328 613/1383/1347
f 613/1383/1347 539/1364/1328 626/1338/1302
f 613/1383/1347 626/1338/1302 793/1340/1304
f 964/1378/1342 612/1380/1344 963/1384/1348
f 963/1384/1348 612/1380/1344 790/1385/1349
f 963/1384/1348 790/1385/1349 791/1386/1350
f 792/1341/1305 885/1387/1351 791/1386/1350
f 791/1386/1350 885/1387/1351 962/1388/1352
f 791/1386/1350 962/1388/1352 963/1384/1348
f 796/1318/1282 797/1314/1278 888/1320/1284
f 888/1320/1284 797/1314/1278 893/1356/1320
f 799/1323/1287 800/1389/1353 952/1321/1285
f 952/1321/1285 800/1389/1353 951/1390/1354
f 951/1390/1354 800/1389/1353 902/1391/1355
f 951/1390/1354 902/1391/1355 903/1392/1356
f 902/1391/1355 800/1389/1353 901/1153/1117
f 901/1153/1117 800/1389/1353 801/1155/1119
f 803/1327/1291 843/1393/1357 802/1156/1120
f 802/1156/1120 843/1393/1357 908/1394/1358
f 802/1156/1120 908/1394/1358 909/1154/1118
f 805/1395/1359 907/1396/1360 804/1397/1361
f 804/1397/1361 907/1396/1360 844/1398/1362
f 804/1397/1361 844/1398/1362 845/1399/1363
f 806/1400/1364 941/1401/1365 805/1395/1359
f 805/1395/1359 941/1401/1365 942/1402/1366
f 805/1395/1359 942/1402/1366 906/1403/1367
f 906/1403/1367 942/1402/1366 943/1138/1102
f 906/1403/1367 943/1138/1102 905/1140/1104
f 941/1401/1365 806/1400/1364 838/1404/1368
f 838/1404/1368 806/1400/1364 807/1405/1369
f 838/1404/1368 807/1405/1369 837/1406/1370
f 837/1406/1370 807/1405/1369 624/1407/1371
f 624/1407/1371 807/1405/1369 808/1408/1372
f 624/1407/1371 808/1408/1372 947/1409/1373
f 947/1409/1373 808/1408/1372 946/1410/1374
f 946/1410/1374 808/1408/1372 809/1411/1375
f 946/1410/1374 809/1411/1375 845/1399/1363
f 845/1399/1363 809/1411/1375 804/1397/1361
f 623/1307/1271 622/1128/1092 538/1272/1236
f 538/1272/1236 622/1128/1092 625/1412/1376
f 538/1272/1236 625/1412/1376 539/1364/1328
f 539/1364/1328 625/1412/1376 624/1407/1371
f 539/1364/1328 624/1407/1371 627/1413/1377
f 627/1413/1377 624/1407/1371 947/1409/1373
f 811/1125/1089 812/1222/1186 831/1123/1087
f 831/1123/1087 812/1222/1186 836/1224/1188
f 815/1300/1264 816/1214/1178 918/1302/1266
f 918/1302/1266 816/1214/1178 917/1216/1180
f 827/1303/1267 618/1305/1269 826/1278/1242
f 826/1278/1242 618/1305/1269 925/1414/1378
f 826/1278/1242 925/1414/1378 926/1276/1240
f 838/1404/1368 839/1131/1095 941/1401/1365
f 941/1401/1365 839/1131/1095 940/1133/1097
f 840/1130/1094 625/1412/1376 622/1128/1092
f 842/1329/1293 843/1393/1357 803/1327/1291
f 908/1394/1358 843/1393/1357 907/1396/1360
f 907/1396/1360 843/1393/1357 844/1398/1362
f 845/1399/1363 846/1333/1297 946/1410/1374
f 946/1410/1374 846/1333/1297 945/1335/1299
f 848/1415/1379 978/1309/1273 847/1416/1380
f 847/1416/1380 978/1309/1273 949/1417/1381
f 847/1416/1380 949/1417/1381 850/1418/1382
f 850/1418/1382 949/1417/1381 950/1419/1383
f 850/1418/1382 950/1419/1383 903/1392/1356
f 903/1392/1356 950/1419/1383 951/1390/1354
f 978/1309/1273 848/1415/1379 984/1420/1384
f 984/1420/1384 848/1415/1379 849/1421/1385
f 984/1420/1384 849/1421/1385 983/1422/1386
f 983/1422/1386 849/1421/1385 898/1423/1387
f 983/1422/1386 898/1423/1387 982/1162/1126
f 982/1162/1126 898/1423/1387 899/1158/1122
f 849/1421/1385 850/1418/1382 898/1423/1387
f 898/1423/1387 850/1418/1382 903/1392/1356
f 858/1344/1308 859/1332/1296 956/1346/1310
f 956/1346/1310 859/1332/1296 955/1330/1294
f 862/1424/1388 969/1425/1389 861/1372/1336
f 861/1372/1336 969/1425/1389 870/1426/1390
f 861/1372/1336 870/1426/1390 871/1370/1334
f 863/1427/1391 876/1428/1392 862/1424/1388
f 862/1424/1388 876/1428/1392 877/1429/1393
f 862/1424/1388 877/1429/1393 968/1360/1324
f 968/1360/1324 877/1429/1393 878/1358/1322
f 876/1428/1392 863/1427/1391 887/1430/1394
f 887/1430/1394 863/1427/1391 864/1431/1395
f 887/1430/1394 864/1431/1395 886/1432/1396
f 886/1432/1396 864/1431/1395 961/1433/1397
f 886/1432/1396 961/1433/1397 885/1387/1351
f 885/1387/1351 961/1433/1397 962/1388/1352
f 864/1431/1395 865/1373/1337 961/1433/1397
f 961/1433/1397 865/1373/1337 960/1375/1339
f 539/1364/1328 867/1368/1332 978/1309/1273
f 978/1309/1273 867/1368/1332 868/1434/1398
f 978/1309/1273 868/1434/1398 976/1435/1399
f 976/1435/1399 868/1434/1398 869/1436/1400
f 976/1435/1399 869/1436/1400 975/1437/1401
f 975/1437/1401 869/1436/1400 970/1438/1402
f 975/1437/1401 970/1438/1402 971/1439/1403
f 970/1438/1402 869/1436/1400 969/1425/1389
f 969/1425/1389 869/1436/1400 870/1426/1390
f 873/1311/1275 978/1309/1273 872/1440/1404
f 872/1440/1404 978/1309/1273 973/1441/1405
f 872/1440/1404 973/1441/1405 875/1442/1406
f 875/1442/1406 973/1441/1405 974/1443/1407
f 875/1442/1406 974/1443/1407 971/1439/1403
f 971/1439/1403 974/1443/1407 975/1437/1401
f 874/1312/1276 875/1442/1406 966/1361/1325
f 966/1361/1325 875/1442/1406 971/1439/1403
f 881/1349/1313 876/1428/1392 882/1347/1311
f 882/1347/1311 876/1428/1392 887/1430/1394
f 884/1343/1307 885/1387/1351 792/1341/1305
f 890/1324/1288 891/1352/1316 959/1326/1290
f 959/1326/1290 891/1352/1316 958/1350/1314
f 988/1159/1123 899/1158/1122 566/1444/1408
f 566/1444/1408 899/1158/1122 900/1152/1116
f 566/1444/1408 900/1152/1116 567/1151/1115
f 906/1403/1367 907/1396/1360 805/1395/1359
f 921/1445/1409 977/1240/1204 920/1446/1410
f 920/1446/1410 977/1240/1204 929/1245/1209
f 920/1446/1410 929/1245/1209 930/1447/1411
f 921/1445/1409 922/1261/1225 977/1240/1204
f 923/1248/1212 924/1448/1412 931/1246/1210
f 931/1246/1210 924/1448/1412 930/1447/1411
f 930/1447/1411 924/1448/1412 920/1446/1410
f 927/1274/1238 619/1449/1413 538/1272/1236
f 538/1272/1236 619/1449/1413 618/1305/1269
f 627/1413/1377 626/1338/1302 539/1364/1328
f 948/1317/1281 949/1417/1381 978/1309/1273
f 968/1360/1324 969/1425/1389 862/1424/1388
f 976/1435/1399 972/1450/1414 978/1309/1273
f 978/1309/1273 972/1450/1414 973/1441/1405
f 977/1240/1204 978/1309/1273 985/1259/1223
f 985/1259/1223 978/1309/1273 984/1420/1384
f 714/1451/1415 989/1452/1416 649/1453/1417
f 649/1453/1417 989/1452/1416 650/1454/1418
f 693/1455/1058 712/1456/1057 713/1457/1419
f 713/1457/1419 712/1456/1057 990/1458/1420
f 989/1459/1421 714/1460/1422 990/1461/1423
f 990/1461/1423 714/1460/1422 713/1462/1424
f 1000/1463/1425 727/1464/1426 999/1465/1427
f 999/1465/1427 727/1464/1426 766/1466/1428
f 999/1465/1427 766/1466/1428 998/1467/1429
f 998/1467/1429 766/1466/1428 765/1468/1430
f 998/1467/1429 765/1468/1430 997/1469/1431
f 997/1469/1431 765/1468/1430 764/1470/1432
f 997/1469/1431 764/1470/1432 996/1471/1433
f 996/1471/1433 764/1470/1432 763/1472/1434
f 996/1471/1433 763/1472/1434 995/1473/1435
f 995/1473/1435 763/1472/1434 762/1474/1436
f 995/1473/1435 762/1474/1436 994/1475/1437
f 994/1475/1437 762/1474/1436 761/1476/1438
f 994/1475/1437 761/1476/1438 993/1477/1439
f 993/1477/1439 761/1476/1438 760/1478/1440
f 993/1477/1439 760/1478/1440 992/1479/1441
f 992/1479/1441 760/1478/1440 759/1480/1442
f 992/1479/1441 759/1480/1442 991/1481/1443
f 991/1481/1443 759/1480/1442 758/1482/1444
f 991/1483/1443 758/1484/1444 1001/1485/1445
f 1001/1485/1445 758/1484/1444 757/1486/1446
f 728/1487/1447 1002/1488/1448 729/1489/1449
f 729/1489/1449 1002/1488/1448 1003/1490/1450
f 729/1489/1449 1003/1490/1450 730/1491/1451
f 730/1491/1451 1003/1490/1450 1004/1492/1452
f 730/1491/1451 1004/1492/1452 731/1493/1453
f 731/1493/1453 1004/1492/1452 1005/1494/1454
f 731/1493/1453 1005/1494/1454 732/1495/1455
f 732/1495/1455 1005/1494/1454 1006/1496/1456
f 732/1495/1455 1006/1496/1456 733/1497/1457
f 733/1497/1457 1006/1496/1456 1007/1498/1458
f 733/1497/1457 1007/1498/1458 734/1499/1459
f 734/1499/1459 1007/1498/1458 1008/1500/1460
f 734/1499/1459 1008/1500/1460 735/1501/1461
f 735/1501/1461 1008/1500/1460 1009/1502/1462
f 735/1501/1461 1009/1502/1462 736/1503/1463
f 736/1503/1463 1009/1502/1462 1010/1504/1464
f 736/1503/1463 1010/1504/1464 737/1505/1465
f 737/1505/1465 1010/1504/1464 1011/1506/1466
f 737/1507/1465 1011/1508/1466 738/1509/1467
f 738/1509/1467 1011/1508/1466 1012/1510/1468
f 1021/1511/1469 747/1512/1470 1020/1513/1471
f 1020/1513/1471 747/1512/1470 746/1514/1472
f 1020/1513/1471 746/1514/1472 1019/1515/1473
f 1019/1515/1473 746/1514/1472 745/1516/1474
f 1019/1515/1473 745/1516/1474 1018/1517/1475
f 1018/1517/1475 745/1516/1474 744/1518/1476
f 1018/1517/1475 744/1518/1476 1017/1519/1477
f 1017/1519/1477 744/1518/1476 743/1520/1478
f 1017/1519/1477 743/1520/1478 1016/1521/1479
f 1016/1521/1479 743/1520/1478 742/1522/1480
f 1016/1521/1479 742/1522/1480 1015/1523/1481
f 1015/1523/1481 742/1522/1480 741/1524/1482
f 1015/1523/1481 741/1524/1482 1014/1525/1483
f 1014/1525/1483 741/1524/1482 740/1526/1484
f 1014/1525/1483 740/1526/1484 1013/1527/1485
f 1013/1527/1485 740/1526/1484 739/1528/1486
f 1013/1527/1485 739/1528/1486 1012/1529/1468
f 1012/1529/1468 739/1528/1486 738/1530/1467
f 748/1531/1487 1022/1532/1488 749/1533/1489
f 749/1533/1489 1022/1532/1488 1023/1534/1490
f 749/1533/1489 1023/1534/1490 750/1535/1491
f 750/1535/1491 1023/1534/1490 1024/1536/1492
f 750/1535/1491 1024/1536/1492 751/1537/1493
f 751/1537/1493 1024/1536/1492 1025/1538/1494
f 751/1537/1493 1025/1538/1494 752/1539/1495
f 752/1539/1495 1025/1538/1494 1026/1540/1496
f 752/1539/1495 1026/1540/1496 753/1541/1497
f 753/1541/1497 1026/1540/1496 1027/1542/1498
f 753/1541/1497 1027/1542/1498 754/1543/1499
f 754/1543/1499 1027/1542/1498 1028/1544/1500
f 754/1543/1499 1028/1544/1500 755/1545/1501
f 755/1545/1501 1028/1544/1500 1029/1546/1502
f 755/1545/1501 1029/1546/1502 756/1547/1503
f 756/1547/1503 1029/1546/1502 1030/1548/1504
f 756/1547/1503 1030/1548/1504 757/1549/1446
f 757/1549/1446 1030/1548/1504 1001/1550/1445
f 1000/1551/1425 1002/1552/1448 727/1553/1426
f 727/1553/1426 1002/1552/1448 728/1554/1447
f 1021/1555/1469 1022/1556/1488 747/1557/1470
f 747/1557/1470 1022/1556/1488 748/1558/1487
f 227/1559/1505 226/1560/1506 334/1561/1507
f 334/1561/1507 226/1560/1506 335/1562/1508
f 226/1563/1509 229/1564/1510 335/1565/1511
f 335/1565/1511 229/1564/1510 336/1566/1512
f 228/1567/1513 227/1568/1514 333/1569/1515
f 333/1569/1515 227/1568/1514 334/1570/1516
f 223/1571/1517 222/1572/1518 502/1573/1519
f 502/1573/1519 222/1572/1518 503/1574/1520
f 222/1575/1521 225/1576/1522 503/1577/1523
f 503/1577/1523 225/1576/1522 504/1578/1524
f 225/1579/1525 224/1580/1526 504/1581/1527
f 504/1581/1527 224/1580/1526 505/1582/1528
f 224/1583/1529 223/1584/1530 505/1585/1531
f 505/1585/1531 223/1584/1530 502/1586/1532
f 247/1587/1533 250/1588/1534 305/1589/1535
f 305/1589/1535 250/1588/1534 322/1590/1536
f 306/1591/1537 321/1592/1538 248/1593/1539
f 248/1593/1539 321/1592/1538 249/1594/1540
f 219/1595/1541 218/1596/1542 324/1597/1543
f 324/1597/1543 218/1596/1542 325/1598/1544
f 218/1599/1545 221/1600/1546 325/1601/1547
f 325/1601/1547 221/1600/1546 326/1602/1548
f 220/1603/1549 219/1604/1550 323/1605/1551
f 323/1605/1551 219/1604/1550 324/1606/1552
f 215/1607/1553 214/1608/1554 498/1609/1555
f 498/1609/1555 214/1608/1554 499/1610/1556
f 214/1611/1557 217/1612/1558 499/1613/1559
f 499/1613/1559 217/1612/1558 500/1614/1560
f 217/1615/1561 216/1616/1562 500/1617/1563
f 500/1617/1563 216/1616/1562 501/1618/1564
f 216/1619/1565 215/1620/1566 501/1621/1567
f 501/1621/1567 215/1620/1566 498/1622/1568
f 211/1623/1569 210/1624/1570 494/1625/1571
f 494/1625/1571 210/1624/1570 495/1626/1572
f 210/1627/1573 213/1628/1574 495/1629/1575
f 495/1629/1575 213/1628/1574 496/1630/1576
f 213/1631/1577 212/1632/1578 496/1633/1579
f 496/1633/1579 212/1632/1578 497/1634/1580
f 212/1635/1581 211/1636/1582 497/1637/1583
f 497/1637/1583 211/1636/1582 494/1638/1584
f 207/1639/1585 206/1640/1586 490/1641/1587
f 490/1641/1587 206/1640/1586 491/1642/1588
f 206/1643/1589 209/1644/1590 491/1645/1591
f 491/1645/1591 209/1644/1590 492/1646/1592
f 209/1647/1593 208/1648/1594 492/1649/1595
f 492/1649/1595 208/1648/1594 493/1650/1596
f 208/1651/1597 207/1652/1598 493/1653/1599
f 493/1653/1599 207/1652/1598 490/1654/1600
f 203/1655/1601 202/1656/1602 486/1657/1603
f 486/1657/1603 202/1656/1602 487/1658/1604
f 202/1659/1605 205/1660/1606 487/1661/1607
f 487/1661/1607 205/1660/1606 488/1662/1608
f 205/1663/1609 204/1664/1610 488/1665/1611
f 488/1665/1611 204/1664/1610 489/1666/1612
f 204/1667/1613 203/1668/1614 489/1669/1615
f 489/1669/1615 203/1668/1614 486/1670/1616
f 71/1671/1617 70/1672/1618 483/1673/1619
f 483/1673/1619 70/1672/1618 484/1674/1620
f 70/1675/1621 69/1676/1622 484/1677/1623
f 484/1677/1623 69/1676/1622 485/1678/1624
f 59/1679/728 74/1680/1625 479/1681/729
f 479/1681/729 74/1680/1625 480/1682/1626
f 74/1683/1627 73/1684/1628 480/1685/1629
f 480/1685/1629 73/1684/1628 481/1686/1630
f 73/1687/1631 72/1688/1632 481/1689/1633
f 481/1689/1633 72/1688/1632 482/1690/1634
f 72/1691/1635 71/1692/1636 482/1693/1637
f 482/1693/1637 71/1692/1636 483/1694/1638
f 198/1695/1639 197/1696/1640 465/1697/1641
f 465/1697/1641 197/1696/1640 466/1698/1642
f 197/1699/1643 201/1700/1644 466/1701/1645
f 466/1701/1645 201/1700/1644 467/1702/1646
f 201/1703/1647 200/1704/1648 467/1705/1649
f 467/1705/1649 200/1704/1648 468/1706/1650
f 200/1707/1651 199/1708/1652 468/1709/1653
f 468/1709/1653 199/1708/1652 469/1710/1654
f 199/1711/1655 198/1712/1656 469/1713/1657
f 469/1713/1657 198/1712/1656 465/1714/1658
f 52/1715/1659 58/1716/1660 53/1717/1661
f 53/1717/1661 58/1716/1660 317/1718/1662
f 58/1719/1663 57/1720/1664 317/1721/1665
f 317/1721/1665 57/1720/1664 318/1722/1666
f 57/1723/1667 56/1724/1668 318/1725/1669
f 318/1725/1669 56/1724/1668 319/1726/1670
f 56/1727/1671 55/1728/1672 319/1729/1673
f 319/1729/1673 55/1728/1672 316/1730/1674
f 274/1731/1675 273/1732/1676 342/1733/1677
f 342/1733/1677 273/1732/1676 315/1734/1678
f 271/1735/1679 274/1736/1680 301/1737/1681
f 301/1737/1681 274/1736/1680 342/1738/1682
f 75/1739/750 90/1740/1683 458/1741/751
f 458/1741/751 90/1740/1683 459/1742/1684
f 90/1743/1685 89/1744/1686 459/1745/1687
f 459/1745/1687 89/1744/1686 460/1746/1688
f 89/1747/1689 88/1748/1690 460/1749/1691
f 460/1749/1691 88/1748/1690 461/1750/1692
f 88/1751/1693 87/1752/1694 461/1753/1695
f 461/1753/1695 87/1752/1694 462/1754/1696
f 87/1755/1697 86/1756/1698 462/1757/1699
f 462/1757/1699 86/1756/1698 463/1758/1700
f 86/1759/1701 85/1760/1702 463/1761/1703
f 463/1761/1703 85/1760/1702 464/1762/1704
f 192/1763/1705 191/1764/1706 443/1765/1707
f 443/1765/1707 191/1764/1706 444/1766/1708
f 191/1767/1709 196/1768/1710 444/1769/1711
f 444/1769/1711 196/1768/1710 445/1770/1712
f 196/1771/1713 195/1772/1714 445/1773/1715
f 445/1773/1715 195/1772/1714 446/1774/1716
f 195/1775/1717 194/1776/1718 446/1777/1719
f 446/1777/1719 194/1776/1718 447/1778/1720
f 194/1779/1721 193/1780/1722 447/1781/1723
f 447/1781/1723 193/1780/1722 448/1782/1724
f 193/1783/1725 192/1784/1726 448/1785/1727
f 448/1785/1727 192/1784/1726 443/1786/1728
f 186/1787/1729 185/1788/1730 437/1789/1731
f 437/1789/1731 185/1788/1730 438/1790/1732
f 185/1791/1733 190/1792/1734 438/1793/1735
f 438/1793/1735 190/1792/1734 439/1794/1736
f 190/1795/1737 189/1796/1738 439/1797/1739
f 439/1797/1739 189/1796/1738 440/1798/1740
f 189/1799/1741 188/1800/1742 440/1801/1743
f 440/1801/1743 188/1800/1742 441/1802/1744
f 188/1803/1745 187/1804/1746 441/1805/1747
f 441/1805/1747 187/1804/1746 442/1806/1748
f 187/1807/1749 186/1808/1750 442/1809/1751
f 442/1809/1751 186/1808/1750 437/1810/1752
f 243/1811/1753 242/1812/1754 340/1813/1755
f 340/1813/1755 242/1812/1754 341/1814/1756
f 242/1815/1757 241/1816/1758 341/1817/1759
f 341/1817/1759 241/1816/1758 313/1818/1760
f 246/1819/1761 245/1820/1762 307/1821/1763
f 307/1821/1763 245/1820/1762 338/1822/1764
f 245/1823/1765 244/1824/1766 338/1825/1767
f 338/1825/1767 244/1824/1766 339/1826/1768
f 244/1827/1769 243/1828/1770 339/1829/1771
f 339/1829/1771 243/1828/1770 340/1830/1772
f 251/1831/1773 256/1832/1774 303/1833/1775
f 303/1833/1775 256/1832/1774 343/1834/1776
f 256/1835/1777 255/1836/1778 343/1837/1779
f 343/1837/1779 255/1836/1778 344/1838/1780
f 255/1839/1781 254/1840/1782 344/1841/1783
f 344/1841/1783 254/1840/1782 345/1842/1784
f 254/1843/1785 253/1844/1786 345/1845/1787
f 345/1845/1787 253/1844/1786 346/1846/1788
f 181/1847/1789 180/1848/1790 432/1849/1791
f 432/1849/1791 180/1848/1790 433/1850/1792
f 180/1851/1793 184/1852/1794 433/1853/1795
f 433/1853/1795 184/1852/1794 434/1854/1796
f 184/1855/1797 183/1856/1798 434/1857/1799
f 434/1857/1799 183/1856/1798 435/1858/1800
f 183/1859/1801 182/1860/1802 435/1861/1803
f 435/1861/1803 182/1860/1802 436/1862/1804
f 182/1863/1805 181/1864/1806 436/1865/1807
f 436/1865/1807 181/1864/1806 432/1866/1808
f 176/1867/1809 175/1868/1810 427/1869/1811
f 427/1869/1811 175/1868/1810 428/1870/1812
f 175/1871/1813 179/1872/1814 428/1873/1815
f 428/1873/1815 179/1872/1814 429/1874/1816
f 179/1875/1817 178/1876/1818 429/1877/1819
f 429/1877/1819 178/1876/1818 430/1878/1820
f 178/1879/1821 177/1880/1822 430/1881/1823
f 430/1881/1823 177/1880/1822 431/1882/1824
f 177/1883/1825 176/1884/1826 431/1885/1827
f 431/1885/1827 176/1884/1826 427/1886/1828
f 172/1887/1829 171/1888/1830 423/1889/1831
f 423/1889/1831 171/1888/1830 424/1890/1832
f 171/1891/1833 174/1892/1834 424/1893/1835
f 424/1893/1835 174/1892/1834 425/1894/1836
f 174/1895/1837 173/1896/1838 425/1897/1839
f 425/1897/1839 173/1896/1838 426/1898/1840
f 173/1899/1841 172/1900/1842 426/1901/1843
f 426/1901/1843 172/1900/1842 423/1902/1844
f 166/1903/1845 165/1904/1846 417/1905/1847
f 417/1905/1847 165/1904/1846 418/1906/1848
f 165/1907/1849 170/1908/1850 418/1909/1851
f 418/1909/1851 170/1908/1850 419/1910/1852
f 170/1911/1853 169/1912/1854 419/1913/1855
f 419/1913/1855 169/1912/1854 420/1914/1856
f 169/1915/1857 168/1916/1858 420/1917/1859
f 420/1917/1859 168/1916/1858 421/1918/1860
f 168/1919/1861 167/1920/1862 421/1921/1863
f 421/1921/1863 167/1920/1862 422/1922/1864
f 167/1923/1865 166/1924/1866 422/1925/1867
f 422/1925/1867 166/1924/1866 417/1926/1868
f 162/1927/1869 161/1928/1870 413/1929/1871
f 413/1929/1871 161/1928/1870 414/1930/1872
f 161/1931/1873 164/1932/1874 414/1933/1875
f 414/1933/1875 164/1932/1874 415/1934/1876
f 164/1935/1877 163/1936/1878 415/1937/1879
f 415/1937/1879 163/1936/1878 416/1938/1880
f 163/1939/1881 162/1940/1882 416/1941/1883
f 416/1941/1883 162/1940/1882 413/1942/1884
f 157/1943/1885 156/1944/1886 408/1945/1887
f 408/1945/1887 156/1944/1886 409/1946/1888
f 156/1947/1889 160/1948/1890 409/1949/1891
f 409/1949/1891 160/1948/1890 410/1950/1892
f 160/1951/1893 159/1952/1894 410/1953/1895
f 410/1953/1895 159/1952/1894 411/1954/1896
f 159/1955/1897 158/1956/1898 411/1957/1899
f 411/1957/1899 158/1956/1898 412/1958/1900
f 158/1959/1901 157/1960/1902 412/1961/1903
f 412/1961/1903 157/1960/1902 408/1962/1904
f 151/1963/1905 150/1964/1906 402/1965/1907
f 402/1965/1907 150/1964/1906 403/1966/1908
f 150/1967/1909 155/1968/1910 403/1969/1911
f 403/1969/1911 155/1968/1910 404/1970/1912
f 155/1971/1913 154/1972/1914 404/1973/1915
f 404/1973/1915 154/1972/1914 405/1974/1916
f 154/1975/1917 153/1976/1918 405/1977/1919
f 405/1977/1919 153/1976/1918 406/1978/1920
f 153/1979/1921 152/1980/1922 406/1981/1923
f 406/1981/1923 152/1980/1922 407/1982/1924
f 152/1983/1925 151/1984/1926 407/1985/1927
f 407/1985/1927 151/1984/1926 402/1986/1928
f 147/1987/1929 146/1988/1930 398/1989/1931
f 398/1989/1931 146/1988/1930 399/1990/1932
f 146/1991/1933 149/1992/1934 399/1993/1935
f 399/1993/1935 149/1992/1934 400/1994/1936
f 149/1995/1937 148/1996/1938 400/1997/1939
f 400/1997/1939 148/1996/1938 401/1998/1940
f 148/1999/1941 147/2000/1942 401/2001/1943
f 401/2001/1943 147/2000/1942 398/2002/1944
f 270/2003/1945 269/2004/1946 289/2005/1947
f 289/2005/1947 269/2004/1946 320/2006/1948
f 268/2007/1949 267/2008/1950 337/2009/1951
f 337/2009/1951 267/2008/1950 314/2010/1952
f 141/2011/1953 140/2012/1954 392/2013/1955
f 392/2013/1955 140/2012/1954 393/2014/1956
f 140/2015/1957 145/2016/1958 393/2017/1959
f 393/2017/1959 145/2016/1958 394/2018/1960
f 145/2019/1961 144/2020/1962 394/2021/1963
f 394/2021/1963 144/2020/1962 395/2022/1964
f 144/2023/1965 143/2024/1966 395/2025/1967
f 395/2025/1967 143/2024/1966 396/2026/1968
f 143/2027/1969 142/2028/1970 396/2029/1971
f 396/2029/1971 142/2028/1970 397/2030/1972
f 142/2031/1973 141/2032/1974 397/2033/1975
f 397/2033/1975 141/2032/1974 392/2034/1976
f 136/2035/1977 135/2036/1978 387/2037/1979
f 387/2037/1979 135/2036/1978 388/2038/1980
f 135/2039/1981 139/2040/1982 388/2041/1983
f 388/2041/1983 139/2040/1982 389/2042/1984
f 139/2043/1985 138/2044/1986 389/2045/1987
f 389/2045/1987 138/2044/1986 390/2046/1988
f 138/2047/1989 137/2048/1990 390/2049/1991
f 390/2049/1991 137/2048/1990 391/2050/1992
f 137/2051/1993 136/2052/1994 391/2053/1995
f 391/2053/1995 136/2052/1994 387/2054/1996
f 1031/2055/1997 1032/2056/1998 982/2057/1999
f 982/2057/1999 1032/2056/1998 983/2058/2000
f 1033/2059/2001 1034/2060/2002 769/2061/2003
f 769/2061/2003 1034/2060/2002 770/2062/2004
f 1035/2063/2005 1033/2064/2006 768/2065/2007
f 768/2065/2007 1033/2064/2006 769/2066/2008
f 1036/2067/2009 1035/2068/2010 767/2069/2011
f 767/2069/2011 1035/2068/2010 768/2070/2012
f 1034/2071/2013 1036/2072/2014 770/2073/2015
f 770/2073/2015 1036/2072/2014 767/2074/2016
f 1037/2075/2017 1038/2076/2018 773/2077/2019
f 773/2077/2019 1038/2076/2018 774/2078/2020
f 1039/2079/2021 1037/2080/2022 772/2081/2023
f 772/2081/2023 1037/2080/2022 773/2082/2024
f 1040/2083/2025 1039/2084/2026 771/2085/2027
f 771/2085/2027 1039/2084/2026 772/2086/2028
f 1038/2087/2029 1040/2088/2030 774/2089/2031
f 774/2089/2031 1040/2088/2030 771/2090/2032
f 1041/2091/2033 1042/2092/2034 777/2093/2035
f 777/2093/2035 1042/2092/2034 778/2094/2036
f 1043/2095/2037 1041/2096/2038 776/2097/2039
f 776/2097/2039 1041/2096/2038 777/2098/2040
f 1044/2099/2041 1043/2100/2042 775/2101/2043
f 775/2101/2043 1043/2100/2042 776/2102/2044
f 1042/2103/2045 1044/2104/2046 778/2105/2047
f 778/2105/2047 1044/2104/2046 775/2106/2048
f 1045/2107/2049 568/2108/2050 988/2109/2051
f 988/2109/2051 568/2108/2050 567/2110/2052
f 565/2111/2053 1045/2112/2054 566/2113/2055
f 566/2113/2055 1045/2112/2054 988/2114/2056
f 923/2115/2057 922/2116/2058 1047/2117/2059
f 1047/2117/2059 922/2116/2058 1046/2118/2060
f 1047/2119/2061 1048/2120/2062 923/2121/2063
f 923/2121/2063 1048/2120/2062 924/2122/2064
f 715/2123/2065 720/2124/2066 1050/2125/2067
f 1050/2125/2067 720/2124/2066 1049/2126/2068
f 720/2127/2069 719/2128/2070 1049/2129/2071
f 1049/2129/2071 719/2128/2070 1051/2130/2072
f 982/2131/2073 987/2132/2074 1031/2133/2075
f 1031/2133/2075 987/2132/2074 1052/2134/2076
f 722/2135/2077 721/2136/2078 1054/2137/2079
f 1054/2137/2079 721/2136/2078 1053/2138/2080
f 721/2139/2081 726/2140/2082 1053/2141/2083
f 1053/2141/2083 726/2140/2082 1055/2142/2084
f 1056/2143/2085 1057/2144/2086 980/2145/2087
f 980/2145/2087 1057/2144/2086 981/2146/2088
f 1058/2147/2089 1056/2148/2090 979/2149/2091
f 979/2149/2091 1056/2148/2090 980/2150/2092
f 598/2151/2093 1058/2152/2094 614/2153/2095
f 614/2153/2095 1058/2152/2094 979/2154/2096
f 1057/2155/2097 599/2156/2098 981/2157/2099
f 981/2157/2099 599/2156/2098 615/2158/2100
f 650/2159/2101 1039/2160/2102 639/2161/2103
f 639/2161/2103 1039/2160/2102 1230/2162/2104
f 639/2161/2103 1230/2162/2104 1231/2163/2105
f 989/2164/2106 1141/2165/2107 650/2159/2101
f 650/2159/2101 1141/2165/2107 1037/2166/2108
f 650/2159/2101 1037/2166/2108 1039/2160/2102
f 990/2167/2109 1035/2168/2110 989/2164/2106
f 989/2164/2106 1035/2168/2110 1140/2169/2111
f 989/2164/2106 1140/2169/2111 1141/2165/2107
f 1035/2168/2110 990/2167/2109 1033/2170/2112
f 1033/2170/2112 990/2167/2109 712/2171/2113
f 1033/2170/2112 712/2171/2113 711/2172/2114
f 711/2172/2114 710/2173/2115 1033/2170/2112
f 1033/2170/2112 710/2173/2115 993/2174/2116
f 1033/2170/2112 993/2174/2116 1122/2175/2117
f 1122/2175/2117 993/2174/2116 992/2176/2118
f 1122/2175/2117 992/2176/2118 991/2177/2119
f 993/2174/2116 710/2173/2115 994/2178/2120
f 994/2178/2120 710/2173/2115 709/2179/2121
f 994/2178/2120 709/2179/2121 995/2180/2122
f 995/2180/2122 709/2179/2121 708/2181/2123
f 995/2180/2122 708/2181/2123 996/2182/2124
f 996/2182/2124 708/2181/2123 707/2183/2125
f 996/2182/2124 707/2183/2125 997/2184/2126
f 997/2184/2126 707/2183/2125 706/2185/2127
f 997/2184/2126 706/2185/2127 998/2186/2128
f 998/2186/2128 706/2185/2127 705/2187/2129
f 998/2186/2128 705/2187/2129 999/2188/2130
f 999/2188/2130 705/2187/2129 704/2189/2131
f 999/2188/2130 704/2189/2131 1000/2190/2132
f 1000/2190/2132 704/2189/2131 703/2191/2133
f 1000/2190/2132 703/2191/2133 1002/2192/2134
f 1002/2192/2134 703/2191/2133 690/2193/2135
f 1002/2192/2134 690/2193/2135 1003/2194/2136
f 1003/2194/2136 690/2193/2135 689/2195/2137
f 1003/2194/2136 689/2195/2137 1004/2196/2138
f 1004/2196/2138 689/2195/2137 688/2197/2139
f 1004/2196/2138 688/2197/2139 1005/2198/2140
f 1005/2198/2140 688/2197/2139 687/2199/2141
f 1005/2198/2140 687/2199/2141 1006/2200/2142
f 1006/2200/2142 687/2199/2141 686/2201/2143
f 1006/2200/2142 686/2201/2143 1007/2202/2144
f 1007/2202/2144 686/2201/2143 685/2203/2145
f 1007/2202/2144 685/2203/2145 1008/2204/2146
f 1008/2204/2146 685/2203/2145 684/2205/2147
f 1008/2204/2146 684/2205/2147 1009/2206/2148
f 1009/2206/2148 684/2205/2147 1050/2207/2149
f 1009/2206/2148 1050/2207/2149 1010/2208/2150
f 1010/2208/2150 1050/2207/2149 1011/2209/2151
f 1011/2209/2151 1050/2207/2149 1049/2210/2152
f 1011/2209/2151 1049/2210/2152 1012/2211/2153
f 1012/2211/2153 1049/2210/2152 1047/2212/2154
f 1012/2211/2153 1047/2212/2154 1013/2213/2155
f 1013/2213/2155 1047/2212/2154 1046/2214/2156
f 1013/2213/2155 1046/2214/2156 1014/2215/2157
f 1014/2215/2157 1046/2214/2156 1015/2216/2158
f 1015/2216/2158 1046/2214/2156 1016/2217/2159
f 1016/2217/2159 1046/2214/2156 1017/2218/2160
f 1017/2218/2160 1046/2214/2156 1018/2219/2161
f 1018/2219/2161 1046/2214/2156 1019/2220/2162
f 1019/2220/2162 1046/2214/2156 1020/2221/2163
f 1020/2221/2163 1046/2214/2156 1021/2222/2164
f 1021/2222/2164 1046/2214/2156 1022/2223/2165
f 1022/2223/2165 1046/2214/2156 1126/2224/2166
f 1022/2223/2165 1126/2224/2166 1023/2225/2167
f 1023/2225/2167 1126/2224/2166 1024/2226/2168
f 1024/2226/2168 1126/2224/2166 1025/2227/2169
f 1025/2227/2169 1126/2224/2166 1026/2228/2170
f 1026/2228/2170 1126/2224/2166 1027/2229/2171
f 1027/2229/2171 1126/2224/2166 1028/2230/2172
f 1028/2230/2172 1126/2224/2166 1029/2231/2173
f 1029/2231/2173 1126/2224/2166 1030/2232/2174
f 1030/2232/2174 1126/2224/2166 1127/2233/2175
f 1030/2232/2174 1127/2233/2175 1001/2234/2176
f 1001/2234/2176 1127/2233/2175 1043/2235/2177
f 1001/2234/2176 1043/2235/2177 1044/2236/2178
f 684/2205/2147 683/2237/2179 1050/2207/2149
f 1050/2207/2149 683/2237/2179 682/2238/2180
f 1050/2207/2149 682/2238/2180 681/2239/2181
f 1050/2207/2149 681/2239/2181 1053/2240/2182
f 1053/2240/2182 681/2239/2181 692/2241/2183
f 1053/2240/2182 692/2241/2183 1054/2242/2184
f 1054/2242/2184 692/2241/2183 1052/2243/2185
f 1054/2242/2184 1052/2243/2185 1061/2244/2186
f 1061/2244/2186 1052/2243/2185 1104/2245/2187
f 1061/2244/2186 1104/2245/2187 1198/2246/2188
f 1198/2246/2188 1104/2245/2187 1197/2247/2189
f 1197/2247/2189 1104/2245/2187 1105/2248/2190
f 1197/2247/2189 1105/2248/2190 1196/2249/2191
f 1196/2249/2191 1105/2248/2190 328/2250/2192
f 1196/2249/2191 328/2250/2192 1195/2251/2193
f 1195/2251/2193 328/2250/2192 1060/2252/2194
f 1195/2251/2193 1060/2252/2194 1198/2246/2188
f 1198/2246/2188 1060/2252/2194 1061/2244/2186
f 692/2241/2183 670/2253/2195 1052/2243/2185
f 1052/2243/2185 670/2253/2195 1031/2254/2196
f 1031/2254/2196 670/2253/2195 669/2255/2197
f 1031/2254/2196 669/2255/2197 668/2256/2198
f 668/2256/2198 667/2257/2199 1031/2254/2196
f 1031/2254/2196 667/2257/2199 666/2258/2200
f 1031/2254/2196 666/2258/2200 665/2259/2201
f 665/2259/2201 664/2260/2202 1031/2254/2196
f 1031/2254/2196 664/2260/2202 1199/2261/2203
f 1031/2254/2196 1199/2261/2203 1200/2262/2204
f 664/2260/2202 663/2263/2205 1199/2261/2203
f 1199/2261/2203 663/2263/2205 662/2264/2206
f 1199/2261/2203 662/2264/2206 661/2265/2207
f 648/2266/2208 568/2267/2209 661/2265/2207
f 661/2265/2207 568/2267/2209 1045/2268/2210
f 661/2265/2207 1045/2268/2210 1199/2261/2203
f 1199/2261/2203 1045/2268/2210 565/2269/2211
f 1199/2261/2203 565/2269/2211 1204/2270/2212
f 1204/2270/2212 565/2269/2211 568/2267/2209
f 1204/2270/2212 568/2267/2209 648/2266/2208
f 1204/2270/2212 648/2266/2208 1206/2271/2213
f 1206/2271/2213 648/2266/2208 647/2272/2214
f 1206/2271/2213 647/2272/2214 646/2273/2215
f 1206/2271/2213 646/2273/2215 1205/2274/2216
f 1205/2274/2216 646/2273/2215 645/2275/2217
f 1205/2274/2216 645/2275/2217 644/2276/2218
f 644/2276/2218 643/2277/2219 1205/2274/2216
f 1205/2274/2216 643/2277/2219 642/2278/2220
f 1205/2274/2216 642/2278/2220 641/2279/2221
f 641/2279/2221 640/2280/2222 1205/2274/2216
f 1205/2274/2216 640/2280/2222 1231/2163/2105
f 1205/2274/2216 1231/2163/2105 1210/2281/2223
f 1210/2281/2223 1231/2163/2105 1232/2282/2224
f 1210/2281/2223 1232/2282/2224 1113/2283/2225
f 1113/2283/2225 1232/2282/2224 1233/2284/2226
f 1113/2283/2225 1233/2284/2226 1118/2285/2227
f 1118/2285/2227 1233/2284/2226 1079/2286/2228
f 1118/2285/2227 1079/2286/2228 1117/2287/2229
f 1117/2287/2229 1079/2286/2228 1080/2288/2230
f 1117/2287/2229 1080/2288/2230 603/2289/2231
f 603/2289/2231 1080/2288/2230 604/2290/2232
f 640/2280/2222 639/2161/2103 1231/2163/2105
f 1050/2207/2149 1053/2240/2182 1062/2291/2233
f 1062/2291/2233 1053/2240/2182 1055/2292/2234
f 1062/2291/2233 1055/2292/2234 1155/2293/2235
f 1155/2293/2235 1055/2292/2234 1154/2294/2236
f 1154/2294/2236 1055/2292/2234 1059/2295/2237
f 1154/2294/2236 1059/2295/2237 1153/2296/2238
f 1153/2296/2238 1059/2295/2237 328/2250/2192
f 1153/2296/2238 328/2250/2192 1152/2297/2239
f 1152/2297/2239 328/2250/2192 1064/2298/2240
f 1152/2297/2239 1064/2298/2240 1155/2293/2235
f 1155/2293/2235 1064/2298/2240 1062/2291/2233
f 1059/2295/2237 1060/2252/2194 328/2250/2192
f 1047/2212/2154 1049/2210/2152 1048/2299/2241
f 1048/2299/2241 1049/2210/2152 1051/2300/2242
f 1048/2299/2241 1051/2300/2242 1222/2301/2243
f 1222/2301/2243 1051/2300/2242 1221/2302/2244
f 1221/2302/2244 1051/2300/2242 1063/2303/2245
f 1221/2302/2244 1063/2303/2245 1220/2304/2246
f 1220/2304/2246 1063/2303/2245 328/2250/2192
f 1220/2304/2246 328/2250/2192 1219/2305/2247
f 1219/2305/2247 328/2250/2192 1218/2306/2248
f 1219/2305/2247 1218/2306/2248 1222/2301/2243
f 1222/2301/2243 1218/2306/2248 1048/2299/2241
f 1063/2303/2245 1064/2298/2240 328/2250/2192
f 1035/2168/2110 1036/2307/2249 1140/2169/2111
f 1140/2169/2111 1036/2307/2249 1139/2308/2250
f 1139/2308/2250 1036/2307/2249 1224/2309/2251
f 1139/2308/2250 1224/2309/2251 1138/2310/2252
f 1138/2310/2252 1224/2309/2251 1225/2311/2253
f 1138/2310/2252 1225/2311/2253 1074/2312/2254
f 1074/2312/2254 1225/2311/2253 1226/2313/2255
f 1074/2312/2254 1226/2313/2255 1073/2314/2256
f 1073/2314/2256 1226/2313/2255 1227/2315/2257
f 1073/2314/2256 1227/2315/2257 607/2316/2258
f 607/2316/2258 1227/2315/2257 1072/2317/2259
f 607/2316/2258 1072/2317/2259 608/2318/2260
f 1036/2307/2249 1034/2319/2261 1224/2309/2251
f 1224/2309/2251 1034/2319/2261 1223/2320/2262
f 1223/2320/2262 1034/2319/2261 1123/2321/2263
f 1223/2320/2262 1123/2321/2263 1124/2322/2264
f 1123/2321/2263 1034/2319/2261 1122/2175/2117
f 1122/2175/2117 1034/2319/2261 1033/2170/2112
f 1039/2160/2102 1040/2323/2265 1230/2162/2104
f 1230/2162/2104 1040/2323/2265 1229/2324/2266
f 1229/2324/2266 1040/2323/2265 1212/2325/2267
f 1229/2324/2266 1212/2325/2267 1234/2326/2268
f 1234/2326/2268 1212/2325/2267 1213/2327/2269
f 1234/2326/2268 1213/2327/2269 1078/2328/2270
f 1078/2328/2270 1213/2327/2269 1214/2329/2271
f 1078/2328/2270 1214/2329/2271 1077/2330/2272
f 1077/2330/2272 1214/2329/2271 1215/2331/2273
f 1077/2330/2272 1215/2331/2273 605/2332/2274
f 605/2332/2274 1215/2331/2273 1076/2333/2275
f 605/2332/2274 1076/2333/2275 606/2334/2276
f 1040/2323/2265 1038/2335/2277 1212/2325/2267
f 1212/2325/2267 1038/2335/2277 1211/2336/2278
f 1211/2336/2278 1038/2335/2277 1136/2337/2279
f 1211/2336/2278 1136/2337/2279 1137/2338/2280
f 1136/2337/2279 1038/2335/2277 1141/2165/2107
f 1141/2165/2107 1038/2335/2277 1037/2166/2108
f 1042/2339/2281 1121/2340/2282 1044/2236/2178
f 1044/2236/2178 1121/2340/2282 991/2177/2119
f 1044/2236/2178 991/2177/2119 1001/2234/2176
f 1041/2341/2283 1133/2342/2284 1042/2339/2281
f 1042/2339/2281 1133/2342/2284 1120/2343/2285
f 1042/2339/2281 1120/2343/2285 1121/2340/2282
f 1043/2235/2177 1127/2233/2175 1041/2341/2283
f 1041/2341/2283 1127/2233/2175 1128/2344/2286
f 1041/2341/2283 1128/2344/2286 1132/2345/2287
f 1132/2345/2287 1128/2344/2286 1129/2346/2288
f 1132/2345/2287 1129/2346/2288 1131/2347/2289
f 1131/2347/2289 1129/2346/2288 1067/2348/2290
f 1131/2347/2289 1067/2348/2290 1130/2349/2291
f 1130/2349/2291 1067/2348/2290 1068/2350/2292
f 1130/2349/2291 1068/2350/2292 609/2351/2293
f 609/2351/2293 1068/2350/2292 610/2352/2294
f 1057/2353/2295 1251/2354/2296 599/2355/2297
f 599/2355/2297 1251/2354/2296 1088/2356/2298
f 599/2355/2297 1088/2356/2298 600/2357/2299
f 1251/2354/2296 1057/2353/2295 1250/2358/2300
f 1250/2358/2300 1057/2353/2295 1056/2359/2301
f 1250/2358/2300 1056/2359/2301 1249/2360/2302
f 1249/2360/2302 1056/2359/2301 1097/2361/2303
f 1249/2360/2302 1097/2361/2303 1248/2362/2304
f 1248/2362/2304 1097/2361/2303 1098/2363/2305
f 1248/2362/2304 1098/2363/2305 1165/2364/2306
f 1165/2364/2306 1098/2363/2305 1099/2365/2307
f 1165/2364/2306 1099/2365/2307 1164/2366/2308
f 1164/2366/2308 1099/2365/2307 1170/2367/2309
f 1164/2366/2308 1170/2367/2309 1163/2368/2310
f 1163/2368/2310 1170/2367/2309 1171/2369/2311
f 1163/2368/2310 1171/2369/2311 1257/2370/2312
f 1257/2370/2312 1171/2369/2311 1172/2371/2313
f 1257/2370/2312 1172/2371/2313 1256/2372/2314
f 1256/2372/2314 1172/2371/2313 1262/2373/2315
f 1256/2372/2314 1262/2373/2315 1255/2374/2316
f 1255/2374/2316 1262/2373/2315 1263/2375/2317
f 1255/2374/2316 1263/2375/2317 1175/2376/2318
f 1175/2376/2318 1263/2375/2317 1259/2377/2319
f 1175/2376/2318 1259/2377/2319 1174/2378/2320
f 1174/2378/2320 1259/2377/2319 1065/2379/2321
f 1174/2378/2320 1065/2379/2321 1173/2380/2322
f 1173/2380/2322 1065/2379/2321 1090/2381/2323
f 1173/2380/2322 1090/2381/2323 1176/2382/2324
f 1176/2382/2324 1090/2381/2323 1091/2383/2325
f 1176/2382/2324 1091/2383/2325 1254/2384/2326
f 1254/2384/2326 1091/2383/2325 1092/2385/2327
f 1254/2384/2326 1092/2385/2327 1253/2386/2328
f 1253/2386/2328 1092/2385/2327 1182/2387/2329
f 1253/2386/2328 1182/2387/2329 1258/2388/2330
f 1258/2388/2330 1182/2387/2329 1177/2389/2331
f 1258/2388/2330 1177/2389/2331 1162/2390/2332
f 1162/2390/2332 1177/2389/2331 1178/2391/2333
f 1162/2390/2332 1178/2391/2333 1167/2392/2334
f 1167/2392/2334 1178/2391/2333 1185/2393/2335
f 1167/2392/2334 1185/2393/2335 1166/2394/2336
f 1166/2394/2336 1185/2393/2335 1186/2395/2337
f 1166/2394/2336 1186/2395/2337 1247/2396/2338
f 1247/2396/2338 1186/2395/2337 1187/2397/2339
f 1247/2396/2338 1187/2397/2339 1252/2398/2340
f 1252/2398/2340 1187/2397/2339 1087/2399/2341
f 1252/2398/2340 1087/2399/2341 1251/2354/2296
f 1251/2354/2296 1087/2399/2341 1088/2356/2298
f 1056/2359/2301 1058/2400/2342 1097/2361/2303
f 1097/2361/2303 1058/2400/2342 1096/2401/2343
f 1096/2401/2343 1058/2400/2342 11/2402/2344
f 1096/2401/2343 11/2402/2344 1095/2403/2345
f 1095/2403/2345 11/2402/2344 1169/2404/2346
f 1095/2403/2345 1169/2404/2346 1170/2367/2309
f 1058/2400/2342 598/2405/2347 11/2402/2344
f 11/2402/2344 1065/2379/2321 1169/2404/2346
f 1169/2404/2346 1065/2379/2321 1168/2406/2348
f 1168/2406/2348 1065/2379/2321 1261/2407/2349
f 1168/2406/2348 1261/2407/2349 1262/2373/2315
f 328/2250/2192 1105/2248/2190 1065/2379/2321
f 1065/2379/2321 1105/2248/2190 1106/2408/2350
f 1065/2379/2321 1106/2408/2350 1148/2409/2351
f 1148/2409/2351 1106/2408/2350 1151/2410/2352
f 1151/2410/2352 1106/2408/2350 1032/2411/2353
f 1151/2410/2352 1032/2411/2353 1200/2262/2204
f 1200/2262/2204 1032/2411/2353 1031/2254/2196
f 327/2412/2354 1126/2224/2166 328/2250/2192
f 328/2250/2192 1126/2224/2166 1046/2214/2156
f 328/2250/2192 1046/2214/2156 1217/2413/2355
f 611/2414/2356 1066/2415/2357 327/2412/2354
f 327/2412/2354 1066/2415/2357 1125/2416/2358
f 327/2412/2354 1125/2416/2358 1126/2224/2166
f 1066/2415/2357 1067/2348/2290 1125/2416/2358
f 1125/2416/2358 1067/2348/2290 1129/2346/2288
f 609/2351/2293 1069/2417/2359 1130/2349/2291
f 1130/2349/2291 1069/2417/2359 1135/2418/2360
f 1135/2418/2360 1069/2417/2359 1070/2419/2361
f 1135/2418/2360 1070/2419/2361 1134/2420/2362
f 1134/2420/2362 1070/2419/2361 1119/2421/2363
f 1134/2420/2362 1119/2421/2363 1133/2342/2284
f 1133/2342/2284 1119/2421/2363 1120/2343/2285
f 1070/2419/2361 1071/2422/2364 1119/2421/2363
f 1119/2421/2363 1071/2422/2364 1124/2322/2264
f 1124/2322/2264 1071/2422/2364 1228/2423/2365
f 1124/2322/2264 1228/2423/2365 1223/2320/2262
f 1228/2423/2365 1071/2422/2364 1227/2315/2257
f 1227/2315/2257 1071/2422/2364 1072/2317/2259
f 1074/2312/2254 1075/2424/2366 1138/2310/2252
f 1138/2310/2252 1075/2424/2366 1137/2338/2280
f 1137/2338/2280 1075/2424/2366 1216/2425/2367
f 1137/2338/2280 1216/2425/2367 1211/2336/2278
f 1216/2425/2367 1075/2424/2366 1215/2331/2273
f 1215/2331/2273 1075/2424/2366 1076/2333/2275
f 1078/2328/2270 1079/2286/2228 1234/2326/2268
f 1234/2326/2268 1079/2286/2228 1233/2284/2226
f 603/2289/2231 1081/2426/2368 1117/2287/2229
f 1117/2287/2229 1081/2426/2368 1116/2427/2369
f 1116/2427/2369 1081/2426/2368 1082/2428/2370
f 1116/2427/2369 1082/2428/2370 1115/2429/2371
f 1115/2429/2371 1082/2428/2370 1145/2430/2372
f 1115/2429/2371 1145/2430/2372 1114/2431/2373
f 1114/2431/2373 1145/2430/2372 1146/2432/2374
f 1114/2431/2373 1146/2432/2374 1209/2433/2375
f 1209/2433/2375 1146/2432/2374 1147/2434/2376
f 1209/2433/2375 1147/2434/2376 1208/2435/2377
f 1208/2435/2377 1147/2434/2376 1110/2436/2378
f 1208/2435/2377 1110/2436/2378 1207/2437/2379
f 1207/2437/2379 1110/2436/2378 1111/2438/2380
f 1207/2437/2379 1111/2438/2380 1203/2439/2381
f 1203/2439/2381 1111/2438/2380 1112/2440/2382
f 1203/2439/2381 1112/2440/2382 1202/2441/2383
f 1202/2441/2383 1112/2440/2382 1239/2442/2384
f 1202/2441/2383 1239/2442/2384 1201/2443/2385
f 1201/2443/2385 1239/2442/2384 1240/2444/2386
f 1201/2443/2385 1240/2444/2386 1150/2445/2387
f 1150/2445/2387 1240/2444/2386 1235/2446/2388
f 1150/2445/2387 1235/2446/2388 1149/2447/2389
f 1149/2447/2389 1235/2446/2388 1065/2379/2321
f 1149/2447/2389 1065/2379/2321 1148/2409/2351
f 1082/2428/2370 1083/2448/2390 1145/2430/2372
f 1145/2430/2372 1083/2448/2390 1144/2449/2391
f 1144/2449/2391 1083/2448/2390 1158/2450/2392
f 1144/2449/2391 1158/2450/2392 1159/2451/2393
f 1158/2450/2392 1083/2448/2390 1157/2452/2394
f 1157/2452/2394 1083/2448/2390 1084/2453/2395
f 1157/2452/2394 1084/2453/2395 601/2454/2396
f 601/2454/2396 1084/2453/2395 602/2455/2397
f 601/2454/2396 1085/2456/2398 1157/2452/2394
f 1157/2452/2394 1085/2456/2398 1156/2457/2399
f 1156/2457/2399 1085/2456/2398 1086/2458/2400
f 1156/2457/2399 1086/2458/2400 1161/2459/2401
f 1161/2459/2401 1086/2458/2400 1188/2460/2402
f 1161/2459/2401 1188/2460/2402 1160/2461/2403
f 1160/2461/2403 1188/2460/2402 1183/2462/2404
f 1160/2461/2403 1183/2462/2404 1246/2463/2405
f 1246/2463/2405 1183/2462/2404 1184/2464/2406
f 1246/2463/2405 1184/2464/2406 1245/2465/2407
f 1245/2465/2407 1184/2464/2406 1179/2466/2408
f 1245/2465/2407 1179/2466/2408 1244/2467/2409
f 1244/2467/2409 1179/2466/2408 1180/2468/2410
f 1244/2467/2409 1180/2468/2410 1193/2469/2411
f 1193/2469/2411 1180/2468/2410 1181/2470/2412
f 1193/2469/2411 1181/2470/2412 1192/2471/2413
f 1192/2471/2413 1181/2470/2412 1093/2472/2414
f 1192/2471/2413 1093/2472/2414 1191/2473/2415
f 1191/2473/2415 1093/2472/2414 1094/2474/2416
f 1191/2473/2415 1094/2474/2416 1102/2475/2417
f 1102/2475/2417 1094/2474/2416 1089/2476/2418
f 1102/2475/2417 1089/2476/2418 1101/2477/2419
f 1101/2477/2419 1089/2476/2418 1065/2379/2321
f 1101/2477/2419 1065/2379/2321 1100/2478/2420
f 1100/2478/2420 1065/2379/2321 1236/2479/2421
f 1100/2478/2420 1236/2479/2421 1103/2480/2422
f 1103/2480/2422 1236/2479/2421 1237/2481/2423
f 1103/2480/2422 1237/2481/2423 1190/2482/2424
f 1190/2482/2424 1237/2481/2423 1238/2483/2425
f 1190/2482/2424 1238/2483/2425 1189/2484/2426
f 1189/2484/2426 1238/2483/2425 1107/2485/2427
f 1189/2484/2426 1107/2485/2427 1194/2486/2428
f 1194/2486/2428 1107/2485/2427 1108/2487/2429
f 1194/2486/2428 1108/2487/2429 1243/2488/2430
f 1243/2488/2430 1108/2487/2429 1109/2489/2431
f 1243/2488/2430 1109/2489/2431 1242/2490/2432
f 1242/2490/2432 1109/2489/2431 1142/2491/2433
f 1242/2490/2432 1142/2491/2433 1241/2492/2434
f 1241/2492/2434 1142/2491/2433 1143/2493/2435
f 1241/2492/2434 1143/2493/2435 1159/2451/2393
f 1159/2451/2393 1143/2493/2435 1144/2449/2391
f 1086/2458/2400 1087/2399/2341 1188/2460/2402
f 1188/2460/2402 1087/2399/2341 1187/2397/2339
f 1089/2476/2418 1090/2381/2323 1065/2379/2321
f 1092/2385/2327 1093/2472/2414 1182/2387/2329
f 1182/2387/2329 1093/2472/2414 1181/2470/2412
f 1099/2365/2307 1095/2403/2345 1170/2367/2309
f 1102/2475/2417 1103/2480/2422 1191/2473/2415
f 1191/2473/2415 1103/2480/2422 1190/2482/2424
f 1109/2489/2431 1110/2436/2378 1142/2491/2433
f 1142/2491/2433 1110/2436/2378 1147/2434/2376
f 1112/2440/2382 1107/2485/2427 1239/2442/2384
f 1239/2442/2384 1107/2485/2427 1238/2483/2425
f 1113/2283/2225 1114/2431/2373 1210/2281/2223
f 1210/2281/2223 1114/2431/2373 1209/2433/2375
f 1121/2340/2282 1122/2175/2117 991/2177/2119
f 1132/2345/2287 1133/2342/2284 1041/2341/2283
f 1150/2445/2387 1151/2410/2352 1201/2443/2385
f 1201/2443/2385 1151/2410/2352 1200/2262/2204
f 1159/2451/2393 1160/2461/2403 1241/2492/2434
f 1241/2492/2434 1160/2461/2403 1246/2463/2405
f 1162/2390/2332 1163/2368/2310 1258/2388/2330
f 1258/2388/2330 1163/2368/2310 1257/2370/2312
f 1165/2364/2306 1166/2394/2336 1248/2362/2304
f 1248/2362/2304 1166/2394/2336 1247/2396/2338
f 1172/2371/2313 1168/2406/2348 1262/2373/2315
f 1175/2376/2318 1176/2382/2324 1255/2374/2316
f 1255/2374/2316 1176/2382/2324 1254/2384/2326
f 1178/2391/2333 1179/2466/2408 1185/2393/2335
f 1185/2393/2335 1179/2466/2408 1184/2464/2406
f 1193/2469/2411 1194/2486/2428 1244/2467/2409
f 1244/2467/2409 1194/2486/2428 1243/2488/2430
f 1203/2439/2381 1204/2270/2212 1207/2437/2379
f 1207/2437/2379 1204/2270/2212 1206/2271/2213
f 1217/2413/2355 1218/2306/2248 328/2250/2192
f 1235/2446/2388 1236/2479/2421 1065/2379/2321
f 1259/2377/2319 1260/2494/2436 1065/2379/2321
f 1065/2379/2321 1260/2494/2436 1261/2407/2349
f 348/2495/913 347/2496/976 95/2497/914
f 95/2497/914 347/2496/976 96/2498/975
f 116/2499/935 115/2500/954 367/2501/936
f 367/2501/936 115/2500/954 368/2502/953
f 1093/2503/2437 1092/2504/2438 782/2505/2439
f 782/2505/2439 1092/2504/2438 783/2506/2440
f 1094/2507/2441 1093/2508/2442 781/2509/2443
f 781/2509/2443 1093/2508/2442 782/2510/2444
f 1089/2511/2445 1094/2512/2446 780/2513/2447
f 780/2513/2447 1094/2512/2446 781/2514/2448
f 1090/2515/2449 1089/2516/2450 779/2517/2451
f 779/2517/2451 1089/2516/2450 780/2518/2452
f 1091/2519/2453 1090/2520/2454 784/2521/2455
f 784/2521/2455 1090/2520/2454 779/2522/2456
f 1092/2523/2457 1091/2524/2458 783/2525/2459
f 783/2525/2459 1091/2524/2458 784/2526/2460
f 1099/2527/2461 1098/2528/2462 787/2529/2463
f 787/2529/2463 1098/2528/2462 788/2530/2464
f 1095/2531/2465 1099/2532/2466 786/2533/2467
f 786/2533/2467 1099/2532/2466 787/2534/2468
f 1096/2535/2469 1095/2536/2470 785/2537/2471
f 785/2537/2471 1095/2536/2470 786/2538/2472
f 1097/2539/2473 1096/2540/2474 789/2541/2475
f 789/2541/2475 1096/2540/2474 785/2542/2476
f 1098/2543/2477 1097/2544/2478 788/2545/2479
f 788/2545/2479 1097/2544/2478 789/2546/2480
f 792/2547/2481 791/2548/2482 1086/2549/2483
f 1086/2549/2483 791/2548/2482 1087/2550/2484
f 793/2551/2485 792/2552/2486 1085/2553/2487
f 1085/2553/2487 792/2552/2486 1086/2554/2488
f 613/2555/2489 793/2556/2490 601/2557/2491
f 601/2557/2491 793/2556/2490 1085/2558/2492
f 791/2559/2493 790/2560/2494 1087/2561/2495
f 1087/2561/2495 790/2560/2494 1088/2562/2496
f 790/2563/2497 612/2564/2498 1088/2565/2499
f 1088/2565/2499 612/2564/2498 600/2566/2500
f 1103/2567/2501 1102/2568/2502 796/2569/2503
f 796/2569/2503 1102/2568/2502 797/2570/2504
f 1100/2571/2505 1103/2572/2506 795/2573/2507
f 795/2573/2507 1103/2572/2506 796/2574/2508
f 1101/2575/2509 1100/2576/2510 794/2577/2511
f 794/2577/2511 1100/2576/2510 795/2578/2512
f 1102/2579/2513 1101/2580/2514 797/2581/2515
f 797/2581/2515 1101/2580/2514 794/2582/2516
f 987/2583/2517 986/2584/2518 1052/2585/2519
f 1052/2585/2519 986/2584/2518 1104/2586/2520
f 1105/2587/2521 1104/2588/2522 985/2589/2523
f 985/2589/2523 1104/2588/2522 986/2590/2524
f 1106/2591/2525 1105/2592/2526 984/2593/2527
f 984/2593/2527 1105/2592/2526 985/2594/2528
f 1032/2595/2529 1106/2596/2530 983/2597/2531
f 983/2597/2531 1106/2596/2530 984/2598/2532
f 1111/2599/2533 1110/2600/2534 801/2601/2535
f 801/2601/2535 1110/2600/2534 802/2602/2536
f 1112/2603/2537 1111/2604/2538 800/2605/2539
f 800/2605/2539 1111/2604/2538 801/2606/2540
f 1107/2607/2541 1112/2608/2542 799/2609/2543
f 799/2609/2543 1112/2608/2542 800/2610/2544
f 1108/2611/2545 1107/2612/2546 798/2613/2547
f 798/2613/2547 1107/2612/2546 799/2614/2548
f 1109/2615/2549 1108/2616/2550 803/2617/2551
f 803/2617/2551 1108/2616/2550 798/2618/2552
f 1110/2619/2553 1109/2620/2554 802/2621/2555
f 802/2621/2555 1109/2620/2554 803/2622/2556
f 1117/2623/2557 1116/2624/2558 807/2625/2559
f 807/2625/2559 1116/2624/2558 808/2626/2560
f 1118/2627/2561 1117/2628/2562 806/2629/2563
f 806/2629/2563 1117/2628/2562 807/2630/2564
f 1113/2631/2565 1118/2632/2566 805/2633/2567
f 805/2633/2567 1118/2632/2566 806/2634/2568
f 1114/2635/2569 1113/2636/2570 804/2637/2571
f 804/2637/2571 1113/2636/2570 805/2638/2572
f 1115/2639/2573 1114/2640/2574 809/2641/2575
f 809/2641/2575 1114/2640/2574 804/2642/2576
f 1116/2643/2577 1115/2644/2578 808/2645/2579
f 808/2645/2579 1115/2644/2578 809/2646/2580
f 812/2647/2581 811/2648/2582 1074/2649/2583
f 1074/2649/2583 811/2648/2582 1075/2650/2584
f 813/2651/2585 812/2652/2586 1073/2653/2587
f 1073/2653/2587 812/2652/2586 1074/2654/2588
f 623/2655/2589 813/2656/2590 607/2657/2591
f 607/2657/2591 813/2656/2590 1073/2658/2592
f 811/2659/2593 810/2660/2594 1075/2661/2595
f 1075/2661/2595 810/2660/2594 1076/2662/2596
f 810/2663/2597 622/2664/2598 1076/2665/2599
f 1076/2665/2599 622/2664/2598 606/2666/2600
f 1123/2667/2601 1122/2668/2602 817/2669/2603
f 817/2669/2603 1122/2668/2602 818/2670/2604
f 1124/2671/2605 1123/2672/2606 816/2673/2607
f 816/2673/2607 1123/2672/2606 817/2674/2608
f 1119/2675/2609 1124/2676/2610 815/2677/2611
f 815/2677/2611 1124/2676/2610 816/2678/2612
f 1120/2679/2613 1119/2680/2614 814/2681/2615
f 814/2681/2615 1119/2680/2614 815/2682/2616
f 1121/2683/2617 1120/2684/2618 819/2685/2619
f 819/2685/2619 1120/2684/2618 814/2686/2620
f 1122/2687/2621 1121/2688/2622 818/2689/2623
f 818/2689/2623 1121/2688/2622 819/2690/2624
f 1129/2691/2625 1128/2692/2626 822/2693/2627
f 822/2693/2627 1128/2692/2626 823/2694/2628
f 1125/2695/2629 1129/2696/2630 821/2697/2631
f 821/2697/2631 1129/2696/2630 822/2698/2632
f 1126/2699/2633 1125/2700/2634 820/2701/2635
f 820/2701/2635 1125/2700/2634 821/2702/2636
f 1127/2703/2637 1126/2704/2638 824/2705/2639
f 824/2705/2639 1126/2704/2638 820/2706/2640
f 1128/2707/2641 1127/2708/2642 823/2709/2643
f 823/2709/2643 1127/2708/2642 824/2710/2644
f 1134/2711/2645 1133/2712/2646 828/2713/2647
f 828/2713/2647 1133/2712/2646 829/2714/2648
f 1135/2715/2649 1134/2716/2650 827/2717/2651
f 827/2717/2651 1134/2716/2650 828/2718/2652
f 1130/2719/2653 1135/2720/2654 826/2721/2655
f 826/2721/2655 1135/2720/2654 827/2722/2656
f 1131/2723/2657 1130/2724/2658 825/2725/2659
f 825/2725/2659 1130/2724/2658 826/2726/2660
f 1132/2727/2661 1131/2728/2662 830/2729/2663
f 830/2729/2663 1131/2728/2662 825/2730/2664
f 1133/2731/2665 1132/2732/2666 829/2733/2667
f 829/2733/2667 1132/2732/2666 830/2734/2668
f 1063/2735/2669 1051/2736/2670 718/2737/2671
f 718/2737/2671 1051/2736/2670 719/2738/2672
f 1064/2739/2673 1063/2740/2674 717/2741/2675
f 717/2741/2675 1063/2740/2674 718/2742/2676
f 1062/2743/2677 1064/2744/2678 716/2745/2679
f 716/2745/2679 1064/2744/2678 717/2746/2680
f 1050/2747/2681 1062/2748/2682 715/2749/2683
f 715/2749/2683 1062/2748/2682 716/2750/2684
f 1140/2751/2685 1139/2752/2686 834/2753/2687
f 834/2753/2687 1139/2752/2686 835/2754/2688
f 1141/2755/2689 1140/2756/2690 833/2757/2691
f 833/2757/2691 1140/2756/2690 834/2758/2692
f 1136/2759/2693 1141/2760/2694 832/2761/2695
f 832/2761/2695 1141/2760/2694 833/2762/2696
f 1137/2763/2697 1136/2764/2698 831/2765/2699
f 831/2765/2699 1136/2764/2698 832/2766/2700
f 1138/2767/2701 1137/2768/2702 836/2769/2703
f 836/2769/2703 1137/2768/2702 831/2770/2704
f 1139/2771/2705 1138/2772/2706 835/2773/2707
f 835/2773/2707 1138/2772/2706 836/2774/2708
f 839/2775/2709 838/2776/2710 1078/2777/2711
f 1078/2777/2711 838/2776/2710 1079/2778/2712
f 840/2779/2713 839/2780/2714 1077/2781/2715
f 1077/2781/2715 839/2780/2714 1078/2782/2716
f 625/2783/2717 840/2784/2718 605/2785/2719
f 605/2785/2719 840/2784/2718 1077/2786/2720
f 838/2787/2721 837/2788/2722 1079/2789/2723
f 1079/2789/2723 837/2788/2722 1080/2790/2724
f 837/2791/2725 624/2792/2726 1080/2793/2727
f 1080/2793/2727 624/2792/2726 604/2794/2728
f 1146/2795/2729 1145/2796/2730 844/2797/2731
f 844/2797/2731 1145/2796/2730 845/2798/2732
f 1147/2799/2733 1146/2800/2734 843/2801/2735
f 843/2801/2735 1146/2800/2734 844/2802/2736
f 1142/2803/2737 1147/2804/2738 842/2805/2739
f 842/2805/2739 1147/2804/2738 843/2806/2740
f 1143/2807/2741 1142/2808/2742 841/2809/2743
f 841/2809/2743 1142/2808/2742 842/2810/2744
f 1144/2811/2745 1143/2812/2746 846/2813/2747
f 846/2813/2747 1143/2812/2746 841/2814/2748
f 1145/2815/2749 1144/2816/2750 845/2817/2751
f 845/2817/2751 1144/2816/2750 846/2818/2752
f 1151/2819/2753 1150/2820/2754 849/2821/2755
f 849/2821/2755 1150/2820/2754 850/2822/2756
f 1148/2823/2757 1151/2824/2758 848/2825/2759
f 848/2825/2759 1151/2824/2758 849/2826/2760
f 1149/2827/2761 1148/2828/2762 847/2829/2763
f 847/2829/2763 1148/2828/2762 848/2830/2764
f 1150/2831/2765 1149/2832/2766 850/2833/2767
f 850/2833/2767 1149/2832/2766 847/2834/2768
f 1155/2835/2769 1154/2836/2770 853/2837/2771
f 853/2837/2771 1154/2836/2770 854/2838/2772
f 1152/2839/2773 1155/2840/2774 852/2841/2775
f 852/2841/2775 1155/2840/2774 853/2842/2776
f 1153/2843/2777 1152/2844/2778 851/2845/2779
f 851/2845/2779 1152/2844/2778 852/2846/2780
f 1154/2847/2781 1153/2848/2782 854/2849/2783
f 854/2849/2783 1153/2848/2782 851/2850/2784
f 1160/2851/2785 1159/2852/2786 858/2853/2787
f 858/2853/2787 1159/2852/2786 859/2854/2788
f 1161/2855/2789 1160/2856/2790 857/2857/2791
f 857/2857/2791 1160/2856/2790 858/2858/2792
f 1156/2859/2793 1161/2860/2794 856/2861/2795
f 856/2861/2795 1161/2860/2794 857/2862/2796
f 1157/2863/2797 1156/2864/2798 855/2865/2799
f 855/2865/2799 1156/2864/2798 856/2866/2800
f 1158/2867/2801 1157/2868/2802 860/2869/2803
f 860/2869/2803 1157/2868/2802 855/2870/2804
f 1159/2871/2805 1158/2872/2806 859/2873/2807
f 859/2873/2807 1158/2872/2806 860/2874/2808
f 1166/2875/2809 1165/2876/2810 864/2877/2811
f 864/2877/2811 1165/2876/2810 865/2878/2812
f 1167/2879/2813 1166/2880/2814 863/2881/2815
f 863/2881/2815 1166/2880/2814 864/2882/2816
f 1162/2883/2817 1167/2884/2818 862/2885/2819
f 862/2885/2819 1167/2884/2818 863/2886/2820
f 1163/2887/2821 1162/2888/2822 861/2889/2823
f 861/2889/2823 1162/2888/2822 862/2890/2824
f 1164/2891/2825 1163/2892/2826 866/2893/2827
f 866/2893/2827 1163/2892/2826 861/2894/2828
f 1165/2895/2829 1164/2896/2830 865/2897/2831
f 865/2897/2831 1164/2896/2830 866/2898/2832
f 1172/2899/2833 1171/2900/2834 869/2901/2835
f 869/2901/2835 1171/2900/2834 870/2902/2836
f 1168/2903/2837 1172/2904/2838 868/2905/2839
f 868/2905/2839 1172/2904/2838 869/2906/2840
f 1169/2907/2841 1168/2908/2842 867/2909/2843
f 867/2909/2843 1168/2908/2842 868/2910/2844
f 1170/2911/2845 1169/2912/2846 871/2913/2847
f 871/2913/2847 1169/2912/2846 867/2914/2848
f 1171/2915/2849 1170/2916/2850 870/2917/2851
f 870/2917/2851 1170/2916/2850 871/2918/2852
f 1176/2919/2853 1175/2920/2854 874/2921/2855
f 874/2921/2855 1175/2920/2854 875/2922/2856
f 1173/2923/2857 1176/2924/2858 873/2925/2859
f 873/2925/2859 1176/2924/2858 874/2926/2860
f 1174/2927/2861 1173/2928/2862 872/2929/2863
f 872/2929/2863 1173/2928/2862 873/2930/2864
f 1175/2931/2865 1174/2932/2866 875/2933/2867
f 875/2933/2867 1174/2932/2866 872/2934/2868
f 1181/2935/2869 1180/2936/2870 879/2937/2871
f 879/2937/2871 1180/2936/2870 880/2938/2872
f 1182/2939/2873 1181/2940/2874 878/2941/2875
f 878/2941/2875 1181/2940/2874 879/2942/2876
f 1177/2943/2877 1182/2944/2878 877/2945/2879
f 877/2945/2879 1182/2944/2878 878/2946/2880
f 1178/2947/2881 1177/2948/2882 876/2949/2883
f 876/2949/2883 1177/2948/2882 877/2950/2884
f 1179/2951/2885 1178/2952/2886 881/2953/2887
f 881/2953/2887 1178/2952/2886 876/2954/2888
f 1180/2955/2889 1179/2956/2890 880/2957/2891
f 880/2957/2891 1179/2956/2890 881/2958/2892
f 1187/2959/2893 1186/2960/2894 885/2961/2895
f 885/2961/2895 1186/2960/2894 886/2962/2896
f 1188/2963/2897 1187/2964/2898 884/2965/2899
f 884/2965/2899 1187/2964/2898 885/2966/2900
f 1183/2967/2901 1188/2968/2902 883/2969/2903
f 883/2969/2903 1188/2968/2902 884/2970/2904
f 1184/2971/2905 1183/2972/2906 882/2973/2907
f 882/2973/2907 1183/2972/2906 883/2974/2908
f 1185/2975/2909 1184/2976/2910 887/2977/2911
f 887/2977/2911 1184/2976/2910 882/2978/2912
f 1186/2979/2913 1185/2980/2914 886/2981/2915
f 886/2981/2915 1185/2980/2914 887/2982/2916
f 1193/2983/2917 1192/2984/2918 891/2985/2919
f 891/2985/2919 1192/2984/2918 892/2986/2920
f 1194/2987/2921 1193/2988/2922 890/2989/2923
f 890/2989/2923 1193/2988/2922 891/2990/2924
f 1189/2991/2925 1194/2992/2926 889/2993/2927
f 889/2993/2927 1194/2992/2926 890/2994/2928
f 1190/2995/2929 1189/2996/2930 888/2997/2931
f 888/2997/2931 1189/2996/2930 889/2998/2932
f 1191/2999/2933 1190/3000/2934 893/3001/2935
f 893/3001/2935 1190/3000/2934 888/3002/2936
f 1192/3003/2937 1191/3004/2938 892/3005/2939
f 892/3005/2939 1191/3004/2938 893/3006/2940
f 1198/3007/2941 1197/3008/2942 896/3009/2943
f 896/3009/2943 1197/3008/2942 897/3010/2944
f 1195/3011/2945 1198/3012/2946 895/3013/2947
f 895/3013/2947 1198/3012/2946 896/3014/2948
f 1196/3015/2949 1195/3016/2950 894/3017/2951
f 894/3017/2951 1195/3016/2950 895/3018/2952
f 1197/3019/2953 1196/3020/2954 897/3021/2955
f 897/3021/2955 1196/3020/2954 894/3022/2956
f 1203/3023/2957 1202/3024/2958 901/3025/2959
f 901/3025/2959 1202/3024/2958 902/3026/2960
f 1204/3027/2961 1203/3028/2962 900/3029/2963
f 900/3029/2963 1203/3028/2962 901/3030/2964
f 1199/3031/2965 1204/3032/2966 899/3033/2967
f 899/3033/2967 1204/3032/2966 900/3034/2968
f 1200/3035/2969 1199/3036/2970 898/3037/2971
f 898/3037/2971 1199/3036/2970 899/3038/2972
f 1201/3039/2973 1200/3040/2974 903/3041/2975
f 903/3041/2975 1200/3040/2974 898/3042/2976
f 1202/3043/2977 1201/3044/2978 902/3045/2979
f 902/3045/2979 1201/3044/2978 903/3046/2980
f 1209/3047/2981 1208/3048/2982 907/3049/2983
f 907/3049/2983 1208/3048/2982 908/3050/2984
f 1210/3051/2985 1209/3052/2986 906/3053/2987
f 906/3053/2987 1209/3052/2986 907/3054/2988
f 1205/3055/2989 1210/3056/2990 905/3057/2991
f 905/3057/2991 1210/3056/2990 906/3058/2992
f 1206/3059/2993 1205/3060/2994 904/3061/2995
f 904/3061/2995 1205/3060/2994 905/3062/2996
f 1207/3063/2997 1206/3064/2998 909/3065/2999
f 909/3065/2999 1206/3064/2998 904/3066/3000
f 1208/3067/3001 1207/3068/3002 908/3069/3003
f 908/3069/3003 1207/3068/3002 909/3070/3004
f 1215/3071/3005 1214/3072/3006 913/3073/3007
f 913/3073/3007 1214/3072/3006 914/3074/3008
f 1216/3075/3009 1215/3076/3010 912/3077/3011
f 912/3077/3011 1215/3076/3010 913/3078/3012
f 1211/3079/3013 1216/3080/3014 911/3081/3015
f 911/3081/3015 1216/3080/3014 912/3082/3016
f 1212/3083/3017 1211/3084/3018 910/3085/3019
f 910/3085/3019 1211/3084/3018 911/3086/3020
f 1213/3087/3021 1212/3088/3022 915/3089/3023
f 915/3089/3023 1212/3088/3022 910/3090/3024
f 1214/3091/3025 1213/3092/3026 914/3093/3027
f 914/3093/3027 1213/3092/3026 915/3094/3028
f 918/3095/3029 917/3096/3030 1070/3097/3031
f 1070/3097/3031 917/3096/3030 1071/3098/3032
f 919/3099/3033 918/3100/3034 1069/3101/3035
f 1069/3101/3035 918/3100/3034 1070/3102/3036
f 621/3103/3037 919/3104/3038 609/3105/3039
f 609/3105/3039 919/3104/3038 1069/3106/3040
f 917/3107/3041 916/3108/3042 1071/3109/3043
f 1071/3109/3043 916/3108/3042 1072/3110/3044
f 916/3111/3045 620/3112/3046 1072/3113/3047
f 1072/3113/3047 620/3112/3046 608/3114/3048
f 922/3115/3049 921/3116/3050 1046/3117/3051
f 1046/3117/3051 921/3116/3050 1217/3118/3052
f 1218/3119/3053 1217/3120/3054 920/3121/3055
f 920/3121/3055 1217/3120/3054 921/3122/3056
f 1048/3123/3057 1218/3124/3058 924/3125/3059
f 924/3125/3059 1218/3124/3058 920/3126/3060
f 927/3127/3061 926/3128/3062 1066/3129/3063
f 1066/3129/3063 926/3128/3062 1067/3130/3064
f 619/3131/3065 927/3132/3066 611/3133/3067
f 611/3133/3067 927/3132/3066 1066/3134/3068
f 926/3135/3069 925/3136/3070 1067/3137/3071
f 1067/3137/3071 925/3136/3070 1068/3138/3072
f 925/3139/3073 618/3140/3074 1068/3141/3075
f 1068/3141/3075 618/3140/3074 610/3142/3076
f 1222/3143/3077 1221/3144/3078 930/3145/3079
f 930/3145/3079 1221/3144/3078 931/3146/3080
f 1219/3147/3081 1222/3148/3082 929/3149/3083
f 929/3149/3083 1222/3148/3082 930/3150/3084
f 1220/3151/3085 1219/3152/3086 928/3153/3087
f 928/3153/3087 1219/3152/3086 929/3154/3088
f 1221/3155/3089 1220/3156/3090 931/3157/3091
f 931/3157/3091 1220/3156/3090 928/3158/3092
f 1227/3159/3093 1226/3160/3094 935/3161/3095
f 935/3161/3095 1226/3160/3094 936/3162/3096
f 1228/3163/3097 1227/3164/3098 934/3165/3099
f 934/3165/3099 1227/3164/3098 935/3166/3100
f 1223/3167/3101 1228/3168/3102 933/3169/3103
f 933/3169/3103 1228/3168/3102 934/3170/3104
f 1224/3171/3105 1223/3172/3106 932/3173/3107
f 932/3173/3107 1223/3172/3106 933/3174/3108
f 1225/3175/3109 1224/3176/3110 937/3177/3111
f 937/3177/3111 1224/3176/3110 932/3178/3112
f 1226/3179/3113 1225/3180/3114 936/3181/3115
f 936/3181/3115 1225/3180/3114 937/3182/3116
f 1233/3183/3117 1232/3184/3118 941/3185/3119
f 941/3185/3119 1232/3184/3118 942/3186/3120
f 1234/3187/3121 1233/3188/3122 940/3189/3123
f 940/3189/3123 1233/3188/3122 941/3190/3124
f 1229/3191/3125 1234/3192/3126 939/3193/3127
f 939/3193/3127 1234/3192/3126 940/3194/3128
f 1230/3195/3129 1229/3196/3130 938/3197/3131
f 938/3197/3131 1229/3196/3130 939/3198/3132
f 1231/3199/3133 1230/3200/3134 943/3201/3135
f 943/3201/3135 1230/3200/3134 938/3202/3136
f 1232/3203/3137 1231/3204/3138 942/3205/3139
f 942/3205/3139 1231/3204/3138 943/3206/3140
f 946/3207/3141 945/3208/3142 1082/3209/3143
f 1082/3209/3143 945/3208/3142 1083/3210/3144
f 947/3211/3145 946/3212/3146 1081/3213/3147
f 1081/3213/3147 946/3212/3146 1082/3214/3148
f 627/3215/3149 947/3216/3150 603/3217/3151
f 603/3217/3151 947/3216/3150 1081/3218/3152
f 945/3219/3153 944/3220/3154 1083/3221/3155
f 1083/3221/3155 944/3220/3154 1084/3222/3156
f 944/3223/3157 626/3224/3158 1084/3225/3159
f 1084/3225/3159 626/3224/3158 602/3226/3160
f 1239/3227/3161 1238/3228/3162 951/3229/3163
f 951/3229/3163 1238/3228/3162 952/3230/3164
f 1240/3231/3165 1239/3232/3166 950/3233/3167
f 950/3233/3167 1239/3232/3166 951/3234/3168
f 1235/3235/3169 1240/3236/3170 949/3237/3171
f 949/3237/3171 1240/3236/3170 950/3238/3172
f 1236/3239/3173 1235/3240/3174 948/3241/3175
f 948/3241/3175 1235/3240/3174 949/3242/3176
f 1237/3243/3177 1236/3244/3178 953/3245/3179
f 953/3245/3179 1236/3244/3178 948/3246/3180
f 1238/3247/3181 1237/3248/3182 952/3249/3183
f 952/3249/3183 1237/3248/3182 953/3250/3184
f 1059/3251/3185 1055/3252/3186 725/3253/3187
f 725/3253/3187 1055/3252/3186 726/3254/3188
f 1060/3255/3189 1059/3256/3190 724/3257/3191
f 724/3257/3191 1059/3256/3190 725/3258/3192
f 1061/3259/3193 1060/3260/3194 723/3261/3195
f 723/3261/3195 1060/3260/3194 724/3262/3196
f 1054/3263/3197 1061/3264/3198 722/3265/3199
f 722/3265/3199 1061/3264/3198 723/3266/3200
f 1245/3267/3201 1244/3268/3202 957/3269/3203
f 957/3269/3203 1244/3268/3202 958/3270/3204
f 1246/3271/3205 1245/3272/3206 956/3273/3207
f 956/3273/3207 1245/3272/3206 957/3274/3208
f 1241/3275/3209 1246/3276/3210 955/3277/3211
f 955/3277/3211 1246/3276/3210 956/3278/3212
f 1242/3279/3213 1241/3280/3214 954/3281/3215
f 954/3281/3215 1241/3280/3214 955/3282/3216
f 1243/3283/3217 1242/3284/3218 959/3285/3219
f 959/3285/3219 1242/3284/3218 954/3286/3220
f 1244/3287/3221 1243/3288/3222 958/3289/3223
f 958/3289/3223 1243/3288/3222 959/3290/3224
f 1251/3291/3225 1250/3292/3226 963/3293/3227
f 963/3293/3227 1250/3292/3226 964/3294/3228
f 1252/3295/3229 1251/3296/3230 962/3297/3231
f 962/3297/3231 1251/3296/3230 963/3298/3232
f 1247/3299/3233 1252/3300/3234 961/3301/3235
f 961/3301/3235 1252/3300/3234 962/3302/3236
f 1248/3303/3237 1247/3304/3238 960/3305/3239
f 960/3305/3239 1247/3304/3238 961/3306/3240
f 1249/3307/3241 1248/3308/3242 965/3309/3243
f 965/3309/3243 1248/3308/3242 960/3310/3244
f 1250/3311/3245 1249/3312/3246 964/3313/3247
f 964/3313/3247 1249/3312/3246 965/3314/3248
f 1257/3315/3249 1256/3316/3250 969/3317/3251
f 969/3317/3251 1256/3316/3250 970/3318/3252
f 1258/3319/3253 1257/3320/3254 968/3321/3255
f 968/3321/3255 1257/3320/3254 969/3322/3256
f 1253/3323/3257 1258/3324/3258 967/3325/3259
f 967/3325/3259 1258/3324/3258 968/3326/3260
f 1254/3327/3261 1253/3328/3262 966/3329/3263
f 966/3329/3263 1253/3328/3262 967/3330/3264
f 1255/3331/3265 1254/3332/3266 971/3333/3267
f 971/3333/3267 1254/3332/3266 966/3334/3268
f 1256/3335/3269 1255/3336/3270 970/3337/3271
f 970/3337/3271 1255/3336/3270 971/3338/3272
f 1263/3339/3273 1262/3340/3274 974/3341/3275
f 974/3341/3275 1262/3340/3274 975/3342/3276
f 1259/3343/3277 1263/3344/3278 973/3345/3279
f 973/3345/3279 1263/3344/3278 974/3346/3280
f 1260/3347/3281 1259/3348/3282 972/3349/3283
f 972/3349/3283 1259/3348/3282 973/3350/3284
f 1261/3351/3285 1260/3352/3286 976/3353/3287
f 976/3353/3287 1260/3352/3286 972/3354/3288
f 1262/3355/3289 1261/3356/3290 975/3357/3291
f 975/3357/3291 1261/3356/3290 976/3358/3292
f 1264/3359/3293 1265/3360/3294 1267/3361/3295
f 1267/3361/3295 1265/3360/3294 1266/3362/3296
f 1265/3363/3297 1268/3364/3298 1266/3365/3299
f 1266/3365/3299 1268/3364/3298 1269/3366/3300
f 1268/3367/3301 1270/3368/3302 1269/3369/3303
f 1269/3369/3303 1270/3368/3302 1271/3370/3304
f 1270/3371/3305 1272/3372/3306 1271/3373/3307
f 1271/3373/3307 1272/3372/3306 1273/3374/3308
f 1272/3375/3309 1264/3376/3310 1273/3377/3311
f 1273/3377/3311 1264/3376/3310 1267/3378/3312
f 1274/3379/3313 1275/3380/3314 1277/3381/3315
f 1277/3381/3315 1275/3380/3314 1276/3382/3316
f 1275/3383/3317 1278/3384/3318 1276/3385/3319
f 1276/3385/3319 1278/3384/3318 1279/3386/3320
f 1278/3387/3321 1280/3388/3322 1279/3389/3323
f 1279/3389/3323 1280/3388/3322 1281/3390/3324
f 1280/3391/3325 1282/3392/3326 1281/3393/3327
f 1281/3393/3327 1282/3392/3326 1283/3394/3328
f 1282/3395/3329 1284/3396/3330 1283/3397/3331
f 1283/3397/3331 1284/3396/3330 1285/3398/3332
f 1284/3399/3333 1274/3400/3334 1285/3401/3335
f 1285/3401/3335 1274/3400/3334 1277/3402/3336
f 1286/3403/3337 1287/3404/3338 1289/3405/3339
f 1289/3405/3339 1287/3404/3338 1288/3406/3340
f 1287/3407/3341 1290/3408/3342 1288/3409/3343
f 1288/3409/3343 1290/3408/3342 1291/3410/3344
f 1290/3411/3345 1292/3412/3346 1291/3413/3347
f 1291/3413/3347 1292/3412/3346 1293/3414/3348
f 1292/3415/3349 1294/3416/3350 1293/3417/3351
f 1293/3417/3351 1294/3416/3350 1295/3418/3352
f 1294/3419/3353 1296/3420/3354 1295/3421/3355
f 1295/3421/3355 1296/3420/3354 1297/3422/3356
f 1296/3423/3357 1286/3424/3358 1297/3425/3359
f 1297/3425/3359 1286/3424/3358 1289/3426/3360
f 1298/3427/3361 1299/3428/3362 1301/3429/3363
f 1301/3429/3363 1299/3428/3362 1300/3430/3364
f 1299/3431/3365 1302/3432/3366 1300/3433/3367
f 1300/3433/3367 1302/3432/3366 1303/3434/3368
f 1302/3435/3369 1304/3436/3370 1303/3437/3371
f 1303/3437/3371 1304/3436/3370 1305/3438/3372
f 1304/3439/3373 1306/3440/3374 1305/3441/3375
f 1305/3441/3375 1306/3440/3374 1307/3442/3376
f 1306/3443/3377 1308/3444/3378 1307/3445/3379
f 1307/3445/3379 1308/3444/3378 1309/3446/3380
f 1308/3447/3381 1298/3448/3382 1309/3449/3383
f 1309/3449/3383 1298/3448/3382 1301/3450/3384
f 1310/3451/3385 1311/3452/3386 1313/3453/3387
f 1313/3453/3387 1311/3452/3386 1312/3454/3388
f 1311/3455/3389 1314/3456/3390 1312/3457/3391
f 1312/3457/3391 1314/3456/3390 1315/3458/3392
f 1314/3459/3393 1316/3460/3394 1315/3461/3395
f 1315/3461/3395 1316/3460/3394 1317/3462/3396
f 1316/3463/3397 1318/3464/3398 1317/3465/3399
f 1317/3465/3399 1318/3464/3398 1319/3466/3400
f 1318/3467/3401 1320/3468/3402 1319/3469/3403
f 1319/3469/3403 1320/3468/3402 1321/3470/3404
f 1320/3471/3405 1310/3472/3406 1321/3473/3407
f 1321/3473/3407 1310/3472/3406 1313/3474/3408
f 1322/3475/3409 1323/3476/3410 1325/3477/3411
f 1325/3477/3411 1323/3476/3410 1324/3478/3412
f 1323/3479/3413 1326/3480/3414 1324/3481/3415
f 1324/3481/3415 1326/3480/3414 1327/3482/3416
f 1326/3483/3417 1328/3484/3418 1327/3485/3419
f 1327/3485/3419 1328/3484/3418 1329/3486/3420
f 1328/3487/3421 1330/3488/3422 1329/3489/3423
f 1329/3489/3423 1330/3488/3422 1331/3490/3424
f 1330/3491/3425 1332/3492/3426 1331/3493/3427
f 1331/3493/3427 1332/3492/3426 1333/3494/3428
f 1332/3495/3429 1322/3496/3430 1333/3497/3431
f 1333/3497/3431 1322/3496/3430 1325/3498/3432
f 1334/3499/3433 1335/3500/3434 1337/3501/3435
f 1337/3501/3435 1335/3500/3434 1336/3502/3436
f 1335/3503/3437 1338/3504/3438 1336/3505/3439
f 1336/3505/3439 1338/3504/3438 1339/3506/3440
f 1338/3507/3441 1340/3508/3442 1339/3509/3443
f 1339/3509/3443 1340/3508/3442 1341/3510/3444
f 1340/3511/3445 1342/3512/3446 1341/3513/3447
f 1341/3513/3447 1342/3512/3446 1343/3514/3448
f 1342/3515/3449 1344/3516/3450 1343/3517/3451
f 1343/3517/3451 1344/3516/3450 1345/3518/3452
f 1344/3519/3453 1334/3520/3454 1345/3521/3455
f 1345/3521/3455 1334/3520/3454 1337/3522/3456
f 1346/3523/3457 1347/3524/3458 1349/3525/3459
f 1349/3525/3459 1347/3524/3458 1348/3526/3460
f 1347/3527/3461 1350/3528/3462 1348/3529/3463
f 1348/3529/3463 1350/3528/3462 1351/3530/3464
f 1350/3531/3465 1352/3532/3466 1351/3533/3467
f 1351/3533/3467 1352/3532/3466 1353/3534/3468
f 1352/3535/3469 1354/3536/3470 1353/3537/3471
f 1353/3537/3471 1354/3536/3470 1355/3538/3472
f 1354/3539/3473 1356/3540/3474 1355/3541/3475
f 1355/3541/3475 1356/3540/3474 1357/3542/3476
f 1356/3543/3477 1346/3544/3478 1357/3545/3479
f 1357/3545/3479 1346/3544/3478 1349/3546/3480
f 1358/3547/3481 1359/3548/3482 1361/3549/3483
f 1361/3549/3483 1359/3548/3482 1360/3550/3484
f 1359/3551/3485 1362/3552/3486 1360/3553/3487
f 1360/3553/3487 1362/3552/3486 1363/3554/3488
f 1362/3555/3489 1364/3556/3490 1363/3557/3491
f 1363/3557/3491 1364/3556/3490 1365/3558/3492
f 1364/3559/3493 1366/3560/3494 1365/3561/3495
f 1365/3561/3495 1366/3560/3494 1367/3562/3496
f 1366/3563/3497 1368/3564/3498 1367/3565/3499
f 1367/3565/3499 1368/3564/3498 1369/3566/3500
f 1368/3567/3501 1358/3568/3502 1369/3569/3503
f 1369/3569/3503 1358/3568/3502 1361/3570/3504
f 1370/3571/3505 1371/3572/3506 1373/3573/3507
f 1373/3573/3507 1371/3572/3506 1372/3574/3508
f 1371/3575/3509 1374/3576/3510 1372/3577/3511
f 1372/3577/3511 1374/3576/3510 1375/3578/3512
f 1374/3579/3513 1376/3580/3514 1375/3581/3515
f 1375/3581/3515 1376/3580/3514 1377/3582/3516
f 1376/3583/3517 590/3584/3518 1377/3585/3519
f 1377/3585/3519 590/3584/3518 24/3586/3520
f 591/3587/3521 1370/3588/3522 25/3589/3523
f 25/3589/3523 1370/3588/3522 1373/3590/3524
f 1378/3591/3525 1379/3592/3526 1381/3593/3527
f 1381/3593/3527 1379/3592/3526 1380/3594/3528
f 1379/3595/3529 1382/3596/3530 1380/3597/3531
f 1380/3597/3531 1382/3596/3530 1383/3598/3532
f 1382/3599/3533 1384/3600/3534 1383/3601/3535
f 1383/3601/3535 1384/3600/3534 1385/3602/3536
f 1384/3603/3537 1386/3604/3538 1385/3605/3539
f 1385/3605/3539 1386/3604/3538 1387/3606/3540
f 1386/3607/3541 1388/3608/3542 1387/3609/3543
f 1387/3609/3543 1388/3608/3542 1389/3610/3544
f 1388/3611/3545 1378/3612/3546 1389/3613/3547
f 1389/3613/3547 1378/3612/3546 1381/3614/3548
f 1390/3615/3549 1391/3616/3550 1393/3617/3551
f 1393/3617/3551 1391/3616/3550 1392/3618/3552
f 1391/3619/3553 1394/3620/3554 1392/3621/3555
f 1392/3621/3555 1394/3620/3554 1395/3622/3556
f 1394/3623/3557 1396/3624/3558 1395/3625/3559
f 1395/3625/3559 1396/3624/3558 1397/3626/3560
f 1396/3627/3561 1398/3628/3562 1397/3629/3563
f 1397/3629/3563 1398/3628/3562 1399/3630/3564
f 1398/3631/3565 1400/3632/3566 1399/3633/3567
f 1399/3633/3567 1400/3632/3566 1401/3634/3568
f 1400/3635/3569 1390/3636/3570 1401/3637/3571
f 1401/3637/3571 1390/3636/3570 1393/3638/3572
f 1402/3639/3573 1403/3640/3574 1405/3641/3575
f 1405/3641/3575 1403/3640/3574 1404/3642/3576
f 1403/3643/3577 1406/3644/3578 1404/3645/3579
f 1404/3645/3579 1406/3644/3578 1407/3646/3580
f 1406/3647/3581 1408/3648/3582 1407/3649/3583
f 1407/3649/3583 1408/3648/3582 1409/3650/3584
f 1408/3651/3585 1410/3652/3586 1409/3653/3587
f 1409/3653/3587 1410/3652/3586 1411/3654/3588
f 1410/3655/3589 1412/3656/3590 1411/3657/3591
f 1411/3657/3591 1412/3656/3590 1413/3658/3592
f 1412/3659/3593 1402/3660/3594 1413/3661/3595
f 1413/3661/3595 1402/3660/3594 1405/3662/3596
f 1414/3663/3597 1415/3664/3598 1417/3665/3599
f 1417/3665/3599 1415/3664/3598 1416/3666/3600
f 1415/3667/3601 1418/3668/3602 1416/3669/3603
f 1416/3669/3603 1418/3668/3602 1419/3670/3604
f 1418/3671/3605 1420/3672/3606 1419/3673/3607
f 1419/3673/3607 1420/3672/3606 1421/3674/3608
f 1420/3675/3609 1422/3676/3610 1421/3677/3611
f 1421/3677/3611 1422/3676/3610 1423/3678/3612
f 1422/3679/3613 1414/3680/3614 1423/3681/3615
f 1423/3681/3615 1414/3680/3614 1417/3682/3616
f 1424/3683/3617 1425/3684/3618 1427/3685/3619
f 1427/3685/3619 1425/3684/3618 1426/3686/3620
f 1425/3687/3621 1428/3688/3622 1426/3689/3623
f 1426/3689/3623 1428/3688/3622 1429/3690/3624
f 1428/3691/3625 1430/3692/3626 1429/3693/3627
f 1429/3693/3627 1430/3692/3626 1431/3694/3628
f 1430/3695/3629 1424/3696/3630 1431/3697/3631
f 1431/3697/3631 1424/3696/3630 1427/3698/3632
f 1432/3699/3633 1433/3700/3634 1435/3701/3635
f 1435/3701/3635 1433/3700/3634 1434/3702/3636
f 1433/3703/3637 1436/3704/3638 1434/3705/3639
f 1434/3705/3639 1436/3704/3638 1437/3706/3640
f 1436/3707/3641 1438/3708/3642 1437/3709/3643
f 1437/3709/3643 1438/3708/3642 1439/3710/3644
f 1438/3711/3645 1440/3712/3646 1439/3713/3647
f 1439/3713/3647 1440/3712/3646 1441/3714/3648
f 1440/3715/3649 1442/3716/3650 1441/3717/3651
f 1441/3717/3651 1442/3716/3650 1443/3718/3652
f 1442/3719/3653 1432/3720/3654 1443/3721/3655
f 1443/3721/3655 1432/3720/3654 1435/3722/3656
f 1444/3723/3657 1445/3724/3658 1447/3725/3659
f 1447/3725/3659 1445/3724/3658 1446/3726/3660
f 1445/3727/3661 1448/3728/3662 1446/3729/3663
f 1446/3729/3663 1448/3728/3662 1449/3730/3664
f 1448/3731/3665 1450/3732/3666 1449/3733/3667
f 1449/3733/3667 1450/3732/3666 1451/3734/3668
f 1450/3735/3669 1452/3736/3670 1451/3737/3671
f 1451/3737/3671 1452/3736/3670 1453/3738/3672
f 1452/3739/3673 1454/3740/3674 1453/3741/3675
f 1453/3741/3675 1454/3740/3674 1455/3742/3676
f 1454/3743/3677 1444/3744/3678 1455/3745/3679
f 1455/3745/3679 1444/3744/3678 1447/3746/3680
f 1456/3747/3681 1457/3748/3682 1459/3749/3683
f 1459/3749/3683 1457/3748/3682 1458/3750/3684
f 1457/3751/3685 1460/3752/3686 1458/3753/3687
f 1458/3753/3687 1460/3752/3686 1461/3754/3688
f 1460/3755/3689 1462/3756/3690 1461/3757/3691
f 1461/3757/3691 1462/3756/3690 1463/3758/3692
f 1462/3759/3693 1456/3760/3694 1463/3761/3695
f 1463/3761/3695 1456/3760/3694 1459/3762/3696
f 1464/3763/3697 1465/3764/3698 1467/3765/3699
f 1467/3765/3699 1465/3764/3698 1466/3766/3700
f 1465/3767/3701 1468/3768/3702 1466/3769/3703
f 1466/3769/3703 1468/3768/3702 1469/3770/3704
f 1468/3771/3705 1470/3772/3706 1469/3773/3707
f 1469/3773/3707 1470/3772/3706 1471/3774/3708
f 1470/3775/3709 1472/3776/3710 1471/3777/3711
f 1471/3777/3711 1472/3776/3710 1473/3778/3712
f 1472/3779/3713 1474/3780/3714 1473/3781/3715
f 1473/3781/3715 1474/3780/3714 1475/3782/3716
f 1474/3783/3717 1464/3784/3718 1475/3785/3719
f 1475/3785/3719 1464/3784/3718 1467/3786/3720
f 1476/3787/3721 1477/3788/3722 1479/3789/3723
f 1479/3789/3723 1477/3788/3722 1478/3790/3724
f 1477/3791/3725 1480/3792/3726 1478/3793/3727
f 1478/3793/3727 1480/3792/3726 1481/3794/3728
f 1480/3795/3729 1482/3796/3730 1481/3797/3731
f 1481/3797/3731 1482/3796/3730 1483/3798/3732
f 1482/3799/3733 1484/3800/3734 1483/3801/3735
f 1483/3801/3735 1484/3800/3734 1485/3802/3736
f 1484/3803/3737 1486/3804/3738 1485/3805/3739
f 1485/3805/3739 1486/3804/3738 1487/3806/3740
f 1486/3807/3741 1476/3808/3742 1487/3809/3743
f 1487/3809/3743 1476/3808/3742 1479/3810/3744
f 1488/3811/3745 1489/3812/3746 1491/3813/3747
f 1491/3813/3747 1489/3812/3746 1490/3814/3748
f 1489/3815/3749 1492/3816/3750 1490/3817/3751
f 1490/3817/3751 1492/3816/3750 1493/3818/3752
f 1492/3819/3753 1494/3820/3754 1493/3821/3755
f 1493/3821/3755 1494/3820/3754 1495/3822/3756
f 1494/3823/3757 1496/3824/3758 1495/3825/3759
f 1495/3825/3759 1496/3824/3758 1497/3826/3760
f 1496/3827/3761 1498/3828/3762 1497/3829/3763
f 1497/3829/3763 1498/3828/3762 1499/3830/3764
f 1498/3831/3765 1488/3832/3766 1499/3833/3767
f 1499/3833/3767 1488/3832/3766 1491/3834/3768
f 1500/3835/3769 1501/3836/3770 1503/3837/3771
f 1503/3837/3771 1501/3836/3770 1502/3838/3772
f 1501/3839/3773 1504/3840/3774 1502/3841/3775
f 1502/3841/3775 1504/3840/3774 1505/3842/3776
f 1504/3843/3777 1506/3844/3778 1505/3845/3779
f 1505/3845/3779 1506/3844/3778 1507/3846/3780
f 1506/3847/3781 1508/3848/3782 1507/3849/3783
f 1507/3849/3783 1508/3848/3782 1509/3850/3784
f 1508/3851/3785 1510/3852/3786 1509/3853/3787
f 1509/3853/3787 1510/3852/3786 1511/3854/3788
f 1510/3855/3789 1500/3856/3790 1511/3857/3791
f 1511/3857/3791 1500/3856/3790 1503/3858/3792
f 1512/3859/3793 1513/3860/3794 1515/3861/3795
f 1515/3861/3795 1513/3860/3794 1514/3862/3796
f 1513/3863/3797 1516/3864/3798 1514/3865/3799
f 1514/3865/3799 1516/3864/3798 1517/3866/3800
f 1516/3867/3801 1518/3868/3802 1517/3869/3803
f 1517/3869/3803 1518/3868/3802 1519/3870/3804
f 1518/3871/3805 1520/3872/3806 1519/3873/3807
f 1519/3873/3807 1520/3872/3806 1521/3874/3808
f 1520/3875/3809 1522/3876/3810 1521/3877/3811
f 1521/3877/3811 1522/3876/3810 1523/3878/3812
f 1522/3879/3813 1512/3880/3814 1523/3881/3815
f 1523/3881/3815 1512/3880/3814 1515/3882/3816
f 1524/3883/3817 1525/3884/3818 1527/3885/3819
f 1527/3885/3819 1525/3884/3818 1526/3886/3820
f 1525/3887/3821 1528/3888/3822 1526/3889/3823
f 1526/3889/3823 1528/3888/3822 1529/3890/3824
f 1528/3891/3825 1530/3892/3826 1529/3893/3827
f 1529/3893/3827 1530/3892/3826 1531/3894/3828
f 1530/3895/3829 1532/3896/3830 1531/3897/3831
f 1531/3897/3831 1532/3896/3830 1533/3898/3832
f 1532/3899/3833 1534/3900/3834 1533/3901/3835
f 1533/3901/3835 1534/3900/3834 1535/3902/3836
f 1534/3903/3837 1524/3904/3838 1535/3905/3839
f 1535/3905/3839 1524/3904/3838 1527/3906/3840
f 1536/3907/3841 1537/3908/3842 1539/3909/3843
f 1539/3909/3843 1537/3908/3842 1538/3910/3844
f 1537/3911/3845 1540/3912/3846 1538/3913/3847
f 1538/3913/3847 1540/3912/3846 1541/3914/3848
f 1540/3915/3849 1542/3916/3850 1541/3917/3851
f 1541/3917/3851 1542/3916/3850 1543/3918/3852
f 1542/3919/3853 1544/3920/3854 1543/3921/3855
f 1543/3921/3855 1544/3920/3854 1545/3922/3856
f 1544/3923/3857 1546/3924/3858 1545/3925/3859
f 1545/3925/3859 1546/3924/3858 1547/3926/3860
f 1546/3927/3861 1536/3928/3862 1547/3929/3863
f 1547/3929/3863 1536/3928/3862 1539/3930/3864
f 1548/3931/3865 1549/3932/3866 1551/3933/3867
f 1551/3933/3867 1549/3932/3866 1550/3934/3868
f 1549/3935/3869 1552/3936/3870 1550/3937/3871
f 1550/3937/3871 1552/3936/3870 1553/3938/3872
f 1552/3939/3873 1554/3940/3874 1553/3941/3875
f 1553/3941/3875 1554/3940/3874 1555/3942/3876
f 1554/3943/3877 1556/3944/3878 1555/3945/3879
f 1555/3945/3879 1556/3944/3878 1557/3946/3880
f 1556/3947/3881 1548/3948/3882 1557/3949/3883
f 1557/3949/3883 1548/3948/3882 1551/3950/3884
f 1558/3951/3885 1559/3952/3886 1561/3953/3887
f 1561/3953/3887 1559/3952/3886 1560/3954/3888
f 1559/3955/3889 1562/3956/3890 1560/3957/3891
f 1560/3957/3891 1562/3956/3890 1563/3958/3892
f 1562/3959/3893 1564/3960/3894 1563/3961/3895
f 1563/3961/3895 1564/3960/3894 1565/3962/3896
f 1564/3963/3897 1566/3964/3898 1565/3965/3899
f 1565/3965/3899 1566/3964/3898 1567/3966/3900
f 1566/3967/3901 1558/3968/3902 1567/3969/3903
f 1567/3969/3903 1558/3968/3902 1561/3970/3904
f 1568/3971/3905 1569/3972/3906 1571/3973/3907
f 1571/3973/3907 1569/3972/3906 1570/3974/3908
f 1569/3975/3909 1572/3976/3910 1570/3977/3911
f 1570/3977/3911 1572/3976/3910 1573/3978/3912
f 1572/3979/3913 1574/3980/3914 1573/3981/3915
f 1573/3981/3915 1574/3980/3914 1575/3982/3916
f 1574/3983/3917 1576/3984/3918 1575/3985/3919
f 1575/3985/3919 1576/3984/3918 1577/3986/3920
f 1576/3987/3921 1578/3988/3922 1577/3989/3923
f 1577/3989/3923 1578/3988/3922 1579/3990/3924
f 1578/3991/3925 1568/3992/3926 1579/3993/3927
f 1579/3993/3927 1568/3992/3926 1571/3994/3928
f 1580/3995/3929 1581/3996/3930 1583/3997/3931
f 1583/3997/3931 1581/3996/3930 1582/3998/3932
f 1581/3999/3933 1584/4000/3934 1582/4001/3935
f 1582/4001/3935 1584/4000/3934 1585/4002/3936
f 1584/4003/3937 1586/4004/3938 1585/4005/3939
f 1585/4005/3939 1586/4004/3938 1587/4006/3940
f 1586/4007/3941 1588/4008/3942 1587/4009/3943
f 1587/4009/3943 1588/4008/3942 1589/4010/3944
f 1588/4011/3945 1590/4012/3946 1589/4013/3947
f 1589/4013/3947 1590/4012/3946 1591/4014/3948
f 1590/4015/3949 1580/4016/3950 1591/4017/3951
f 1591/4017/3951 1580/4016/3950 1583/4018/3952
f 1592/4019/3953 1593/4020/3954 1595/4021/3955
f 1595/4021/3955 1593/4020/3954 1594/4022/3956
f 1593/4023/3957 1596/4024/3958 1594/4025/3959
f 1594/4025/3959 1596/4024/3958 1597/4026/3960
f 1596/4027/3961 1598/4028/3962 1597/4029/3963
f 1597/4029/3963 1598/4028/3962 1599/4030/3964
f 1598/4031/3965 1600/4032/3966 1599/4033/3967
f 1599/4033/3967 1600/4032/3966 1601/4034/3968
f 1600/4035/3969 1602/4036/3970 1601/4037/3971
f 1601/4037/3971 1602/4036/3970 1603/4038/3972
f 1602/4039/3973 1592/4040/3974 1603/4041/3975
f 1603/4041/3975 1592/4040/3974 1595/4042/3976
f 1604/4043/3977 1605/4044/3978 1607/4045/3979
f 1607/4045/3979 1605/4044/3978 1606/4046/3980
f 1605/4047/3981 1608/4048/3982 1606/4049/3983
f 1606/4049/3983 1608/4048/3982 1609/4050/3984
f 1608/4051/3985 1610/4052/3986 1609/4053/3987
f 1609/4053/3987 1610/4052/3986 1611/4054/3988
f 1610/4055/3989 1612/4056/3990 1611/4057/3991
f 1611/4057/3991 1612/4056/3990 1613/4058/3992
f 1612/4059/3993 1614/4060/3994 1613/4061/3995
f 1613/4061/3995 1614/4060/3994 1615/4062/3996
f 1614/4063/3997 1604/4064/3998 1615/4065/3999
f 1615/4065/3999 1604/4064/3998 1607/4066/4000
f 1616/4067/4001 1617/4068/4002 1619/4069/4003
f 1619/4069/4003 1617/4068/4002 1618/4070/4004
f 1617/4071/4005 1620/4072/4006 1618/4073/4007
f 1618/4073/4007 1620/4072/4006 1621/4074/4008
f 1620/4075/4009 1622/4076/4010 1621/4077/4011
f 1621/4077/4011 1622/4076/4010 1623/4078/4012
f 1622/4079/4013 1624/4080/4014 1623/4081/4015
f 1623/4081/4015 1624/4080/4014 1625/4082/4016
f 1624/4083/4017 1626/4084/4018 1625/4085/4019
f 1625/4085/4019 1626/4084/4018 1627/4086/4020
f 1626/4087/4021 1616/4088/4022 1627/4089/4023
f 1627/4089/4023 1616/4088/4022 1619/4090/4024
f 1628/4091/4025 1629/4092/4026 1631/4093/4027
f 1631/4093/4027 1629/4092/4026 1630/4094/4028
f 1629/4095/4029 1632/4096/4030 1630/4097/4031
f 1630/4097/4031 1632/4096/4030 1633/4098/4032
f 1632/4099/4033 1634/4100/4034 1633/4101/4035
f 1633/4101/4035 1634/4100/4034 1635/4102/4036
f 1634/4103/4037 1636/4104/4038 1635/4105/4039
f 1635/4105/4039 1636/4104/4038 1637/4106/4040
f 1636/4107/4041 1638/4108/4042 1637/4109/4043
f 1637/4109/4043 1638/4108/4042 1639/4110/4044
f 1638/4111/4045 1628/4112/4046 1639/4113/4047
f 1639/4113/4047 1628/4112/4046 1631/4114/4048
f 1640/4115/4049 1641/4116/4050 1643/4117/4051
f 1643/4117/4051 1641/4116/4050 1642/4118/4052
f 1641/4119/4053 1644/4120/4054 1642/4121/4055
f 1642/4121/4055 1644/4120/4054 1645/4122/4056
f 1644/4123/4057 1646/4124/4058 1645/4125/4059
f 1645/4125/4059 1646/4124/4058 1647/4126/4060
f 1646/4127/4061 1648/4128/4062 1647/4129/4063
f 1647/4129/4063 1648/4128/4062 1649/4130/4064
f 1648/4131/4065 1650/4132/4066 1649/4133/4067
f 1649/4133/4067 1650/4132/4066 1651/4134/4068
f 1650/4135/4069 1640/4136/4070 1651/4137/4071
f 1651/4137/4071 1640/4136/4070 1643/4138/4072
f 1652/4139/4073 1653/4140/4074 1655/4141/4075
f 1655/4141/4075 1653/4140/4074 1654/4142/4076
f 1653/4143/4077 1656/4144/4078 1654/4145/4079
f 1654/4145/4079 1656/4144/4078 1657/4146/4080
f 1656/4147/4081 1658/4148/4082 1657/4149/4083
f 1657/4149/4083 1658/4148/4082 1659/4150/4084
f 1658/4151/4085 1660/4152/4086 1659/4153/4087
f 1659/4153/4087 1660/4152/4086 1661/4154/4088
f 1660/4155/4089 1662/4156/4090 1661/4157/4091
f 1661/4157/4091 1662/4156/4090 1663/4158/4092
f 1662/4159/4093 1652/4160/4094 1663/4161/4095
f 1663/4161/4095 1652/4160/4094 1655/4162/4096
f 1664/4163/4097 1665/4164/4098 1667/4165/4099
f 1667/4165/4099 1665/4164/4098 1666/4166/4100
f 1665/4167/4101 1668/4168/4102 1666/4169/4103
f 1666/4169/4103 1668/4168/4102 1669/4170/4104
f 1668/4171/4105 1670/4172/4106 1669/4173/4107
f 1669/4173/4107 1670/4172/4106 1671/4174/4108
f 1670/4175/4109 1672/4176/4110 1671/4177/4111
f 1671/4177/4111 1672/4176/4110 1673/4178/4112
f 1672/4179/4113 1674/4180/4114 1673/4181/4115
f 1673/4181/4115 1674/4180/4114 1675/4182/4116
f 1674/4183/4117 1664/4184/4118 1675/4185/4119
f 1675/4185/4119 1664/4184/4118 1667/4186/4120
f 1676/4187/4121 1677/4188/4122 1679/4189/4123
f 1679/4189/4123 1677/4188/4122 1678/4190/4124
f 1677/4191/4125 1680/4192/4126 1678/4193/4127
f 1678/4193/4127 1680/4192/4126 1681/4194/4128
f 1680/4195/4129 1682/4196/4130 1681/4197/4131
f 1681/4197/4131 1682/4196/4130 1683/4198/4132
f 1682/4199/4133 1684/4200/4134 1683/4201/4135
f 1683/4201/4135 1684/4200/4134 1685/4202/4136
f 1684/4203/4137 1686/4204/4138 1685/4205/4139
f 1685/4205/4139 1686/4204/4138 1687/4206/4140
f 1686/4207/4141 1676/4208/4142 1687/4209/4143
f 1687/4209/4143 1676/4208/4142 1679/4210/4144
f 1688/4211/4145 1689/4212/4146 1691/4213/4147
f 1691/4213/4147 1689/4212/4146 1690/4214/4148
f 1689/4215/4149 1692/4216/4150 1690/4217/4151
f 1690/4217/4151 1692/4216/4150 1693/4218/4152
f 1692/4219/4153 1694/4220/4154 1693/4221/4155
f 1693/4221/4155 1694/4220/4154 1695/4222/4156
f 1694/4223/4157 1696/4224/4158 1695/4225/4159
f 1695/4225/4159 1696/4224/4158 1697/4226/4160
f 1696/4227/4161 1688/4228/4162 1697/4229/4163
f 1697/4229/4163 1688/4228/4162 1691/4230/4164
f 1698/4231/4165 1699/4232/4166 1701/4233/4167
f 1701/4233/4167 1699/4232/4166 1700/4234/4168
f 1699/4235/4169 586/4236/4170 1700/4237/4171
f 1700/4237/4171 586/4236/4170 28/4238/4172
f 587/4239/4173 1702/4240/4174 29/4241/4175
f 29/4241/4175 1702/4240/4174 1703/4242/4176
f 1702/4243/4177 1698/4244/4178 1703/4245/4179
f 1703/4245/4179 1698/4244/4178 1701/4246/4180
f 1704/4247/4181 1705/4248/4182 1707/4249/4183
f 1707/4249/4183 1705/4248/4182 1706/4250/4184
f 1705/4251/4185 1708/4252/4186 1706/4253/4187
f 1706/4253/4187 1708/4252/4186 1709/4254/4188
f 1708/4255/4189 1710/4256/4190 1709/4257/4191
f 1709/4257/4191 1710/4256/4190 1711/4258/4192
f 1710/4259/4193 1712/4260/4194 1711/4261/4195
f 1711/4261/4195 1712/4260/4194 1713/4262/4196
f 1712/4263/4197 1704/4264/4198 1713/4265/4199
f 1713/4265/4199 1704/4264/4198 1707/4266/4200
f 1714/4267/4201 1715/4268/4202 1717/4269/4203
f 1717/4269/4203 1715/4268/4202 1716/4270/4204
f 1715/4271/4205 1718/4272/4206 1716/4273/4207
f 1716/4273/4207 1718/4272/4206 1719/4274/4208
f 1718/4275/4209 1720/4276/4210 1719/4277/4211
f 1719/4277/4211 1720/4276/4210 1721/4278/4212
f 1720/4279/4213 1722/4280/4214 1721/4281/4215
f 1721/4281/4215 1722/4280/4214 1723/4282/4216
f 1722/4283/4217 1724/4284/4218 1723/4285/4219
f 1723/4285/4219 1724/4284/4218 1725/4286/4220
f 1724/4287/4221 1714/4288/4222 1725/4289/4223
f 1725/4289/4223 1714/4288/4222 1717/4290/4224
f 1726/4291/4225 1727/4292/4226 1729/4293/4227
f 1729/4293/4227 1727/4292/4226 1728/4294/4228
f 1727/4295/4229 1730/4296/4230 1728/4297/4231
f 1728/4297/4231 1730/4296/4230 1731/4298/4232
f 1730/4299/4233 1732/4300/4234 1731/4301/4235
f 1731/4301/4235 1732/4300/4234 1733/4302/4236
f 1732/4303/4237 588/4304/4238 1733/4305/4239
f 1733/4305/4239 588/4304/4238 26/4306/4240
f 589/4307/4241 1726/4308/4242 27/4309/4243
f 27/4309/4243 1726/4308/4242 1729/4310/4244
f 1734/4311/4245 1735/4312/4246 1737/4313/4247
f 1737/4313/4247 1735/4312/4246 1736/4314/4248
f 1735/4315/4249 1738/4316/4250 1736/4317/4251
f 1736/4317/4251 1738/4316/4250 1739/4318/4252
f 1738/4319/4253 1740/4320/4254 1739/4321/4255
f 1739/4321/4255 1740/4320/4254 1741/4322/4256
f 1740/4323/4257 1742/4324/4258 1741/4325/4259
f 1741/4325/4259 1742/4324/4258 1743/4326/4260
f 1742/4327/4261 1744/4328/4262 1743/4329/4263
f 1743/4329/4263 1744/4328/4262 1745/4330/4264
f 1744/4331/4265 1734/4332/4266 1745/4333/4267
f 1745/4333/4267 1734/4332/4266 1737/4334/4268
f 1746/4335/4269 1747/4336/4270 1749/4337/4271
f 1749/4337/4271 1747/4336/4270 1748/4338/4272
f 1747/4339/4273 1750/4340/4274 1748/4341/4275
f 1748/4341/4275 1750/4340/4274 1751/4342/4276
f 1750/4343/4277 1752/4344/4278 1751/4345/4279
f 1751/4345/4279 1752/4344/4278 1753/4346/4280
f 1752/4347/4281 1754/4348/4282 1753/4349/4283
f 1753/4349/4283 1754/4348/4282 1755/4350/4284
f 1754/4351/4285 1756/4352/4286 1755/4353/4287
f 1755/4353/4287 1756/4352/4286 1757/4354/4288
f 1756/4355/4289 1746/4356/4290 1757/4357/4291
f 1757/4357/4291 1746/4356/4290 1749/4358/4292
f 1758/4359/4293 1759/4360/4294 1761/4361/4295
f 1761/4361/4295 1759/4360/4294 1760/4362/4296
f 1759/4363/4297 1762/4364/4298 1760/4365/4299
f 1760/4365/4299 1762/4364/4298 1763/4366/4300
f 1762/4367/4301 1764/4368/4302 1763/4369/4303
f 1763/4369/4303 1764/4368/4302 1765/4370/4304
f 1764/4371/4305 1758/4372/4306 1765/4373/4307
f 1765/4373/4307 1758/4372/4306 1761/4374/4308
f 1766/4375/4309 1767/4376/4310 1769/4377/4311
f 1769/4377/4311 1767/4376/4310 1768/4378/4312
f 1767/4379/4313 1770/4380/4314 1768/4381/4315
f 1768/4381/4315 1770/4380/4314 1771/4382/4316
f 1770/4383/4317 1772/4384/4318 1771/4385/4319
f 1771/4385/4319 1772/4384/4318 1773/4386/4320
f 1772/4387/4321 592/4388/4322 1773/4389/4323
f 1773/4389/4323 592/4388/4322 22/4390/4324
f 593/4391/4325 1766/4392/4326 23/4393/4327
f 23/4393/4327 1766/4392/4326 1769/4394/4328
f 1774/4395/4329 1775/4396/4330 1777/4397/4331
f 1777/4397/4331 1775/4396/4330 1776/4398/4332
f 1775/4399/4333 1778/4400/4334 1776/4401/4335
f 1776/4401/4335 1778/4400/4334 1779/4402/4336
f 1778/4403/4337 1780/4404/4338 1779/4405/4339
f 1779/4405/4339 1780/4404/4338 1781/4406/4340
f 1780/4407/4341 1774/4408/4342 1781/4409/4343
f 1781/4409/4343 1774/4408/4342 1777/4410/4344
f 1782/4411/4345 1783/4412/4346 1785/4413/4347
f 1785/4413/4347 1783/4412/4346 1784/4414/4348
f 1783/4415/4349 1786/4416/4350 1784/4417/4351
f 1784/4417/4351 1786/4416/4350 1787/4418/4352
f 1786/4419/4353 1788/4420/4354 1787/4421/4355
f 1787/4421/4355 1788/4420/4354 1789/4422/4356
f 1788/4423/4357 596/4424/4358 1789/4425/4359
f 1789/4425/4359 596/4424/4358 20/4426/4360
f 597/4427/4361 1782/4428/4362 21/4429/4363
f 21/4429/4363 1782/4428/4362 1785/4430/4364
f 1790/4431/4365 1791/4432/4366 1793/4433/4367
f 1793/4433/4367 1791/4432/4366 1792/4434/4368
f 1791/4435/4369 1794/4436/4370 1792/4437/4371
f 1792/4437/4371 1794/4436/4370 1795/4438/4372
f 1794/4439/4373 1796/4440/4374 1795/4441/4375
f 1795/4441/4375 1796/4440/4374 1797/4442/4376
f 1796/4443/4377 1790/4444/4378 1797/4445/4379
f 1797/4445/4379 1790/4444/4378 1793/4446/4380
f 1798/4447/4381 1799/4448/4382 1801/4449/4383
f 1801/4449/4383 1799/4448/4382 1800/4450/4384
f 1799/4451/4385 1802/4452/4386 1800/4453/4387
f 1800/4453/4387 1802/4452/4386 1803/4454/4388
f 1802/4455/4389 1804/4456/4390 1803/4457/4391
f 1803/4457/4391 1804/4456/4390 1805/4458/4392
f 1804/4459/4393 616/4460/4394 1805/4461/4395
f 1805/4461/4395 616/4460/4394 18/4462/4396
f 617/4463/4397 1798/4464/4398 19/4465/4399
f 19/4465/4399 1798/4464/4398 1801/4466/4400
f 1806/4467/4401 1807/4468/4402 1809/4469/4403
f 1809/4469/4403 1807/4468/4402 1808/4470/4404
f 1807/4471/4405 1810/4472/4406 1808/4473/4407
f 1808/4473/4407 1810/4472/4406 1811/4474/4408
f 1810/4475/4409 1812/4476/4410 1811/4477/4411
f 1811/4477/4411 1812/4476/4410 1813/4478/4412
f 1812/4479/4413 1806/4480/4414 1813/4481/4415
f 1813/4481/4415 1806/4480/4414 1809/4482/4416
f 1814/4483/4417 1815/4484/4418 1817/4485/4419
f 1817/4485/4419 1815/4484/4418 1816/4486/4420
f 1815/4487/4421 1818/4488/4422 1816/4489/4423
f 1816/4489/4423 1818/4488/4422 1819/4490/4424
f 1818/4491/4425 594/4492/4426 1819/4493/4427
f 1819/4493/4427 594/4492/4426 16/4494/4428
f 595/4495/4429 1814/4496/4430 17/4497/4431
f 17/4497/4431 1814/4496/4430 1817/4498/4432
f 24/4499/4433 23/4500/4434 1377/4501/4435
f 1377/4501/4435 23/4500/4434 1645/4502/4436
f 1377/4501/4435 1645/4502/4436 1375/4503/4437
f 1375/4503/4437 1645/4502/4436 1647/4504/4438
f 1375/4503/4437 1647/4504/4438 1751/4505/4439
f 1751/4505/4439 1647/4504/4438 1649/4506/4440
f 1751/4505/4439 1649/4506/4440 1748/4507/4441
f 1748/4507/4441 1649/4506/4440 1348/4508/4442
f 1748/4507/4441 1348/4508/4442 1749/4509/4443
f 1749/4509/4443 1348/4508/4442 1351/4510/4444
f 1749/4509/4443 1351/4510/4444 1363/4511/4445
f 1363/4511/4445 1351/4510/4444 1353/4512/4446
f 1363/4511/4445 1353/4512/4446 1360/4513/4447
f 1360/4513/4447 1353/4512/4446 1466/4514/4448
f 1360/4513/4447 1466/4514/4448 1361/4515/4449
f 1361/4515/4449 1466/4514/4448 1469/4516/4450
f 1361/4515/4449 1469/4516/4450 1654/4517/4451
f 1654/4517/4451 1469/4516/4450 1471/4518/4452
f 1654/4517/4451 1471/4518/4452 1655/4519/4453
f 1655/4519/4453 1471/4518/4452 1760/4520/4454
f 1655/4519/4453 1760/4520/4454 1663/4521/4455
f 1663/4521/4455 1760/4520/4454 1763/4522/4456
f 1663/4521/4455 1763/4522/4456 1820/4523/4457
f 1820/4523/4457 1763/4522/4456 1765/4524/4458
f 1820/4523/4457 1765/4524/4458 1637/4525/4459
f 1637/4525/4459 1765/4524/4458 1761/4526/4460
f 1637/4525/4459 1761/4526/4460 1635/4527/4461
f 1635/4527/4461 1761/4526/4460 1473/4528/4462
f 1635/4527/4461 1473/4528/4462 1633/4529/4463
f 1633/4529/4463 1473/4528/4462 1475/4530/4464
f 1633/4529/4463 1475/4530/4464 1341/4531/4465
f 1341/4531/4465 1475/4530/4464 1467/4532/4466
f 1341/4531/4465 1467/4532/4466 1339/4533/4467
f 1339/4533/4467 1467/4532/4466 1355/4534/4468
f 1339/4533/4467 1355/4534/4468 1336/4535/4469
f 1336/4535/4469 1355/4534/4468 1357/4536/4470
f 1336/4535/4469 1357/4536/4470 1483/4537/4471
f 1483/4537/4471 1357/4536/4470 1349/4538/4472
f 1483/4537/4471 1349/4538/4472 1481/4539/4473
f 1481/4539/4473 1349/4538/4472 1651/4540/4474
f 1481/4539/4473 1651/4540/4474 1478/4541/4475
f 1478/4541/4475 1651/4540/4474 1643/4542/4476
f 1478/4541/4475 1643/4542/4476 1768/4543/4477
f 1768/4543/4477 1643/4542/4476 1642/4544/4478
f 1768/4543/4477 1642/4544/4478 1769/4545/4479
f 1769/4545/4479 1642/4544/4478 1645/4502/4436
f 1769/4545/4479 1645/4502/4436 23/4500/4434
f 1768/4543/4477 1771/4546/4480 1478/4541/4475
f 1478/4541/4475 1771/4546/4480 1479/4547/4481
f 1479/4547/4481 1771/4546/4480 1623/4548/4482
f 1479/4547/4481 1623/4548/4482 1625/4549/4483
f 1623/4548/4482 1771/4546/4480 1621/4550/4484
f 1621/4550/4484 1771/4546/4480 1773/4551/4485
f 1621/4550/4484 1773/4551/4485 21/4552/4486
f 21/4552/4486 1773/4551/4485 22/4553/4487
f 21/4552/4486 1785/4554/4488 1621/4550/4484
f 1621/4550/4484 1785/4554/4488 1618/4555/4489
f 1618/4555/4489 1785/4554/4488 1784/4556/4490
f 1618/4555/4489 1784/4556/4490 1619/4557/4491
f 1619/4557/4491 1784/4556/4490 1509/4558/4492
f 1619/4557/4491 1509/4558/4492 1627/4559/4493
f 1627/4559/4493 1509/4558/4492 1511/4560/4494
f 1627/4559/4493 1511/4560/4494 1327/4561/4495
f 1327/4561/4495 1511/4560/4494 1503/4562/4496
f 1327/4561/4495 1503/4562/4496 1324/4563/4497
f 1324/4563/4497 1503/4562/4496 1317/4564/4498
f 1324/4563/4497 1317/4564/4498 1325/4565/4499
f 1325/4565/4499 1317/4564/4498 1319/4566/4500
f 1325/4565/4499 1319/4566/4500 1493/4567/4501
f 1493/4567/4501 1319/4566/4500 1321/4568/4502
f 1493/4567/4501 1321/4568/4502 1490/4569/4503
f 1490/4569/4503 1321/4568/4502 1609/4570/4504
f 1490/4569/4503 1609/4570/4504 1491/4571/4505
f 1491/4571/4505 1609/4570/4504 1611/4572/4506
f 1491/4571/4505 1611/4572/4506 1777/4573/4507
f 1777/4573/4507 1611/4572/4506 1613/4574/4508
f 1777/4573/4507 1613/4574/4508 1781/4575/4509
f 1781/4575/4509 1613/4574/4508 329/4576/4510
f 1781/4575/4509 329/4576/4510 1779/4577/4511
f 1779/4577/4511 329/4576/4510 1639/4578/4512
f 1779/4577/4511 1639/4578/4512 1776/4579/4513
f 1776/4579/4513 1639/4578/4512 1631/4580/4514
f 1776/4579/4513 1631/4580/4514 1499/4581/4515
f 1499/4581/4515 1631/4580/4514 1630/4582/4516
f 1499/4581/4515 1630/4582/4516 1497/4583/4517
f 1497/4583/4517 1630/4582/4516 1343/4584/4518
f 1497/4583/4517 1343/4584/4518 1495/4585/4519
f 1495/4585/4519 1343/4584/4518 1345/4586/4520
f 1495/4585/4519 1345/4586/4520 1333/4587/4521
f 1333/4587/4521 1345/4586/4520 1337/4588/4522
f 1333/4587/4521 1337/4588/4522 1331/4589/4523
f 1331/4589/4523 1337/4588/4522 1485/4590/4524
f 1331/4589/4523 1485/4590/4524 1329/4591/4525
f 1329/4591/4525 1485/4590/4524 1487/4592/4526
f 1329/4591/4525 1487/4592/4526 1625/4549/4483
f 1625/4549/4483 1487/4592/4526 1479/4547/4481
f 1784/4556/4490 1787/4593/4527 1509/4558/4492
f 1509/4558/4492 1787/4593/4527 1507/4594/4528
f 1507/4594/4528 1787/4593/4527 1599/4595/4529
f 1507/4594/4528 1599/4595/4529 1601/4596/4530
f 1599/4595/4529 1787/4593/4527 1597/4597/4531
f 1597/4597/4531 1787/4593/4527 1789/4598/4532
f 1597/4597/4531 1789/4598/4532 19/4599/4533
f 19/4599/4533 1789/4598/4532 20/4600/4534
f 19/4599/4533 1801/4601/4535 1597/4597/4531
f 1597/4597/4531 1801/4601/4535 1594/4602/4536
f 1594/4602/4536 1801/4601/4535 1800/4603/4537
f 1594/4602/4536 1800/4603/4537 1595/4604/4538
f 1595/4604/4538 1800/4603/4537 1527/4605/4539
f 1595/4604/4538 1527/4605/4539 1603/4606/4540
f 1603/4606/4540 1527/4605/4539 1526/4607/4541
f 1603/4606/4540 1526/4607/4541 1301/4608/4542
f 1301/4608/4542 1526/4607/4541 1529/4609/4543
f 1301/4608/4542 1529/4609/4543 1309/4610/4544
f 1309/4610/4544 1529/4609/4543 1297/4611/4545
f 1309/4610/4544 1297/4611/4545 1307/4612/4546
f 1307/4612/4546 1297/4611/4545 1289/4613/4547
f 1307/4612/4546 1289/4613/4547 1514/4614/4548
f 1514/4614/4548 1289/4613/4547 1288/4615/4549
f 1514/4614/4548 1288/4615/4549 1515/4616/4550
f 1515/4616/4550 1288/4615/4549 1585/4617/4551
f 1515/4616/4550 1585/4617/4551 1523/4618/4552
f 1523/4618/4552 1585/4617/4551 1587/4619/4553
f 1523/4618/4552 1587/4619/4553 1793/4620/4554
f 1793/4620/4554 1587/4619/4553 1589/4621/4555
f 1793/4620/4554 1589/4621/4555 1797/4622/4556
f 1797/4622/4556 1589/4621/4555 329/4576/4510
f 1797/4622/4556 329/4576/4510 1795/4623/4557
f 1795/4623/4557 329/4576/4510 1615/4624/4558
f 1795/4623/4557 1615/4624/4558 1792/4625/4559
f 1792/4625/4559 1615/4624/4558 1607/4626/4560
f 1792/4625/4559 1607/4626/4560 1521/4627/4561
f 1521/4627/4561 1607/4626/4560 1606/4628/4562
f 1521/4627/4561 1606/4628/4562 1519/4629/4563
f 1519/4629/4563 1606/4628/4562 1313/4630/4564
f 1519/4629/4563 1313/4630/4564 1517/4631/4565
f 1517/4631/4565 1313/4630/4564 1312/4632/4566
f 1517/4631/4565 1312/4632/4566 1305/4633/4567
f 1305/4633/4567 1312/4632/4566 1315/4634/4568
f 1305/4633/4567 1315/4634/4568 1303/4635/4569
f 1303/4635/4569 1315/4634/4568 1502/4636/4570
f 1303/4635/4569 1502/4636/4570 1300/4637/4571
f 1300/4637/4571 1502/4636/4570 1505/4638/4572
f 1300/4637/4571 1505/4638/4572 1601/4596/4530
f 1601/4596/4530 1505/4638/4572 1507/4594/4528
f 1800/4603/4537 1803/4639/4573 1527/4605/4539
f 1527/4605/4539 1803/4639/4573 1535/4640/4574
f 1535/4640/4574 1803/4639/4573 1570/4641/4575
f 1535/4640/4574 1570/4641/4575 1573/4642/4576
f 1570/4641/4575 1803/4639/4573 1571/4643/4577
f 1571/4643/4577 1803/4639/4573 1805/4644/4578
f 1571/4643/4577 1805/4644/4578 17/4645/4579
f 17/4645/4579 1805/4644/4578 18/4646/4580
f 17/4645/4579 1817/4647/4581 1571/4643/4577
f 1571/4643/4577 1817/4647/4581 1579/4648/4582
f 1579/4648/4582 1817/4647/4581 1816/4649/4583
f 1579/4648/4582 1816/4649/4583 1577/4650/4584
f 1577/4650/4584 1816/4649/4583 1551/4651/4585
f 1577/4650/4584 1551/4651/4585 1575/4652/4586
f 1575/4652/4586 1551/4651/4585 1550/4653/4587
f 1575/4652/4586 1550/4653/4587 1285/4654/4588
f 1285/4654/4588 1550/4653/4587 1553/4655/4589
f 1285/4654/4588 1553/4655/4589 1283/4656/4590
f 1283/4656/4590 1553/4655/4589 1267/4657/4591
f 1283/4656/4590 1267/4657/4591 1281/4658/4592
f 1281/4658/4592 1267/4657/4591 1266/4659/4593
f 1281/4658/4592 1266/4659/4593 1543/4660/4594
f 1543/4660/4594 1266/4659/4593 1269/4661/4595
f 1543/4660/4594 1269/4661/4595 1541/4662/4596
f 1541/4662/4596 1269/4661/4595 1560/4663/4597
f 1541/4662/4596 1560/4663/4597 1538/4664/4598
f 1538/4664/4598 1560/4663/4597 1563/4665/4599
f 1538/4664/4598 1563/4665/4599 1809/4666/4600
f 1809/4666/4600 1563/4665/4599 1565/4667/4601
f 1809/4666/4600 1565/4667/4601 1813/4668/4602
f 1813/4668/4602 1565/4667/4601 329/4576/4510
f 1813/4668/4602 329/4576/4510 1811/4669/4603
f 1811/4669/4603 329/4576/4510 1591/4670/4604
f 1811/4669/4603 1591/4670/4604 1808/4671/4605
f 1808/4671/4605 1591/4670/4604 1583/4672/4606
f 1808/4671/4605 1583/4672/4606 1539/4673/4607
f 1539/4673/4607 1583/4672/4606 1582/4674/4608
f 1539/4673/4607 1582/4674/4608 1547/4675/4609
f 1547/4675/4609 1582/4674/4608 1291/4676/4610
f 1547/4675/4609 1291/4676/4610 1545/4677/4611
f 1545/4677/4611 1291/4676/4610 1293/4678/4612
f 1545/4677/4611 1293/4678/4612 1279/4679/4613
f 1279/4679/4613 1293/4678/4612 1295/4680/4614
f 1279/4679/4613 1295/4680/4614 1276/4681/4615
f 1276/4681/4615 1295/4680/4614 1531/4682/4616
f 1276/4681/4615 1531/4682/4616 1277/4683/4617
f 1277/4683/4617 1531/4682/4616 1533/4684/4618
f 1277/4683/4617 1533/4684/4618 1573/4642/4576
f 1573/4642/4576 1533/4684/4618 1535/4640/4574
f 1816/4649/4583 1819/4685/4619 1551/4651/4585
f 1551/4651/4585 1819/4685/4619 1557/4686/4620
f 1557/4686/4620 1819/4685/4619 15/4687/4621
f 1557/4686/4620 15/4687/4621 1555/4688/4622
f 1555/4688/4622 15/4687/4621 1273/4689/4623
f 1555/4688/4622 1273/4689/4623 1267/4657/4591
f 1819/4685/4619 16/4690/4624 15/4687/4621
f 15/4687/4621 329/4576/4510 1273/4689/4623
f 1273/4689/4623 329/4576/4510 1271/4691/4625
f 1271/4691/4625 329/4576/4510 1561/4692/4626
f 1271/4691/4625 1561/4692/4626 1560/4663/4597
f 329/4576/4510 1820/4523/4457 1639/4578/4512
f 1639/4578/4512 1820/4523/4457 1637/4525/4459
f 10/4693/4627 1711/4694/4628 1820/4523/4457
f 1820/4523/4457 1711/4694/4628 1713/4695/4629
f 1820/4523/4457 1713/4695/4629 1693/4696/4630
f 1693/4696/4630 1713/4695/4629 1707/4697/4631
f 1693/4696/4630 1707/4697/4631 1690/4698/4632
f 1690/4698/4632 1707/4697/4631 1395/4699/4633
f 1690/4698/4632 1395/4699/4633 1397/4700/4634
f 29/4701/4635 1703/4702/4636 10/4693/4627
f 10/4693/4627 1703/4702/4636 1421/4703/4637
f 10/4693/4627 1421/4703/4637 1423/4704/4638
f 1703/4702/4636 1701/4705/4639 1421/4703/4637
f 1421/4703/4637 1701/4705/4639 1419/4706/4640
f 1419/4706/4640 1701/4705/4639 1409/4707/4641
f 1419/4706/4640 1409/4707/4641 1411/4708/4642
f 1409/4707/4641 1701/4705/4639 1407/4709/4643
f 1407/4709/4643 1701/4705/4639 1700/4710/4644
f 1407/4709/4643 1700/4710/4644 27/4711/4645
f 27/4711/4645 1700/4710/4644 28/4712/4646
f 27/4711/4645 1729/4713/4647 1407/4709/4643
f 1407/4709/4643 1729/4713/4647 1404/4714/4648
f 1404/4714/4648 1729/4713/4647 1728/4715/4649
f 1404/4714/4648 1728/4715/4649 1405/4716/4650
f 1405/4716/4650 1728/4715/4649 1434/4717/4651
f 1405/4716/4650 1434/4717/4651 1413/4718/4652
f 1413/4718/4652 1434/4717/4651 1437/4719/4653
f 1413/4718/4652 1437/4719/4653 1380/4720/4654
f 1380/4720/4654 1437/4719/4653 1439/4721/4655
f 1380/4720/4654 1439/4721/4655 1381/4722/4656
f 1381/4722/4656 1439/4721/4655 1685/4723/4657
f 1381/4722/4656 1685/4723/4657 1389/4724/4658
f 1389/4724/4658 1685/4723/4657 1687/4725/4659
f 1389/4724/4658 1687/4725/4659 1393/4726/4660
f 1393/4726/4660 1687/4725/4659 1679/4727/4661
f 1393/4726/4660 1679/4727/4661 1401/4728/4662
f 1401/4728/4662 1679/4727/4661 1719/4729/4663
f 1401/4728/4662 1719/4729/4663 1399/4730/4664
f 1399/4730/4664 1719/4729/4663 1721/4731/4665
f 1399/4730/4664 1721/4731/4665 1427/4732/4666
f 1427/4732/4666 1721/4731/4665 1723/4733/4667
f 1427/4732/4666 1723/4733/4667 1431/4734/4668
f 1431/4734/4668 1723/4733/4667 1820/4523/4457
f 1431/4734/4668 1820/4523/4457 1429/4735/4669
f 1429/4735/4669 1820/4523/4457 1697/4736/4670
f 1429/4735/4669 1697/4736/4670 1426/4737/4671
f 1426/4737/4671 1697/4736/4670 1691/4738/4672
f 1426/4737/4671 1691/4738/4672 1397/4700/4634
f 1397/4700/4634 1691/4738/4672 1690/4698/4632
f 1728/4715/4649 1731/4739/4673 1434/4717/4651
f 1434/4717/4651 1731/4739/4673 1435/4740/4674
f 1435/4740/4674 1731/4739/4673 1667/4741/4675
f 1435/4740/4674 1667/4741/4675 1666/4742/4676
f 1667/4741/4675 1731/4739/4673 1675/4743/4677
f 1675/4743/4677 1731/4739/4673 1733/4744/4678
f 1675/4743/4677 1733/4744/4678 25/4745/4679
f 25/4745/4679 1733/4744/4678 26/4746/4680
f 25/4745/4679 1373/4747/4681 1675/4743/4677
f 1675/4743/4677 1373/4747/4681 1673/4748/4682
f 1673/4748/4682 1373/4747/4681 1372/4749/4683
f 1673/4748/4682 1372/4749/4683 1671/4750/4684
f 1671/4750/4684 1372/4749/4683 1753/4751/4685
f 1671/4750/4684 1753/4751/4685 1669/4752/4686
f 1669/4752/4686 1753/4751/4685 1755/4753/4687
f 1669/4752/4686 1755/4753/4687 1455/4754/4688
f 1455/4754/4688 1755/4753/4687 1757/4755/4689
f 1455/4754/4688 1757/4755/4689 1453/4756/4690
f 1453/4756/4690 1757/4755/4689 1365/4757/4691
f 1453/4756/4690 1365/4757/4691 1451/4758/4692
f 1451/4758/4692 1365/4757/4691 1367/4759/4693
f 1451/4758/4692 1367/4759/4693 1737/4760/4694
f 1737/4760/4694 1367/4759/4693 1369/4761/4695
f 1737/4760/4694 1369/4761/4695 1745/4762/4696
f 1745/4762/4696 1369/4761/4695 1657/4763/4697
f 1745/4762/4696 1657/4763/4697 1743/4764/4698
f 1743/4764/4698 1657/4763/4697 1659/4765/4699
f 1743/4764/4698 1659/4765/4699 1459/4766/4700
f 1459/4766/4700 1659/4765/4699 1661/4767/4701
f 1459/4766/4700 1661/4767/4701 1463/4768/4702
f 1463/4768/4702 1661/4767/4701 1820/4523/4457
f 1463/4768/4702 1820/4523/4457 1461/4769/4703
f 1461/4769/4703 1820/4523/4457 1725/4770/4704
f 1461/4769/4703 1725/4770/4704 1458/4771/4705
f 1458/4771/4705 1725/4770/4704 1717/4772/4706
f 1458/4771/4705 1717/4772/4706 1741/4773/4707
f 1741/4773/4707 1717/4772/4706 1716/4774/4708
f 1741/4773/4707 1716/4774/4708 1739/4775/4709
f 1739/4775/4709 1716/4774/4708 1678/4776/4710
f 1739/4775/4709 1678/4776/4710 1736/4777/4711
f 1736/4777/4711 1678/4776/4710 1681/4778/4712
f 1736/4777/4711 1681/4778/4712 1449/4779/4713
f 1449/4779/4713 1681/4778/4712 1683/4780/4714
f 1449/4779/4713 1683/4780/4714 1446/4781/4715
f 1446/4781/4715 1683/4780/4714 1441/4782/4716
f 1446/4781/4715 1441/4782/4716 1447/4783/4717
f 1447/4783/4717 1441/4782/4716 1443/4784/4718
f 1447/4783/4717 1443/4784/4718 1666/4742/4676
f 1666/4742/4676 1443/4784/4718 1435/4740/4674
f 1372/4749/4683 1375/4503/4437 1753/4751/4685
f 1753/4751/4685 1375/4503/4437 1751/4505/4439
f 1809/4666/4600 1808/4671/4605 1538/4664/4598
f 1538/4664/4598 1808/4671/4605 1539/4673/4607
f 1793/4620/4554 1792/4625/4559 1523/4618/4552
f 1523/4618/4552 1792/4625/4559 1521/4627/4561
f 1777/4573/4507 1776/4579/4513 1491/4571/4505
f 1491/4571/4505 1776/4579/4513 1499/4581/4515
f 1761/4526/4460 1760/4520/4454 1473/4528/4462
f 1473/4528/4462 1760/4520/4454 1471/4518/4452
f 1757/4755/4689 1749/4509/4443 1365/4757/4691
f 1365/4757/4691 1749/4509/4443 1363/4511/4445
f 1737/4760/4694 1736/4777/4711 1451/4758/4692
f 1451/4758/4692 1736/4777/4711 1449/4779/4713
f 1741/4773/4707 1743/4764/4698 1458/4771/4705
f 1458/4771/4705 1743/4764/4698 1459/4766/4700
f 1716/4774/4708 1719/4729/4663 1678/4776/4710
f 1678/4776/4710 1719/4729/4663 1679/4727/4661
f 1723/4733/4667 1725/4770/4704 1820/4523/4457
f 1395/4699/4633 1707/4697/4631 1392/4785/4719
f 1392/4785/4719 1707/4697/4631 1706/4786/4720
f 1392/4785/4719 1706/4786/4720 1387/4787/4721
f 1387/4787/4721 1706/4786/4720 1709/4788/4722
f 1387/4787/4721 1709/4788/4722 1385/4789/4723
f 1385/4789/4723 1709/4788/4722 1417/4790/4724
f 1385/4789/4723 1417/4790/4724 1383/4791/4725
f 1383/4791/4725 1417/4790/4724 1416/4792/4726
f 1383/4791/4725 1416/4792/4726 1411/4708/4642
f 1411/4708/4642 1416/4792/4726 1419/4706/4640
f 1709/4788/4722 1711/4694/4628 1417/4790/4724
f 1417/4790/4724 1711/4694/4628 1423/4704/4638
f 1423/4704/4638 1711/4694/4628 10/4693/4627
f 1693/4696/4630 1695/4793/4727 1820/4523/4457
f 1820/4523/4457 1695/4793/4727 1697/4736/4670
f 1683/4780/4714 1685/4723/4657 1441/4782/4716
f 1441/4782/4716 1685/4723/4657 1439/4721/4655
f 1666/4742/4676 1669/4752/4686 1447/4783/4717
f 1447/4783/4717 1669/4752/4686 1455/4754/4688
f 1654/4517/4451 1657/4763/4697 1361/4515/4449
f 1361/4515/4449 1657/4763/4697 1369/4761/4695
f 1661/4767/4701 1663/4521/4455 1820/4523/4457
f 1649/4506/4440 1651/4540/4474 1348/4508/4442
f 1348/4508/4442 1651/4540/4474 1349/4538/4472
f 1630/4582/4516 1633/4529/4463 1343/4584/4518
f 1343/4584/4518 1633/4529/4463 1341/4531/4465
f 1625/4549/4483 1627/4559/4493 1329/4591/4525
f 1329/4591/4525 1627/4559/4493 1327/4561/4495
f 1606/4628/4562 1609/4570/4504 1313/4630/4564
f 1313/4630/4564 1609/4570/4504 1321/4568/4502
f 1613/4574/4508 1615/4624/4558 329/4576/4510
f 1601/4596/4530 1603/4606/4540 1300/4637/4571
f 1300/4637/4571 1603/4606/4540 1301/4608/4542
f 1582/4674/4608 1585/4617/4551 1291/4676/4610
f 1291/4676/4610 1585/4617/4551 1288/4615/4549
f 1589/4621/4555 1591/4670/4604 329/4576/4510
f 1573/4642/4576 1575/4652/4586 1277/4683/4617
f 1277/4683/4617 1575/4652/4586 1285/4654/4588
f 1565/4667/4601 1567/4794/4728 329/4576/4510
f 329/4576/4510 1567/4794/4728 1561/4692/4626
f 1553/4655/4589 1555/4688/4622 1267/4657/4591
f 1543/4660/4594 1545/4677/4611 1281/4658/4592
f 1281/4658/4592 1545/4677/4611 1279/4679/4613
f 1529/4609/4543 1531/4682/4616 1297/4611/4545
f 1297/4611/4545 1531/4682/4616 1295/4680/4614
f 1514/4614/4548 1517/4631/4565 1307/4612/4546
f 1307/4612/4546 1517/4631/4565 1305/4633/4567
f 1503/4562/4496 1502/4636/4570 1317/4564/4498
f 1317/4564/4498 1502/4636/4570 1315/4634/4568
f 1493/4567/4501 1495/4585/4519 1325/4565/4499
f 1325/4565/4499 1495/4585/4519 1333/4587/4521
f 1483/4537/4471 1485/4590/4524 1336/4535/4469
f 1336/4535/4469 1485/4590/4524 1337/4588/4522
f 1467/4532/4466 1466/4514/4448 1355/4534/4468
f 1355/4534/4468 1466/4514/4448 1353/4512/4446
f 1427/4732/4666 1426/4737/4671 1399/4730/4664
f 1399/4730/4664 1426/4737/4671 1397/4700/4634
f 1411/4708/4642 1413/4718/4652 1383/4791/4725
f 1383/4791/4725 1413/4718/4652 1380/4720/4654
f 1393/4726/4660 1392/4785/4719 1389/4724/4658
f 1389/4724/4658 1392/4785/4719 1387/4787/4721
f 1269/4661/4595 1271/4691/4625 1560/4663/4597
f 526/4795/4729 1833/4796/4730 94/4797/242
f 94/4797/242 1833/4796/4730 1834/4798/4731
f 94/4797/242 1834/4798/4731 1835/4799/4732
f 1835/4799/4732 1834/4798/4731 1839/4800/4733
f 1835/4799/4732 1839/4800/4733 1840/4801/4734
f 1840/4801/4734 1839/4800/4733 1844/4802/4735
f 1840/4801/4734 1844/4802/4735 1830/4803/4736
f 1830/4803/4736 1844/4802/4735 1829/4804/4737
f 1829/4804/4737 1844/4802/4735 1848/4805/4738
f 1829/4804/4737 1848/4805/4738 1828/4806/4739
f 1828/4806/4739 1848/4805/4738 1852/4807/4740
f 1828/4806/4739 1852/4807/4740 1827/4808/4741
f 1827/4808/4741 1852/4807/4740 1856/4809/4742
f 1827/4808/4741 1856/4809/4742 1826/4810/4743
f 1826/4810/4743 1856/4809/4742 1860/4811/4744
f 1826/4810/4743 1860/4811/4744 1825/4812/4745
f 1825/4812/4745 1860/4811/4744 1864/4813/4746
f 1825/4812/4745 1864/4813/4746 1824/4814/4747
f 1824/4814/4747 1864/4813/4746 1868/4815/4748
f 1824/4814/4747 1868/4815/4748 1823/4816/4749
f 1823/4816/4749 1868/4815/4748 1872/4817/4750
f 1823/4816/4749 1872/4817/4750 1822/4818/4751
f 1822/4818/4751 1872/4817/4750 1876/4819/4752
f 1822/4818/4751 1876/4819/4752 1821/4820/4753
f 1821/4820/4753 1876/4819/4752 1875/4821/4754
f 1821/4820/4753 1875/4821/4754 1874/4822/4755
f 1874/4822/4755 1875/4821/4754 1870/4823/4756
f 1874/4822/4755 1870/4823/4756 1869/4824/4757
f 1869/4824/4757 1870/4823/4756 1865/4825/4758
f 1869/4824/4757 1865/4825/4758 518/4826/4759
f 518/4826/4759 1865/4825/4758 519/4827/4760
f 519/4827/4760 1865/4825/4758 1861/4828/4761
f 519/4827/4760 1861/4828/4761 520/4829/4762
f 520/4829/4762 1861/4828/4761 1857/4830/4763
f 520/4829/4762 1857/4830/4763 521/4831/4764
f 521/4831/4764 1857/4830/4763 1853/4832/4765
f 521/4831/4764 1853/4832/4765 522/4833/4766
f 522/4833/4766 1853/4832/4765 1849/4834/4767
f 522/4833/4766 1849/4834/4767 523/4835/4768
f 523/4835/4768 1849/4834/4767 1845/4836/4769
f 523/4835/4768 1845/4836/4769 524/4837/4770
f 524/4837/4770 1845/4836/4769 1841/4838/4771
f 524/4837/4770 1841/4838/4771 525/4839/4772
f 525/4839/4772 1841/4838/4771 1837/4840/4773
f 525/4839/4772 1837/4840/4773 526/4795/4729
f 526/4795/4729 1837/4840/4773 1833/4796/4730
f 518/4826/4759 517/4841/4774 1869/4824/4757
f 1869/4824/4757 517/4841/4774 1873/4842/4775
f 1869/4824/4757 1873/4842/4775 1874/4822/4755
f 1874/4822/4755 1873/4842/4775 515/4843/4776
f 1874/4822/4755 515/4843/4776 1821/4820/4753
f 517/4841/4774 516/4844/4777 1873/4842/4775
f 1873/4842/4775 516/4844/4777 515/4843/4776
f 1830/4803/4736 1831/4845/4778 1840/4801/4734
f 1840/4801/4734 1831/4845/4778 1836/4846/4779
f 1840/4801/4734 1836/4846/4779 1835/4799/4732
f 1835/4799/4732 1836/4846/4779 91/4847/236
f 1835/4799/4732 91/4847/236 94/4797/242
f 1831/4845/4778 1832/4848/4780 1836/4846/4779
f 1836/4846/4779 1832/4848/4780 91/4847/236
f 1834/4798/4731 1833/4796/4730 1838/4849/4781
f 1838/4849/4781 1833/4796/4730 1837/4840/4773
f 1838/4849/4781 1837/4840/4773 1842/4850/4782
f 1842/4850/4782 1837/4840/4773 1841/4838/4771
f 1842/4850/4782 1841/4838/4771 1846/4851/4783
f 1846/4851/4783 1841/4838/4771 1845/4836/4769
f 1846/4851/4783 1845/4836/4769 1850/4852/4784
f 1850/4852/4784 1845/4836/4769 1849/4834/4767
f 1850/4852/4784 1849/4834/4767 1854/4853/4785
f 1854/4853/4785 1849/4834/4767 1853/4832/4765
f 1854/4853/4785 1853/4832/4765 1858/4854/4786
f 1858/4854/4786 1853/4832/4765 1857/4830/4763
f 1858/4854/4786 1857/4830/4763 1862/4855/4787
f 1862/4855/4787 1857/4830/4763 1861/4828/4761
f 1862/4855/4787 1861/4828/4761 1866/4856/4788
f 1866/4856/4788 1861/4828/4761 1865/4825/4758
f 1866/4856/4788 1865/4825/4758 1870/4823/4756
f 1834/4798/4731 1838/4849/4781 1839/4800/4733
f 1839/4800/4733 1838/4849/4781 1843/4857/4789
f 1839/4800/4733 1843/4857/4789 1844/4802/4735
f 1844/4802/4735 1843/4857/4789 1848/4805/4738
f 1843/4857/4789 1838/4849/4781 1842/4850/4782
f 1843/4857/4789 1842/4850/4782 1847/4858/4790
f 1847/4858/4790 1842/4850/4782 1846/4851/4783
f 1847/4858/4790 1846/4851/4783 1851/4859/4791
f 1851/4859/4791 1846/4851/4783 1850/4852/4784
f 1851/4859/4791 1850/4852/4784 1855/4860/4792
f 1855/4860/4792 1850/4852/4784 1854/4853/4785
f 1855/4860/4792 1854/4853/4785 1859/4861/4793
f 1859/4861/4793 1854/4853/4785 1858/4854/4786
f 1859/4861/4793 1858/4854/4786 1863/4862/4794
f 1863/4862/4794 1858/4854/4786 1862/4855/4787
f 1863/4862/4794 1862/4855/4787 1867/4863/4795
f 1867/4863/4795 1862/4855/4787 1866/4856/4788
f 1867/4863/4795 1866/4856/4788 1871/4864/4796
f 1871/4864/4796 1866/4856/4788 1870/4823/4756
f 1871/4864/4796 1870/4823/4756 1875/4821/4754
f 1852/4807/4740 1848/4805/4738 1847/4858/4790
f 1847/4858/4790 1848/4805/4738 1843/4857/4789
f 1852/4807/4740 1847/4858/4790 1851/4859/4791
f 1856/4809/4742 1852/4807/4740 1851/4859/4791
f 1856/4809/4742 1851/4859/4791 1855/4860/4792
f 1860/4811/4744 1856/4809/4742 1855/4860/4792
f 1860/4811/4744 1855/4860/4792 1859/4861/4793
f 1864/4813/4746 1860/4811/4744 1859/4861/4793
f 1864/4813/4746 1859/4861/4793 1863/4862/4794
f 1868/4815/4748 1864/4813/4746 1863/4862/4794
f 1868/4815/4748 1863/4862/4794 1867/4863/4795
f 1872/4817/4750 1868/4815/4748 1867/4863/4795
f 1872/4817/4750 1867/4863/4795 1871/4864/4796
f 1876/4819/4752 1872/4817/4750 1871/4864/4796
f 1876/4819/4752 1871/4864/4796 1875/4821/4754
f 515/4865/4776 1272/4866/4797 1821/4867/4753
f 1821/4867/4753 1272/4866/4797 1270/4868/4798
f 1821/4867/4753 1270/4868/4798 1558/4869/4799
f 1558/4869/4799 1270/4868/4798 1268/4870/4800
f 1558/4869/4799 1268/4870/4800 1559/4871/4801
f 1559/4871/4801 1268/4870/4800 1540/4872/4802
f 1559/4871/4801 1540/4872/4802 1537/4873/4803
f 564/4874/4804 592/4875/4805 515/4865/4776
f 515/4865/4776 592/4875/4805 597/4876/4806
f 515/4865/4776 597/4876/4806 596/4877/4807
f 1877/4878/4808 1710/4879/4809 564/4874/4804
f 564/4874/4804 1710/4879/4809 1422/4880/4810
f 564/4874/4804 1422/4880/4810 1420/4881/4811
f 1821/4867/4753 1638/4882/4812 1877/4878/4808
f 1877/4878/4808 1638/4882/4812 1636/4883/4813
f 1877/4878/4808 1636/4883/4813 1764/4884/4814
f 1764/4884/4814 1636/4883/4813 1758/4885/4815
f 1758/4885/4815 1636/4883/4813 1634/4886/4816
f 1758/4885/4815 1634/4886/4816 1472/4887/4817
f 1472/4887/4817 1634/4886/4816 1632/4888/4818
f 1472/4887/4817 1632/4888/4818 1474/4889/4819
f 1474/4889/4819 1632/4888/4818 1340/4890/4820
f 1474/4889/4819 1340/4890/4820 1464/4891/4821
f 1464/4891/4821 1340/4890/4820 1338/4892/4822
f 1464/4891/4821 1338/4892/4822 1354/4893/4823
f 1354/4893/4823 1338/4892/4822 1335/4894/4824
f 1354/4893/4823 1335/4894/4824 1356/4895/4825
f 1356/4895/4825 1335/4894/4824 1482/4896/4826
f 1356/4895/4825 1482/4896/4826 1346/4897/4827
f 1346/4897/4827 1482/4896/4826 1480/4898/4828
f 1346/4897/4827 1480/4898/4828 1650/4899/4829
f 1650/4899/4829 1480/4898/4828 1477/4900/4830
f 1650/4899/4829 1477/4900/4830 1640/4901/4831
f 1640/4901/4831 1477/4900/4830 1767/4902/4832
f 1640/4901/4831 1767/4902/4832 1641/4903/4833
f 1641/4903/4833 1767/4902/4832 1766/4904/4834
f 1641/4903/4833 1766/4904/4834 590/4905/4835
f 590/4905/4835 1766/4904/4834 593/4906/4836
f 590/4905/4835 593/4906/4836 564/4874/4804
f 564/4874/4804 593/4906/4836 592/4875/4805
f 1814/4907/4837 1578/4908/4838 1815/4909/4839
f 1815/4909/4839 1578/4908/4838 1576/4910/4840
f 1815/4909/4839 1576/4910/4840 1548/4911/4841
f 1548/4911/4841 1576/4910/4840 1574/4912/4842
f 1548/4911/4841 1574/4912/4842 1549/4913/4843
f 1549/4913/4843 1574/4912/4842 1284/4914/4844
f 1549/4913/4843 1284/4914/4844 1552/4915/4845
f 1552/4915/4845 1284/4914/4844 1282/4916/4846
f 1552/4915/4845 1282/4916/4846 1264/4917/4847
f 1264/4917/4847 1282/4916/4846 1280/4918/4848
f 1264/4917/4847 1280/4918/4848 1265/4919/4849
f 1265/4919/4849 1280/4918/4848 1542/4920/4850
f 1265/4919/4849 1542/4920/4850 1268/4870/4800
f 1268/4870/4800 1542/4920/4850 1540/4872/4802
f 1578/4908/4838 1814/4907/4837 616/4921/4851
f 616/4921/4851 1814/4907/4837 595/4922/4852
f 616/4921/4851 595/4922/4852 515/4865/4776
f 515/4865/4776 595/4922/4852 594/4923/4853
f 515/4865/4776 594/4923/4853 1818/4924/4854
f 515/4865/4776 1818/4924/4854 1556/4925/4855
f 1556/4925/4855 1818/4924/4854 1815/4909/4839
f 1556/4925/4855 1815/4909/4839 1548/4911/4841
f 1806/4926/4856 1536/4927/4857 1807/4928/4858
f 1807/4928/4858 1536/4927/4857 1580/4929/4859
f 1807/4928/4858 1580/4929/4859 1590/4930/4860
f 1812/4931/4861 1564/4932/4862 1806/4926/4856
f 1806/4926/4856 1564/4932/4862 1562/4933/4863
f 1806/4926/4856 1562/4933/4863 1537/4873/4803
f 1537/4873/4803 1562/4933/4863 1559/4871/4801
f 1564/4932/4862 1812/4931/4861 1821/4867/4753
f 1821/4867/4753 1812/4931/4861 1810/4934/4864
f 1821/4867/4753 1810/4934/4864 1590/4930/4860
f 1590/4930/4860 1810/4934/4864 1807/4928/4858
f 1798/4935/4865 1593/4936/4866 1799/4937/4867
f 1799/4937/4867 1593/4936/4866 1592/4938/4868
f 1799/4937/4867 1592/4938/4868 1524/4939/4869
f 1524/4939/4869 1592/4938/4868 1602/4940/4870
f 1524/4939/4869 1602/4940/4870 1525/4941/4871
f 1525/4941/4871 1602/4940/4870 1298/4942/4872
f 1525/4941/4871 1298/4942/4872 1528/4943/4873
f 1528/4943/4873 1298/4942/4872 1308/4944/4874
f 1528/4943/4873 1308/4944/4874 1296/4945/4875
f 1296/4945/4875 1308/4944/4874 1306/4946/4876
f 1296/4945/4875 1306/4946/4876 1286/4947/4877
f 1286/4947/4877 1306/4946/4876 1513/4948/4878
f 1286/4947/4877 1513/4948/4878 1287/4949/4879
f 1287/4949/4879 1513/4948/4878 1512/4950/4880
f 1287/4949/4879 1512/4950/4880 1584/4951/4881
f 1584/4951/4881 1512/4950/4880 1522/4952/4882
f 1584/4951/4881 1522/4952/4882 1586/4953/4883
f 1586/4953/4883 1522/4952/4882 1790/4954/4884
f 1586/4953/4883 1790/4954/4884 1588/4955/4885
f 1588/4955/4885 1790/4954/4884 1796/4956/4886
f 1588/4955/4885 1796/4956/4886 1821/4867/4753
f 1821/4867/4753 1796/4956/4886 1794/4957/4887
f 1821/4867/4753 1794/4957/4887 1614/4958/4888
f 1614/4958/4888 1794/4957/4887 1791/4959/4889
f 1614/4958/4888 1791/4959/4889 1604/4960/4890
f 1604/4960/4890 1791/4959/4889 1520/4961/4891
f 1604/4960/4890 1520/4961/4891 1605/4962/4892
f 1605/4962/4892 1520/4961/4891 1518/4963/4893
f 1605/4962/4892 1518/4963/4893 1310/4964/4894
f 1310/4964/4894 1518/4963/4893 1516/4965/4895
f 1310/4964/4894 1516/4965/4895 1311/4966/4896
f 1311/4966/4896 1516/4965/4895 1304/4967/4897
f 1311/4966/4896 1304/4967/4897 1314/4968/4898
f 1314/4968/4898 1304/4967/4897 1302/4969/4899
f 1314/4968/4898 1302/4969/4899 1501/4970/4900
f 1501/4970/4900 1302/4969/4899 1299/4971/4901
f 1501/4970/4900 1299/4971/4901 1504/4972/4902
f 1504/4972/4902 1299/4971/4901 1600/4973/4903
f 1504/4972/4902 1600/4973/4903 1506/4974/4904
f 1506/4974/4904 1600/4973/4903 1598/4975/4905
f 1506/4974/4904 1598/4975/4905 1786/4976/4906
f 1786/4976/4906 1598/4975/4905 1596/4977/4907
f 1786/4976/4906 1596/4977/4907 1788/4978/4908
f 1788/4978/4908 1596/4977/4907 596/4877/4807
f 596/4877/4807 1596/4977/4907 1593/4936/4866
f 596/4877/4807 1593/4936/4866 1798/4935/4865
f 1798/4935/4865 617/4979/4909 596/4877/4807
f 596/4877/4807 617/4979/4909 515/4865/4776
f 617/4979/4909 616/4921/4851 515/4865/4776
f 1578/4908/4838 616/4921/4851 1568/4980/4910
f 1568/4980/4910 616/4921/4851 1804/4981/4911
f 1568/4980/4910 1804/4981/4911 1802/4982/4912
f 1799/4937/4867 1534/4983/4913 1802/4982/4912
f 1802/4982/4912 1534/4983/4913 1569/4984/4914
f 1802/4982/4912 1569/4984/4914 1568/4980/4910
f 1791/4959/4889 1790/4954/4884 1520/4961/4891
f 1520/4961/4891 1790/4954/4884 1522/4952/4882
f 1782/4985/4915 1617/4986/4916 1783/4987/4917
f 1783/4987/4917 1617/4986/4916 1616/4988/4918
f 1783/4987/4917 1616/4988/4918 1508/4989/4919
f 1508/4989/4919 1616/4988/4918 1626/4990/4920
f 1508/4989/4919 1626/4990/4920 1510/4991/4921
f 1510/4991/4921 1626/4990/4920 1326/4992/4922
f 1510/4991/4921 1326/4992/4922 1500/4993/4923
f 1500/4993/4923 1326/4992/4922 1323/4994/4924
f 1500/4993/4923 1323/4994/4924 1316/4995/4925
f 1316/4995/4925 1323/4994/4924 1322/4996/4926
f 1316/4995/4925 1322/4996/4926 1318/4997/4927
f 1318/4997/4927 1322/4996/4926 1492/4998/4928
f 1318/4997/4927 1492/4998/4928 1320/4999/4929
f 1320/4999/4929 1492/4998/4928 1489/5000/4930
f 1320/4999/4929 1489/5000/4930 1608/5001/4931
f 1608/5001/4931 1489/5000/4930 1488/5002/4932
f 1608/5001/4931 1488/5002/4932 1610/5003/4933
f 1610/5003/4933 1488/5002/4932 1774/5004/4934
f 1610/5003/4933 1774/5004/4934 1612/5005/4935
f 1612/5005/4935 1774/5004/4934 1780/5006/4936
f 1612/5005/4935 1780/5006/4936 1821/4867/4753
f 1821/4867/4753 1780/5006/4936 1778/5007/4937
f 1821/4867/4753 1778/5007/4937 1638/4882/4812
f 1638/4882/4812 1778/5007/4937 1775/5008/4938
f 1638/4882/4812 1775/5008/4938 1628/5009/4939
f 1628/5009/4939 1775/5008/4938 1498/5010/4940
f 1628/5009/4939 1498/5010/4940 1629/5011/4941
f 1629/5011/4941 1498/5010/4940 1496/5012/4942
f 1629/5011/4941 1496/5012/4942 1342/5013/4943
f 1342/5013/4943 1496/5012/4942 1494/5014/4944
f 1342/5013/4943 1494/5014/4944 1344/5015/4945
f 1344/5015/4945 1494/5014/4944 1332/5016/4946
f 1344/5015/4945 1332/5016/4946 1334/5017/4947
f 1334/5017/4947 1332/5016/4946 1330/5018/4948
f 1334/5017/4947 1330/5018/4948 1484/5019/4949
f 1484/5019/4949 1330/5018/4948 1328/5020/4950
f 1484/5019/4949 1328/5020/4950 1486/5021/4951
f 1486/5021/4951 1328/5020/4950 1624/5022/4952
f 1486/5021/4951 1624/5022/4952 1476/5023/4953
f 1476/5023/4953 1624/5022/4952 1622/5024/4954
f 1476/5023/4953 1622/5024/4954 1770/5025/4955
f 1770/5025/4955 1622/5024/4954 1620/5026/4956
f 1770/5025/4955 1620/5026/4956 1772/5027/4957
f 1772/5027/4957 1620/5026/4956 592/4875/4805
f 592/4875/4805 1620/5026/4956 1617/4986/4916
f 592/4875/4805 1617/4986/4916 1782/4985/4915
f 1782/4985/4915 597/4876/4806 592/4875/4805
f 1786/4976/4906 1783/4987/4917 1506/4974/4904
f 1506/4974/4904 1783/4987/4917 1508/4989/4919
f 1775/5008/4938 1774/5004/4934 1498/5010/4940
f 1498/5010/4940 1774/5004/4934 1488/5002/4932
f 1770/5025/4955 1767/4902/4832 1476/5023/4953
f 1476/5023/4953 1767/4902/4832 1477/4900/4830
f 1758/4885/4815 1470/5028/4958 1759/5029/4959
f 1759/5029/4959 1470/5028/4958 1652/5030/4960
f 1759/5029/4959 1652/5030/4960 1662/5031/4961
f 1764/4884/4814 1762/5032/4962 1877/4878/4808
f 1877/4878/4808 1762/5032/4962 1662/5031/4961
f 1877/4878/4808 1662/5031/4961 1660/5033/4963
f 1762/5032/4962 1759/5029/4959 1662/5031/4961
f 1746/5034/4964 1347/5035/4965 1747/5036/4966
f 1747/5036/4966 1347/5035/4965 1648/5037/4967
f 1747/5036/4966 1648/5037/4967 1750/5038/4968
f 1750/5038/4968 1648/5037/4967 1646/5039/4969
f 1750/5038/4968 1646/5039/4969 1374/5040/4970
f 1374/5040/4970 1646/5039/4969 1644/5041/4971
f 1374/5040/4970 1644/5041/4971 1376/5042/4972
f 1376/5042/4972 1644/5041/4971 590/4905/4835
f 590/4905/4835 1644/5041/4971 1641/4903/4833
f 1756/5043/4973 1362/5044/4974 1746/5034/4964
f 1746/5034/4964 1362/5044/4974 1350/5045/4975
f 1746/5034/4964 1350/5045/4975 1347/5035/4965
f 1754/5046/4976 1454/5047/4977 1756/5043/4973
f 1756/5043/4973 1454/5047/4977 1452/5048/4978
f 1756/5043/4973 1452/5048/4978 1364/5049/4979
f 1364/5049/4979 1452/5048/4978 1450/5050/4980
f 1364/5049/4979 1450/5050/4980 1366/5051/4981
f 1366/5051/4981 1450/5050/4980 1734/5052/4982
f 1366/5051/4981 1734/5052/4982 1368/5053/4983
f 1368/5053/4983 1734/5052/4982 1744/5054/4984
f 1368/5053/4983 1744/5054/4984 1656/5055/4985
f 1656/5055/4985 1744/5054/4984 1742/5056/4986
f 1656/5055/4985 1742/5056/4986 1658/5057/4987
f 1658/5057/4987 1742/5056/4986 1456/5058/4988
f 1658/5057/4987 1456/5058/4988 1660/5033/4963
f 1660/5033/4963 1456/5058/4988 1462/5059/4989
f 1660/5033/4963 1462/5059/4989 1877/4878/4808
f 1877/4878/4808 1462/5059/4989 1460/5060/4990
f 1877/4878/4808 1460/5060/4990 1724/5061/4991
f 1724/5061/4991 1460/5060/4990 1457/5062/4992
f 1724/5061/4991 1457/5062/4992 1714/5063/4993
f 1714/5063/4993 1457/5062/4992 1740/5064/4994
f 1714/5063/4993 1740/5064/4994 1715/5065/4995
f 1715/5065/4995 1740/5064/4994 1738/5066/4996
f 1715/5065/4995 1738/5066/4996 1677/5067/4997
f 1677/5067/4997 1738/5066/4996 1735/5068/4998
f 1677/5067/4997 1735/5068/4998 1680/5069/4999
f 1680/5069/4999 1735/5068/4998 1448/5070/5000
f 1680/5069/4999 1448/5070/5000 1682/5071/5001
f 1682/5071/5001 1448/5070/5000 1445/5072/5002
f 1682/5071/5001 1445/5072/5002 1440/5073/5003
f 1440/5073/5003 1445/5072/5002 1444/5074/5004
f 1440/5073/5003 1444/5074/5004 1442/5075/5005
f 1442/5075/5005 1444/5074/5004 1665/5076/5006
f 1442/5075/5005 1665/5076/5006 1432/5077/5007
f 1432/5077/5007 1665/5076/5006 1664/5078/5008
f 1432/5077/5007 1664/5078/5008 1730/5079/5009
f 1730/5079/5009 1664/5078/5008 1674/5080/5010
f 1730/5079/5009 1674/5080/5010 1732/5081/5011
f 1732/5081/5011 1674/5080/5010 588/5082/5012
f 588/5082/5012 1674/5080/5010 1672/5083/5013
f 588/5082/5012 1672/5083/5013 1370/5084/5014
f 1370/5084/5014 1672/5083/5013 1371/5085/5015
f 1371/5085/5015 1672/5083/5013 1670/5086/5016
f 1371/5085/5015 1670/5086/5016 1752/5087/5017
f 1752/5087/5017 1670/5086/5016 1668/5088/5018
f 1752/5087/5017 1668/5088/5018 1754/5046/4976
f 1754/5046/4976 1668/5088/5018 1454/5047/4977
f 1752/5087/5017 1750/5038/4968 1371/5085/5015
f 1371/5085/5015 1750/5038/4968 1374/5040/4970
f 1735/5068/4998 1734/5052/4982 1448/5070/5000
f 1448/5070/5000 1734/5052/4982 1450/5050/4980
f 1742/5056/4986 1740/5064/4994 1456/5058/4988
f 1456/5058/4988 1740/5064/4994 1457/5062/4992
f 1726/5089/5019 1403/5090/5020 1727/5091/5021
f 1727/5091/5021 1403/5090/5020 1402/5092/5022
f 1727/5091/5021 1402/5092/5022 1433/5093/5023
f 1433/5093/5023 1402/5092/5022 1412/5094/5024
f 1433/5093/5023 1412/5094/5024 1436/5095/5025
f 1436/5095/5025 1412/5094/5024 1379/5096/5026
f 1436/5095/5025 1379/5096/5026 1438/5097/5027
f 1438/5097/5027 1379/5096/5026 1378/5098/5028
f 1438/5097/5027 1378/5098/5028 1684/5099/5029
f 1684/5099/5029 1378/5098/5028 1388/5100/5030
f 1684/5099/5029 1388/5100/5030 1686/5101/5031
f 1686/5101/5031 1388/5100/5030 1390/5102/5032
f 1686/5101/5031 1390/5102/5032 1676/5103/5033
f 1676/5103/5033 1390/5102/5032 1400/5104/5034
f 1676/5103/5033 1400/5104/5034 1718/5105/5035
f 1718/5105/5035 1400/5104/5034 1398/5106/5036
f 1718/5105/5035 1398/5106/5036 1720/5107/5037
f 1720/5107/5037 1398/5106/5036 1424/5108/5038
f 1720/5107/5037 1424/5108/5038 1722/5109/5039
f 1722/5109/5039 1424/5108/5038 1430/5110/5040
f 1722/5109/5039 1430/5110/5040 1877/4878/4808
f 1877/4878/4808 1430/5110/5040 1428/5111/5041
f 1877/4878/4808 1428/5111/5041 1696/5112/5042
f 1696/5112/5042 1428/5111/5041 1425/5113/5043
f 1696/5112/5042 1425/5113/5043 1688/5114/5044
f 1688/5114/5044 1425/5113/5043 1396/5115/5045
f 1688/5114/5044 1396/5115/5045 1689/5116/5046
f 1689/5116/5046 1396/5115/5045 1394/5117/5047
f 1689/5116/5046 1394/5117/5047 1704/5118/5048
f 1704/5118/5048 1394/5117/5047 1391/5119/5049
f 1704/5118/5048 1391/5119/5049 1705/5120/5050
f 1705/5120/5050 1391/5119/5049 1386/5121/5051
f 1705/5120/5050 1386/5121/5051 1708/5122/5052
f 1708/5122/5052 1386/5121/5051 1384/5123/5053
f 1708/5122/5052 1384/5123/5053 1414/5124/5054
f 1414/5124/5054 1384/5123/5053 1382/5125/5055
f 1414/5124/5054 1382/5125/5055 1415/5126/5056
f 1415/5126/5056 1382/5125/5055 1410/5127/5057
f 1415/5126/5056 1410/5127/5057 1418/5128/5058
f 1418/5128/5058 1410/5127/5057 1408/5129/5059
f 1418/5128/5058 1408/5129/5059 1698/5130/5060
f 1698/5130/5060 1408/5129/5059 1406/5131/5061
f 1698/5130/5060 1406/5131/5061 1699/5132/5062
f 1699/5132/5062 1406/5131/5061 586/5133/5063
f 586/5133/5063 1406/5131/5061 1403/5090/5020
f 586/5133/5063 1403/5090/5020 1726/5089/5019
f 1726/5089/5019 589/5134/5064 586/5133/5063
f 586/5133/5063 589/5134/5064 564/4874/4804
f 586/5133/5063 564/4874/4804 587/5135/5065
f 587/5135/5065 564/4874/4804 1702/5136/5066
f 1702/5136/5066 564/4874/4804 1420/4881/4811
f 1702/5136/5066 1420/4881/4811 1418/5128/5058
f 589/5134/5064 588/5082/5012 564/4874/4804
f 564/4874/4804 588/5082/5012 591/5137/5067
f 564/4874/4804 591/5137/5067 590/4905/4835
f 1730/5079/5009 1727/5091/5021 1432/5077/5007
f 1432/5077/5007 1727/5091/5021 1433/5093/5023
f 1724/5061/4991 1722/5109/5039 1877/4878/4808
f 1718/5105/5035 1715/5065/4995 1676/5103/5033
f 1676/5103/5033 1715/5065/4995 1677/5067/4997
f 1704/5118/5048 1712/5138/5068 1689/5116/5046
f 1689/5116/5046 1712/5138/5068 1692/5139/5069
f 1692/5139/5069 1712/5138/5068 1877/4878/4808
f 1692/5139/5069 1877/4878/4808 1694/5140/5070
f 1694/5140/5070 1877/4878/4808 1696/5112/5042
f 1712/5138/5068 1710/4879/4809 1877/4878/4808
f 1710/4879/4809 1708/5122/5052 1422/4880/4810
f 1422/4880/4810 1708/5122/5052 1414/5124/5054
f 1698/5130/5060 1702/5136/5066 1418/5128/5058
f 1684/5099/5029 1682/5071/5001 1438/5097/5027
f 1438/5097/5027 1682/5071/5001 1440/5073/5003
f 1668/5088/5018 1665/5076/5006 1454/5047/4977
f 1454/5047/4977 1665/5076/5006 1444/5074/5004
f 1652/5030/4960 1470/5028/4958 1653/5141/5071
f 1653/5141/5071 1470/5028/4958 1468/5142/5072
f 1653/5141/5071 1468/5142/5072 1358/5143/5073
f 1358/5143/5073 1468/5142/5072 1465/5144/5074
f 1358/5143/5073 1465/5144/5074 1359/5145/5075
f 1359/5145/5075 1465/5144/5074 1352/5146/5076
f 1359/5145/5075 1352/5146/5076 1362/5044/4974
f 1362/5044/4974 1352/5146/5076 1350/5045/4975
f 1656/5055/4985 1653/5141/5071 1368/5053/4983
f 1368/5053/4983 1653/5141/5071 1358/5143/5073
f 1650/4899/4829 1648/5037/4967 1346/4897/4827
f 1346/4897/4827 1648/5037/4967 1347/5035/4965
f 1632/4888/4818 1629/5011/4941 1340/4890/4820
f 1340/4890/4820 1629/5011/4941 1342/5013/4943
f 1626/4990/4920 1624/5022/4952 1326/4992/4922
f 1326/4992/4922 1624/5022/4952 1328/5020/4950
f 1614/4958/4888 1612/5005/4935 1821/4867/4753
f 1608/5001/4931 1605/4962/4892 1320/4999/4929
f 1320/4999/4929 1605/4962/4892 1310/4964/4894
f 1602/4940/4870 1600/4973/4903 1298/4942/4872
f 1298/4942/4872 1600/4973/4903 1299/4971/4901
f 1580/4929/4859 1536/4927/4857 1581/5147/5077
f 1581/5147/5077 1536/4927/4857 1546/5148/5078
f 1581/5147/5077 1546/5148/5078 1290/5149/5079
f 1290/5149/5079 1546/5148/5078 1544/5150/5080
f 1290/5149/5079 1544/5150/5080 1292/5151/5081
f 1292/5151/5081 1544/5150/5080 1278/5152/5082
f 1292/5151/5081 1278/5152/5082 1294/5153/5083
f 1294/5153/5083 1278/5152/5082 1275/5154/5084
f 1294/5153/5083 1275/5154/5084 1530/5155/5085
f 1530/5155/5085 1275/5154/5084 1274/5156/5086
f 1530/5155/5085 1274/5156/5086 1532/5157/5087
f 1532/5157/5087 1274/5156/5086 1572/5158/5088
f 1532/5157/5087 1572/5158/5088 1534/4983/4913
f 1534/4983/4913 1572/5158/5088 1569/4984/4914
f 1590/4930/4860 1588/4955/4885 1821/4867/4753
f 1584/4951/4881 1581/5147/5077 1287/4949/4879
f 1287/4949/4879 1581/5147/5077 1290/5149/5079
f 1574/4912/4842 1572/5158/5088 1284/4914/4844
f 1284/4914/4844 1572/5158/5088 1274/5156/5086
f 1558/4869/4799 1566/5159/5089 1821/4867/4753
f 1821/4867/4753 1566/5159/5089 1564/4932/4862
f 1556/4925/4855 1554/5160/5090 515/4865/4776
f 515/4865/4776 1554/5160/5090 1272/4866/4797
f 1554/5160/5090 1552/4915/4845 1272/4866/4797
f 1272/4866/4797 1552/4915/4845 1264/4917/4847
f 1537/4873/4803 1536/4927/4857 1806/4926/4856
f 1544/5150/5080 1542/4920/4850 1278/5152/5082
f 1278/5152/5082 1542/4920/4850 1280/4918/4848
f 1524/4939/4869 1534/4983/4913 1799/4937/4867
f 1530/5155/5085 1528/4943/4873 1294/5153/5083
f 1294/5153/5083 1528/4943/4873 1296/4945/4875
f 1516/4965/4895 1513/4948/4878 1304/4967/4897
f 1304/4967/4897 1513/4948/4878 1306/4946/4876
f 1501/4970/4900 1500/4993/4923 1314/4968/4898
f 1314/4968/4898 1500/4993/4923 1316/4995/4925
f 1494/5014/4944 1492/4998/4928 1332/5016/4946
f 1332/5016/4946 1492/4998/4928 1322/4996/4926
f 1484/5019/4949 1482/4896/4826 1334/5017/4947
f 1334/5017/4947 1482/4896/4826 1335/4894/4824
f 1465/5144/5074 1464/4891/4821 1352/5146/5076
f 1352/5146/5076 1464/4891/4821 1354/4893/4823
f 1472/4887/4817 1470/5028/4958 1758/4885/4815
f 1425/5113/5043 1424/5108/5038 1396/5115/5045
f 1396/5115/5045 1424/5108/5038 1398/5106/5036
f 1412/5094/5024 1410/5127/5057 1379/5096/5026
f 1379/5096/5026 1410/5127/5057 1382/5125/5055
f 1391/5119/5049 1390/5102/5032 1386/5121/5051
f 1386/5121/5051 1390/5102/5032 1388/5100/5030
f 1370/5084/5014 591/5137/5067 588/5082/5012
f 1364/5049/4979 1362/5044/4974 1756/5043/4973
f 537/5161/5091 1889/5162/5092 538/5163/1236
f 538/5163/1236 1889/5162/5092 1890/5164/5093
f 538/5163/1236 1890/5164/5093 1891/5165/5094
f 1891/5165/5094 1890/5164/5093 1895/5166/5095
f 1891/5165/5094 1895/5166/5095 1896/5167/5096
f 1896/5167/5096 1895/5166/5095 1900/5168/5097
f 1896/5167/5096 1900/5168/5097 1886/5169/5098
f 1886/5169/5098 1900/5168/5097 1885/5170/5099
f 1885/5170/5099 1900/5168/5097 1904/5171/5100
f 1885/5170/5099 1904/5171/5100 1884/5172/5101
f 1884/5172/5101 1904/5171/5100 1908/5173/5102
f 1884/5172/5101 1908/5173/5102 1883/5174/5103
f 1883/5174/5103 1908/5173/5102 1912/5175/5104
f 1883/5174/5103 1912/5175/5104 1882/5176/5105
f 1882/5176/5105 1912/5175/5104 1916/5177/5106
f 1882/5176/5105 1916/5177/5106 1881/5178/5107
f 1881/5178/5107 1916/5177/5106 1920/5179/5108
f 1881/5178/5107 1920/5179/5108 1880/5180/5109
f 1880/5180/5109 1920/5179/5108 1924/5181/5110
f 1880/5180/5109 1924/5181/5110 1879/5182/5111
f 1879/5182/5111 1924/5181/5110 1928/5183/5112
f 1879/5182/5111 1928/5183/5112 1878/5184/5113
f 1878/5184/5113 1928/5183/5112 1932/5185/5114
f 1878/5184/5113 1932/5185/5114 92/5186/124
f 92/5186/124 1932/5185/5114 1931/5187/5115
f 92/5186/124 1931/5187/5115 1930/5188/5116
f 1930/5188/5116 1931/5187/5115 1926/5189/5117
f 1930/5188/5116 1926/5189/5117 1925/5190/5118
f 1925/5190/5118 1926/5189/5117 1921/5191/5119
f 1925/5190/5118 1921/5191/5119 529/5192/5120
f 529/5192/5120 1921/5191/5119 530/5193/5121
f 530/5193/5121 1921/5191/5119 1917/5194/5122
f 530/5193/5121 1917/5194/5122 531/5195/5123
f 531/5195/5123 1917/5194/5122 1913/5196/5124
f 531/5195/5123 1913/5196/5124 532/5197/5125
f 532/5197/5125 1913/5196/5124 1909/5198/5126
f 532/5197/5125 1909/5198/5126 533/5199/5127
f 533/5199/5127 1909/5198/5126 1905/5200/5128
f 533/5199/5127 1905/5200/5128 534/5201/5129
f 534/5201/5129 1905/5200/5128 1901/5202/5130
f 534/5201/5129 1901/5202/5130 535/5203/5131
f 535/5203/5131 1901/5202/5130 1897/5204/5132
f 535/5203/5131 1897/5204/5132 536/5205/5133
f 536/5205/5133 1897/5204/5132 1893/5206/5134
f 536/5205/5133 1893/5206/5134 537/5161/5091
f 537/5161/5091 1893/5206/5134 1889/5162/5092
f 529/5192/5120 528/5207/5135 1925/5190/5118
f 1925/5190/5118 528/5207/5135 1929/5208/5136
f 1925/5190/5118 1929/5208/5136 1930/5188/5116
f 1930/5188/5116 1929/5208/5136 93/5209/101
f 1930/5188/5116 93/5209/101 92/5186/124
f 528/5207/5135 527/5210/5137 1929/5208/5136
f 1929/5208/5136 527/5210/5137 93/5209/101
f 1886/5169/5098 1887/5211/5138 1896/5167/5096
f 1896/5167/5096 1887/5211/5138 1892/5212/5139
f 1896/5167/5096 1892/5212/5139 1891/5165/5094
f 1891/5165/5094 1892/5212/5139 977/5213/1204
f 1891/5165/5094 977/5213/1204 538/5163/1236
f 1887/5211/5138 1888/5214/5140 1892/5212/5139
f 1892/5212/5139 1888/5214/5140 977/5213/1204
f 1890/5164/5093 1889/5162/5092 1894/5215/5141
f 1894/5215/5141 1889/5162/5092 1893/5206/5134
f 1894/5215/5141 1893/5206/5134 1898/5216/5142
f 1898/5216/5142 1893/5206/5134 1897/5204/5132
f 1898/5216/5142 1897/5204/5132 1902/5217/5143
f 1902/5217/5143 1897/5204/5132 1901/5202/5130
f 1902/5217/5143 1901/5202/5130 1906/5218/5144
f 1906/5218/5144 1901/5202/5130 1905/5200/5128
f 1906/5218/5144 1905/5200/5128 1910/5219/5145
f 1910/5219/5145 1905/5200/5128 1909/5198/5126
f 1910/5219/5145 1909/5198/5126 1914/5220/5146
f 1914/5220/5146 1909/5198/5126 1913/5196/5124
f 1914/5220/5146 1913/5196/5124 1918/5221/5147
f 1918/5221/5147 1913/5196/5124 1917/5194/5122
f 1918/5221/5147 1917/5194/5122 1922/5222/5148
f 1922/5222/5148 1917/5194/5122 1921/5191/5119
f 1922/5222/5148 1921/5191/5119 1926/5189/5117
f 1890/5164/5093 1894/5215/5141 1895/5166/5095
f 1895/5166/5095 1894/5215/5141 1899/5223/5149
f 1895/5166/5095 1899/5223/5149 1900/5168/5097
f 1900/5168/5097 1899/5223/5149 1904/5171/5100
f 1899/5223/5149 1894/5215/5141 1898/5216/5142
f 1899/5223/5149 1898/5216/5142 1903/5224/5150
f 1903/5224/5150 1898/5216/5142 1902/5217/5143
f 1903/5224/5150 1902/5217/5143 1907/5225/5151
f 1907/5225/5151 1902/5217/5143 1906/5218/5144
f 1907/5225/5151 1906/5218/5144 1911/5226/5152
f 1911/5226/5152 1906/5218/5144 1910/5219/5145
f 1911/5226/5152 1910/5219/5145 1915/5227/5153
f 1915/5227/5153 1910/5219/5145 1914/5220/5146
f 1915/5227/5153 1914/5220/5146 1919/5228/5154
f 1919/5228/5154 1914/5220/5146 1918/5221/5147
f 1919/5228/5154 1918/5221/5147 1923/5229/5155
f 1923/5229/5155 1918/5221/5147 1922/5222/5148
f 1923/5229/5155 1922/5222/5148 1927/5230/5156
f 1927/5230/5156 1922/5222/5148 1926/5189/5117
f 1927/5230/5156 1926/5189/5117 1931/5187/5115
f 1908/5173/5102 1904/5171/5100 1903/5224/5150
f 1903/5224/5150 1904/5171/5100 1899/5223/5149
f 1908/5173/5102 1903/5224/5150 1907/5225/5151
f 1912/5175/5104 1908/5173/5102 1907/5225/5151
f 1912/5175/5104 1907/5225/5151 1911/5226/5152
f 1916/5177/5106 1912/5175/5104 1911/5226/5152
f 1916/5177/5106 1911/5226/5152 1915/5227/5153
f 1920/5179/5108 1916/5177/5106 1915/5227/5153
f 1920/5179/5108 1915/5227/5153 1919/5228/5154
f 1924/5181/5110 1920/5179/5108 1919/5228/5154
f 1924/5181/5110 1919/5228/5154 1923/5229/5155
f 1928/5183/5112 1924/5181/5110 1923/5229/5155
f 1928/5183/5112 1923/5229/5155 1927/5230/5156
f 1932/5185/5114 1928/5183/5112 1927/5230/5156
f 1932/5185/5114 1927/5230/5156 1931/5187/5115
f 1933/5231/5157 1944/5232/5158 978/5233/1273
f 978/5233/1273 1944/5232/5158 1945/5234/5159
f 978/5233/1273 1945/5234/5159 1946/5235/5160
f 1946/5235/5160 1945/5234/5159 1950/5236/5161
f 1946/5235/5160 1950/5236/5161 1951/5237/5162
f 1951/5237/5162 1950/5236/5161 1955/5238/5163
f 1951/5237/5162 1955/5238/5163 542/5239/5164
f 542/5239/5164 1955/5238/5163 543/5240/5165
f 543/5240/5165 1955/5238/5163 1959/5241/5166
f 543/5240/5165 1959/5241/5166 544/5242/5167
f 544/5242/5167 1959/5241/5166 1963/5243/5168
f 544/5242/5167 1963/5243/5168 545/5244/5169
f 545/5244/5169 1963/5243/5168 1967/5245/5170
f 545/5244/5169 1967/5245/5170 546/5246/5171
f 546/5246/5171 1967/5245/5170 1971/5247/5172
f 546/5246/5171 1971/5247/5172 547/5248/5173
f 547/5248/5173 1971/5247/5172 1975/5249/5174
f 547/5248/5173 1975/5249/5174 548/5250/5175
f 548/5250/5175 1975/5249/5174 1979/5251/5176
f 548/5250/5175 1979/5251/5176 549/5252/5177
f 549/5252/5177 1979/5251/5176 1983/5253/5178
f 549/5252/5177 1983/5253/5178 550/5254/5179
f 550/5254/5179 1983/5253/5178 1987/5255/5180
f 550/5254/5179 1987/5255/5180 551/5256/781
f 551/5256/781 1987/5255/5180 1986/5257/5181
f 551/5256/781 1986/5257/5181 1985/5258/5182
f 1985/5258/5182 1986/5257/5181 1981/5259/5183
f 1985/5258/5182 1981/5259/5183 1980/5260/5184
f 1980/5260/5184 1981/5259/5183 1976/5261/5185
f 1980/5260/5184 1976/5261/5185 1941/5262/5186
f 1941/5262/5186 1976/5261/5185 1940/5263/5187
f 1940/5263/5187 1976/5261/5185 1972/5264/5188
f 1940/5263/5187 1972/5264/5188 1939/5265/5189
f 1939/5265/5189 1972/5264/5188 1968/5266/5190
f 1939/5265/5189 1968/5266/5190 1938/5267/5191
f 1938/5267/5191 1968/5266/5190 1964/5268/5192
f 1938/5267/5191 1964/5268/5192 1937/5269/5193
f 1937/5269/5193 1964/5268/5192 1960/5270/5194
f 1937/5269/5193 1960/5270/5194 1936/5271/5195
f 1936/5271/5195 1960/5270/5194 1956/5272/5196
f 1936/5271/5195 1956/5272/5196 1935/5273/5197
f 1935/5273/5197 1956/5272/5196 1952/5274/5198
f 1935/5273/5197 1952/5274/5198 1934/5275/5199
f 1934/5275/5199 1952/5274/5198 1948/5276/5200
f 1934/5275/5199 1948/5276/5200 1933/5231/5157
f 1933/5231/5157 1948/5276/5200 1944/5232/5158
f 1941/5262/5186 1942/5277/5201 1980/5260/5184
f 1980/5260/5184 1942/5277/5201 1984/5278/5202
f 1980/5260/5184 1984/5278/5202 1985/5258/5182
f 1985/5258/5182 1984/5278/5202 583/5279/783
f 1985/5258/5182 583/5279/783 551/5256/781
f 1942/5277/5201 1943/5280/5203 1984/5278/5202
f 1984/5278/5202 1943/5280/5203 583/5279/783
f 542/5239/5164 541/5281/5204 1951/5237/5162
f 1951/5237/5162 541/5281/5204 1947/5282/5205
f 1951/5237/5162 1947/5282/5205 1946/5235/5160
f 1946/5235/5160 1947/5282/5205 539/5283/1328
f 1946/5235/5160 539/5283/1328 978/5233/1273
f 541/5281/5204 540/5284/5206 1947/5282/5205
f 1947/5282/5205 540/5284/5206 539/5283/1328
f 1945/5234/5159 1944/5232/5158 1949/5285/5207
f 1949/5285/5207 1944/5232/5158 1948/5276/5200
f 1949/5285/5207 1948/5276/5200 1953/5286/5208
f 1953/5286/5208 1948/5276/5200 1952/5274/5198
f 1953/5286/5208 1952/5274/5198 1957/5287/5209
f 1957/5287/5209 1952/5274/5198 1956/5272/5196
f 1957/5287/5209 1956/5272/5196 1961/5288/5210
f 1961/5288/5210 1956/5272/5196 1960/5270/5194
f 1961/5288/5210 1960/5270/5194 1965/5289/5211
f 1965/5289/5211 1960/5270/5194 1964/5268/5192
f 1965/5289/5211 1964/5268/5192 1969/5290/5212
f 1969/5290/5212 1964/5268/5192 1968/5266/5190
f 1969/5290/5212 1968/5266/5190 1973/5291/5213
f 1973/5291/5213 1968/5266/5190 1972/5264/5188
f 1973/5291/5213 1972/5264/5188 1977/5292/5214
f 1977/5292/5214 1972/5264/5188 1976/5261/5185
f 1977/5292/5214 1976/5261/5185 1981/5259/5183
f 1945/5234/5159 1949/5285/5207 1950/5236/5161
f 1950/5236/5161 1949/5285/5207 1954/5293/5215
f 1950/5236/5161 1954/5293/5215 1955/5238/5163
f 1955/5238/5163 1954/5293/5215 1959/5241/5166
f 1954/5293/5215 1949/5285/5207 1953/5286/5208
f 1954/5293/5215 1953/5286/5208 1958/5294/5216
f 1958/5294/5216 1953/5286/5208 1957/5287/5209
f 1958/5294/5216 1957/5287/5209 1962/5295/5217
f 1962/5295/5217 1957/5287/5209 1961/5288/5210
f 1962/5295/5217 1961/5288/5210 1966/5296/5218
f 1966/5296/5218 1961/5288/5210 1965/5289/5211
f 1966/5296/5218 1965/5289/5211 1970/5297/5219
f 1970/5297/5219 1965/5289/5211 1969/5290/5212
f 1970/5297/5219 1969/5290/5212 1974/5298/5220
f 1974/5298/5220 1969/5290/5212 1973/5291/5213
f 1974/5298/5220 1973/5291/5213 1978/5299/5221
f 1978/5299/5221 1973/5291/5213 1977/5292/5214
f 1978/5299/5221 1977/5292/5214 1982/5300/5222
f 1982/5300/5222 1977/5292/5214 1981/5259/5183
f 1982/5300/5222 1981/5259/5183 1986/5257/5181
f 1963/5243/5168 1959/5241/5166 1958/5294/5216
f 1958/5294/5216 1959/5241/5166 1954/5293/5215
f 1963/5243/5168 1958/5294/5216 1962/5295/5217
f 1967/5245/5170 1963/5243/5168 1962/5295/5217
f 1967/5245/5170 1962/5295/5217 1966/5296/5218
f 1971/5247/5172 1967/5245/5170 1966/5296/5218
f 1971/5247/5172 1966/5296/5218 1970/5297/5219
f 1975/5249/5174 1971/5247/5172 1970/5297/5219
f 1975/5249/5174 1970/5297/5219 1974/5298/5220
f 1979/5251/5176 1975/5249/5174 1974/5298/5220
f 1979/5251/5176 1974/5298/5220 1978/5299/5221
f 1983/5253/5178 1979/5251/5176 1978/5299/5221
f 1983/5253/5178 1978/5299/5221 1982/5300/5222
f 1987/5255/5180 1983/5253/5178 1982/5300/5222
f 1987/5255/5180 1982/5300/5222 1986/5257/5181
f 563/5301/5223 1999/5302/5224 564/5303/4804
f 564/5303/4804 1999/5302/5224 2000/5304/5225
f 564/5303/4804 2000/5304/5225 2001/5305/5226
f 2001/5305/5226 2000/5304/5225 2005/5306/5227
f 2001/5305/5226 2005/5306/5227 2006/5307/5228
f 2006/5307/5228 2005/5306/5227 2010/5308/5229
f 2006/5307/5228 2010/5308/5229 1996/5309/5230
f 1996/5309/5230 2010/5308/5229 1995/5310/5231
f 1995/5310/5231 2010/5308/5229 2014/5311/5232
f 1995/5310/5231 2014/5311/5232 1994/5312/5233
f 1994/5312/5233 2014/5311/5232 2018/5313/5234
f 1994/5312/5233 2018/5313/5234 1993/5314/5235
f 1993/5314/5235 2018/5313/5234 2022/5315/5236
f 1993/5314/5235 2022/5315/5236 1992/5316/5237
f 1992/5316/5237 2022/5315/5236 2026/5317/5238
f 1992/5316/5237 2026/5317/5238 1991/5318/5239
f 1991/5318/5239 2026/5317/5238 2030/5319/5240
f 1991/5318/5239 2030/5319/5240 1990/5320/5241
f 1990/5320/5241 2030/5319/5240 2034/5321/5242
f 1990/5320/5241 2034/5321/5242 1989/5322/5243
f 1989/5322/5243 2034/5321/5242 2038/5323/5244
f 1989/5322/5243 2038/5323/5244 1988/5324/5245
f 1988/5324/5245 2038/5323/5244 2042/5325/5246
f 1988/5324/5245 2042/5325/5246 584/5326/793
f 584/5326/793 2042/5325/5246 2041/5327/5247
f 584/5326/793 2041/5327/5247 2040/5328/5248
f 2040/5328/5248 2041/5327/5247 2036/5329/5249
f 2040/5328/5248 2036/5329/5249 2035/5330/5250
f 2035/5330/5250 2036/5329/5249 2031/5331/5251
f 2035/5330/5250 2031/5331/5251 555/5332/5252
f 555/5332/5252 2031/5331/5251 556/5333/5253
f 556/5333/5253 2031/5331/5251 2027/5334/5254
f 556/5333/5253 2027/5334/5254 557/5335/5255
f 557/5335/5255 2027/5334/5254 2023/5336/5256
f 557/5335/5255 2023/5336/5256 558/5337/5257
f 558/5337/5257 2023/5336/5256 2019/5338/5258
f 558/5337/5257 2019/5338/5258 559/5339/5259
f 559/5339/5259 2019/5338/5258 2015/5340/5260
f 559/5339/5259 2015/5340/5260 560/5341/5261
f 560/5341/5261 2015/5340/5260 2011/5342/5262
f 560/5341/5261 2011/5342/5262 561/5343/5263
f 561/5343/5263 2011/5342/5262 2007/5344/5264
f 561/5343/5263 2007/5344/5264 562/5345/5265
f 562/5345/5265 2007/5344/5264 2003/5346/5266
f 562/5345/5265 2003/5346/5266 563/5301/5223
f 563/5301/5223 2003/5346/5266 1999/5302/5224
f 555/5332/5252 554/5347/5267 2035/5330/5250
f 2035/5330/5250 554/5347/5267 2039/5348/5268
f 2035/5330/5250 2039/5348/5268 2040/5328/5248
f 2040/5328/5248 2039/5348/5268 552/5349/788
f 2040/5328/5248 552/5349/788 584/5326/793
f 554/5347/5267 553/5350/5269 2039/5348/5268
f 2039/5348/5268 553/5350/5269 552/5349/788
f 1996/5309/5230 1997/5351/5270 2006/5307/5228
f 2006/5307/5228 1997/5351/5270 2002/5352/5271
f 2006/5307/5228 2002/5352/5271 2001/5305/5226
f 2001/5305/5226 2002/5352/5271 1877/5353/4808
f 2001/5305/5226 1877/5353/4808 564/5303/4804
f 1997/5351/5270 1998/5354/5272 2002/5352/5271
f 2002/5352/5271 1998/5354/5272 1877/5353/4808
f 2000/5304/5225 1999/5302/5224 2004/5355/5273
f 2004/5355/5273 1999/5302/5224 2003/5346/5266
f 2004/5355/5273 2003/5346/5266 2008/5356/5274
f 2008/5356/5274 2003/5346/5266 2007/5344/5264
f 2008/5356/5274 2007/5344/5264 2012/5357/5275
f 2012/5357/5275 2007/5344/5264 2011/5342/5262
f 2012/5357/5275 2011/5342/5262 2016/5358/5276
f 2016/5358/5276 2011/5342/5262 2015/5340/5260
f 2016/5358/5276 2015/5340/5260 2020/5359/5277
f 2020/5359/5277 2015/5340/5260 2019/5338/5258
f 2020/5359/5277 2019/5338/5258 2024/5360/5278
f 2024/5360/5278 2019/5338/5258 2023/5336/5256
f 2024/5360/5278 2023/5336/5256 2028/5361/5279
f 2028/5361/5279 2023/5336/5256 2027/5334/5254
f 2028/5361/5279 2027/5334/5254 2032/5362/5280
f 2032/5362/5280 2027/5334/5254 2031/5331/5251
f 2032/5362/5280 2031/5331/5251 2036/5329/5249
f 2000/5304/5225 2004/5355/5273 2005/5306/5227
f 2005/5306/5227 2004/5355/5273 2009/5363/5281
f 2005/5306/5227 2009/5363/5281 2010/5308/5229
f 2010/5308/5229 2009/5363/5281 2014/5311/5232
f 2009/5363/5281 2004/5355/5273 2008/5356/5274
f 2009/5363/5281 2008/5356/5274 2013/5364/5282
f 2013/5364/5282 2008/5356/5274 2012/5357/5275
f 2013/5364/5282 2012/5357/5275 2017/5365/5283
f 2017/5365/5283 2012/5357/5275 2016/5358/5276
f 2017/5365/5283 2016/5358/5276 2021/5366/5284
f 2021/5366/5284 2016/5358/5276 2020/5359/5277
f 2021/5366/5284 2020/5359/5277 2025/5367/5285
f 2025/5367/5285 2020/5359/5277 2024/5360/5278
f 2025/5367/5285 2024/5360/5278 2029/5368/5286
f 2029/5368/5286 2024/5360/5278 2028/5361/5279
f 2029/5368/5286 2028/5361/5279 2033/5369/5287
f 2033/5369/5287 2028/5361/5279 2032/5362/5280
f 2033/5369/5287 2032/5362/5280 2037/5370/5288
f 2037/5370/5288 2032/5362/5280 2036/5329/5249
f 2037/5370/5288 2036/5329/5249 2041/5327/5247
f 2018/5313/5234 2014/5311/5232 2013/5364/5282
f 2013/5364/5282 2014/5311/5232 2009/5363/5281
f 2018/5313/5234 2013/5364/5282 2017/5365/5283
f 2022/5315/5236 2018/5313/5234 2017/5365/5283
f 2022/5315/5236 2017/5365/5283 2021/5366/5284
f 2026/5317/5238 2022/5315/5236 2021/5366/5284
f 2026/5317/5238 2021/5366/5284 2025/5367/5285
f 2030/5319/5240 2026/5317/5238 2025/5367/5285
f 2030/5319/5240 2025/5367/5285 2029/5368/5286
f 2034/5321/5242 2030/5319/5240 2029/5368/5286
f 2034/5321/5242 2029/5368/5286 2033/5369/5287
f 2038/5323/5244 2034/5321/5242 2033/5369/5287
f 2038/5323/5244 2033/5369/5287 2037/5370/5288
f 2042/5325/5246 2038/5323/5244 2037/5370/5288
f 2042/5325/5246 2037/5370/5288 2041/5327/5247
f 1832/5371/5289 329/5372/5290 91/5373/5291
f 91/5373/5291 329/5372/5290 328/5374/5292
f 91/5373/5291 328/5374/5292 92/5375/5293
f 92/5375/5293 328/5374/5292 1878/5376/5294
f 1878/5376/5294 328/5374/5292 1879/5377/5295
f 1879/5377/5295 328/5374/5292 1880/5378/5296
f 1880/5378/5296 328/5374/5292 1881/5379/5297
f 1881/5379/5297 328/5374/5292 1882/5380/5298
f 1882/5380/5298 328/5374/5292 1883/5381/5299
f 1883/5381/5299 328/5374/5292 1884/5382/5300
f 1884/5382/5300 328/5374/5292 1885/5383/5301
f 1885/5383/5301 328/5374/5292 1886/5384/5302
f 1886/5384/5302 328/5374/5292 1887/5385/5303
f 1887/5385/5303 328/5374/5292 1888/5386/5304
f 1888/5386/5304 328/5374/5292 977/5387/5305
f 977/5387/5305 328/5374/5292 978/5388/5306
f 978/5388/5306 328/5374/5292 1065/5389/5307
f 978/5388/5306 1065/5389/5307 1933/5390/5308
f 1933/5390/5308 1065/5389/5307 1934/5391/5309
f 1934/5391/5309 1065/5389/5307 1935/5392/5310
f 1935/5392/5310 1065/5389/5307 1936/5393/5311
f 1936/5393/5311 1065/5389/5307 1937/5394/5312
f 1937/5394/5312 1065/5389/5307 1938/5395/5313
f 1938/5395/5313 1065/5389/5307 1939/5396/5314
f 1939/5396/5314 1065/5389/5307 1940/5397/5315
f 1940/5397/5315 1065/5389/5307 1941/5398/5316
f 1941/5398/5316 1065/5389/5307 1942/5399/5317
f 1942/5399/5317 1065/5389/5307 1943/5400/5318
f 1943/5400/5318 1065/5389/5307 583/5401/5319
f 583/5401/5319 1065/5389/5307 1820/5402/5320
f 583/5401/5319 1820/5402/5320 584/5403/5321
f 584/5403/5321 1820/5402/5320 1988/5404/5322
f 1988/5404/5322 1820/5402/5320 1989/5405/5323
f 1989/5405/5323 1820/5402/5320 1990/5406/5324
f 1990/5406/5324 1820/5402/5320 1991/5407/5325
f 1991/5407/5325 1820/5402/5320 1992/5408/5326
f 1992/5408/5326 1820/5402/5320 1993/5409/5327
f 1993/5409/5327 1820/5402/5320 1994/5410/5328
f 1994/5410/5328 1820/5402/5320 1995/5411/5329
f 1995/5411/5329 1820/5402/5320 1996/5412/5330
f 1996/5412/5330 1820/5402/5320 1997/5413/5331
f 1997/5413/5331 1820/5402/5320 1998/5414/5332
f 1998/5414/5332 1820/5402/5320 1877/5415/5333
f 1877/5415/5333 1820/5402/5320 329/5372/5290
f 1877/5415/5333 329/5372/5290 1821/5416/5334
f 1821/5416/5334 329/5372/5290 1822/5417/5335
f 1822/5417/5335 329/5372/5290 1823/5418/5336
f 1823/5418/5336 329/5372/5290 1824/5419/5337
f 1824/5419/5337 329/5372/5290 1825/5420/5338
f 1825/5420/5338 329/5372/5290 1826/5421/5339
f 1826/5421/5339 329/5372/5290 1827/5422/5340
f 1827/5422/5340 329/5372/5290 1828/5423/5341
f 1828/5423/5341 329/5372/5290 1829/5424/5342
f 1829/5424/5342 329/5372/5290 1830/5425/5343
f 1830/5425/5343 329/5372/5290 1831/5426/5344
f 1831/5426/5344 329/5372/5290 1832/5371/5289
f 570/5427/5345 569/5428/5346 11/5429/5347
f 11/5429/5347 569/5428/5346 2043/5430/5348
f 11/5429/5347 2043/5430/5348 1065/5431/5349
f 1065/5431/5349 2043/5430/5348 628/5432/5350
f 1065/5431/5349 628/5432/5350 2051/5433/5351
f 2051/5433/5351 628/5432/5350 2050/5434/5352
f 2050/5434/5352 628/5432/5350 570/5427/5345
f 2050/5434/5352 570/5427/5345 11/5429/5347
f 11/5429/5347 10/5435/5353 2050/5434/5352
f 2050/5434/5352 10/5435/5353 2049/5436/5354
f 2049/5436/5354 10/5435/5353 2046/5437/5355
f 2049/5436/5354 2046/5437/5355 2048/5438/5356
f 2048/5438/5356 2046/5437/5355 2047/5439/5357
f 2048/5438/5356 2047/5439/5357 1820/5440/5358
f 1820/5440/5358 2047/5439/5357 2044/5441/5359
f 1820/5440/5358 2044/5441/5359 10/5435/5353
f 10/5435/5353 2044/5441/5359 2045/5442/5360
f 10/5435/5353 2045/5442/5360 2046/5437/5355
f 2048/5438/5356 1820/5440/5358 2051/5433/5351
f 2051/5433/5351 1820/5440/5358 1065/5431/5349
f 2049/5443/5361 2048/5444/5362 575/5445/5363
f 575/5445/5363 2048/5444/5362 576/5446/5364
f 2045/5447/5365 2044/5448/5366 579/5449/5367
f 579/5449/5367 2044/5448/5366 580/5450/5368
f 572/5451/5369 573/5452/5370 569/5453/5371
f 569/5453/5371 573/5452/5370 2043/5454/5372
f 2051/5455/5373 2050/5456/5374 577/5457/5375
f 577/5457/5375 2050/5456/5374 578/5458/5376
f 2047/5459/5377 2046/5460/5378 581/5461/5379
f 581/5461/5379 2046/5460/5378 582/5462/5380
f 2050/5463/5381 2049/5464/5382 578/5465/5383
f 578/5465/5383 2049/5464/5382 575/5466/5384
f 2046/5467/5385 2045/5468/5386 582/5469/5387
f 582/5469/5387 2045/5468/5386 579/5470/5388
f 628/5471/5389 2043/5472/5390 574/5473/5391
f 574/5473/5391 2043/5472/5390 573/5474/5392
f 2048/5475/5393 2051/5476/5394 576/5477/5395
f 576/5477/5395 2051/5476/5394 577/5478/5396
f 2044/5479/5397 2047/5480/5398 580/5481/5399
f 580/5481/5399 2047/5480/5398 581/5482/5400
# 2051 vertices
# 5482 texture params
# 5400 normals
# 4634 facets

# 1 groups
